[HEADER]
Format	J&M ASCII Table
Comment	COA_09_P.00037_HAL03-noFilter_UVIR600um2-UV400um0.5_23mm
Date	02/08/2024 12:19:50
Order	Y (evenX)
TechType	UV
NumPoints	841
FirstX	304
LastX	1144
XType	nm
YType	Transmission
ZType	s
NumSubFile	61
Matrix	Z vs X
[LOGIN]
Name=JM
[INSTRUMENT]
Name=TIDAS S
Detector=MMS - ASPEN 97,5 kHz
Diodearray=256 Pixel
Serial#=39059
Calibrated=2016-03-14
Range=303.56-1144.49 [nm] (F0)

SWVersion=v3.22.6 (build 0)
[CONFIG]
ChannelName=Result
ChannelType=Normalized
[PARAMETER]
It=124.00
Aver=20
Norm=1
Range=304.0-1144.0 nm
Scan=Single
[TRIGGER]
Sweep=0
Scan=0
[DIO]
DigOut=0x0000
DigIn=0x0000
[DATA]
	00:00:00.000	00:00:23.822	00:00:47.617	00:01:11.618	00:01:35.418	00:01:59.426	00:02:23.428	00:02:47.231	00:03:11.226	00:03:35.220	00:03:59.018	00:04:23.013	00:04:47.008	00:05:10.811	00:05:34.804	00:05:58.795	00:06:22.790	00:06:46.783	00:07:10.784	00:07:34.777	00:07:58.768	00:08:22.767	00:08:46.759	00:09:10.752	00:09:34.748	00:09:58.748	00:10:22.746	00:10:46.546	00:11:10.543	00:11:34.542	00:11:58.542	00:12:22.529	00:12:46.532	00:13:10.530	00:13:34.521	00:13:58.514	00:14:22.512	00:14:46.509	00:15:10.510	00:15:34.505	00:15:58.495	00:16:22.493	00:16:46.294	00:17:10.287	00:17:34.089	00:17:58.084	00:18:22.078	00:18:46.075	00:19:10.073	00:19:34.069	00:19:57.872	00:20:21.866	00:20:45.864	00:21:09.854	00:21:33.850	00:21:57.857	00:22:21.856	00:22:45.852	00:23:09.845	00:23:33.842	00:23:57.836
304	28.662453	28.608858	29.466618	29.190233	30.529272	29.382006	29.184229	29.347511	29.690584	29.855017	28.787561	28.477806	29.013855	29.63102	29.255749	28.134701	29.13661	29.664391	29.447546	30.179047	28.537373	28.075134	29.744179	29.538103	29.930035	28.222816	29.908579	29.005558	28.807779	28.729141	30.404192	28.820879	29.619099	28.979364	29.722782	27.971449	28.253838	28.386068	27.958351	27.014833	27.515184	27.435398	27.864292	27.330566	27.310318	28.215664	29.209307	26.703897	26.164228	27.179232	28.621956	27.673641	28.101358	26.942141	28.848278	27.39608	27.03985	26.849258	28.120428	27.66169	28.201422
305	28.419382	28.693649	29.247335	28.794374	29.796017	28.746601	28.550301	29.307716	29.529179	29.841215	28.603104	28.265879	27.994219	29.55937	29.008261	28.044388	29.068644	29.443636	28.960487	29.775831	28.235689	28.074577	29.25491	29.705265	28.963093	27.209068	29.566946	28.640873	28.444571	28.187916	29.612324	28.487343	29.071247	28.55533	29.858795	27.287029	27.984035	27.966452	27.24423	26.635164	27.369967	27.558691	27.835533	27.216465	27.374968	27.410339	29.081223	26.74332	25.880203	26.947201	28.736418	27.437925	28.160149	26.622585	28.127563	27.430349	27.166086	26.768509	28.446966	26.949804	27.812922
306	28.179893	28.777145	29.031281	28.404388	29.073616	28.120581	27.925726	29.268499	29.370148	29.827579	28.421364	28.057077	26.989639	29.488743	28.764421	27.955427	29.001638	29.226133	28.480616	29.37859	27.938482	28.074022	28.772863	29.869974	28.010458	26.210287	29.230356	28.28154	28.08672	27.654675	28.832176	28.158724	28.531452	28.137556	29.992788	26.612686	27.71821	27.553028	26.540678	26.261124	27.226887	27.680126	27.807194	27.10404	27.438684	26.616907	28.955021	26.782148	25.600397	26.718586	28.849152	27.205688	28.218067	26.307741	27.417458	27.464104	27.290419	26.688974	28.768703	26.248402	27.430183
307	27.987103	28.789627	28.826666	28.079935	28.434797	27.562336	27.417788	29.226789	29.165077	29.7138	28.29439	27.935389	26.182243	29.379501	28.560528	27.902493	28.878349	28.971184	28.059376	29.045233	27.733303	28.030563	28.226763	29.854208	27.244484	25.443768	28.886574	27.962429	27.764454	27.153986	28.156322	27.844891	28.104609	27.710966	30.103365	26.056511	27.436575	27.199251	25.93078	25.976013	27.081743	27.760342	27.752087	27.07118	27.465387	25.971901	28.723803	26.848503	25.410839	26.520655	28.903023	26.993021	28.245047	25.998911	26.782681	27.514734	27.351963	26.646385	28.897137	25.639969	27.151649
308	28.06176	28.367699	28.672291	28.125858	28.246763	27.365494	27.575779	29.165503	28.657856	28.974585	28.490934	28.33614	26.50592	29.022905	28.581598	28.065374	28.397909	28.462008	27.956633	29.071194	28.072638	27.719721	27.235054	28.730444	27.549183	26.02717	28.465622	27.858707	27.62903	26.804596	28.054556	27.591557	28.328911	27.189068	30.080627	26.171085	27.030659	27.176905	25.83625	26.208529	26.909754	27.595171	27.527517	27.522558	27.267569	26.1747	27.826162	27.089825	25.756403	26.491457	28.60099	26.879513	28.08477	25.697268	26.548323	27.673704	27.034273	26.826292	27.852789	25.542473	27.485115
309	28.137991	27.937153	28.514788	28.172735	28.054943	27.164688	27.737013	29.10302	28.140285	28.220341	28.691473	28.745058	26.836189	28.659025	28.603146	28.2316	27.907721	27.942436	27.851814	29.097736	28.418884	27.402565	26.223118	27.583811	27.860085	26.622496	28.036079	27.75292	27.490892	26.448101	27.950737	27.333075	28.557804	26.656515	30.057451	26.287989	26.616488	27.154123	25.739817	26.445808	26.734278	27.426687	27.298359	27.983189	27.065765	26.38163	26.91024	27.336094	26.109037	26.461687	28.29282	26.763741	27.921274	25.389463	26.309181	27.835936	26.710129	27.009859	26.787197	25.443045	27.825371
310	28.215759	27.497768	28.35404	28.220549	27.859146	26.959717	27.901598	29.039246	27.612078	27.450525	28.896179	29.16243	27.173265	28.287645	28.625111	28.401283	27.407402	27.412191	27.744835	29.124796	28.772264	27.078842	25.190357	26.413521	28.177425	27.230055	27.597713	27.644924	27.349884	26.084263	27.84478	27.069267	28.791418	26.113022	30.033831	26.407331	26.193813	27.130875	25.641397	26.687946	26.555187	27.254728	27.064478	28.453281	26.859776	26.592821	25.975445	27.587404	26.468939	26.431305	27.978271	26.645554	27.754414	25.075317	26.065107	28.001541	26.379272	27.197239	25.699615	25.341568	28.172636
311	27.81378	27.218544	28.117603	28.349083	27.312258	26.770037	27.616081	28.587481	27.751774	27.399052	28.258175	28.659824	26.763851	28.323597	28.315365	28.03907	27.195131	27.195131	27.569225	28.942276	28.693571	27.124865	25.050455	26.42762	28.043186	26.81278	27.82826	27.112484	26.914724	26.304337	27.873045	26.946428	28.1073	25.972956	29.331551	25.964695	26.302263	26.663977	25.700838	26.034964	26.395977	27.681503	27.583673	27.858597	26.797598	26.597824	25.416285	27.214428	26.599895	26.398018	27.718025	26.827229	27.135866	24.923023	25.590601	27.33363	26.349089	26.763851	25.346014	25.222698	27.941242
312	27.323717	26.971546	27.868429	28.492031	26.702551	26.584551	27.247261	28.065317	28.016993	27.483868	27.464951	27.986427	26.215893	28.436407	27.944857	27.578663	27.038786	27.038786	27.381775	28.72131	28.533606	27.240541	25.080547	26.665842	27.824423	26.204277	28.183895	26.50326	26.426802	26.633453	27.926517	26.851112	27.254013	25.910191	28.505505	25.418669	26.510557	26.116234	25.789759	25.216917	26.241562	28.218746	28.241983	27.066338	26.763069	26.563778	24.931984	26.725784	26.686646	26.364458	27.469816	27.064484	26.435986	24.802397	25.07568	26.512411	26.376045	26.215893	25.133738	25.101349	27.601868
313	26.835987	26.725733	27.620459	28.634293	26.095778	26.399925	26.880249	27.545643	28.280935	27.568304	26.675522	27.316311	25.670549	28.548676	27.576164	27.120443	26.883224	26.883224	27.195257	28.501406	28.374439	27.355688	25.110525	26.902914	27.606684	25.598707	28.537813	25.896969	25.941233	26.960981	27.979729	26.756224	26.404869	25.847727	27.683439	24.875246	26.717848	25.571159	25.878248	24.402779	26.087921	28.753399	28.897085	26.277872	26.728678	26.529867	24.450018	26.239494	26.772972	26.331026	27.222807	27.300564	25.739479	24.682352	24.563211	25.695154	26.402899	25.670549	24.922483	24.980583	27.264156
314	26.611477	26.497036	27.261002	28.552094	25.783405	26.444	27.021494	27.356419	28.074022	27.44216	26.476679	26.82929	25.304001	28.256521	27.308723	27.154961	26.646793	26.712206	26.928715	28.041319	28.154425	27.43952	25.528912	26.763906	27.40815	25.237284	28.519386	25.699028	25.896513	27.141275	27.496498	26.547369	25.949547	25.963263	26.931355	24.459604	26.515997	25.253605	25.604912	24.239122	25.62257	28.539743	28.951096	25.997272	26.351189	26.29952	24.045553	26.047668	26.417908	26.29685	26.977774	27.014425	25.418442	24.606754	24.324833	25.28631	26.167389	25.124146	24.625748	24.7742	26.781595
315	26.607319	26.281324	26.805405	28.280375	25.717146	26.681021	27.591839	27.444441	27.469189	27.137903	26.774178	26.493546	25.085772	27.621878	27.12492	27.604792	26.340857	26.527142	26.593182	27.376062	27.881865	27.497494	26.27722	26.307261	27.224556	25.079294	28.187216	25.843901	26.22298	27.198622	26.558369	26.241222	25.823256	26.229456	26.233561	24.149046	25.968283	25.125843	25.025051	24.62244	24.891823	27.694393	28.499069	26.142773	25.682364	25.902245	23.703928	26.102701	25.688839	26.261866	26.732889	26.286617	25.411764	24.568199	24.315874	25.219002	25.709482	24.57349	24.255127	24.494499	26.17403
316	26.603159	26.064688	26.347864	28.00749	25.650587	26.919027	28.164555	27.53282	26.861778	26.832315	27.072895	26.156336	24.866632	26.984537	26.940355	28.056543	26.033609	26.341312	26.256184	26.707941	27.608105	27.555731	27.028687	25.848665	27.040173	24.920622	27.853622	25.989401	26.550785	27.256224	25.616249	25.933764	25.696445	26.496761	25.532766	23.837128	25.418203	24.997555	24.442722	25.007366	24.15793	26.845446	28.045118	26.288906	25.010658	25.503305	23.360842	26.157984	24.956636	26.226721	26.486984	25.555679	25.405073	24.529434	24.306862	25.15139	25.24962	24.020458	23.882952	24.213568	25.563875
317	26.47748	25.947575	26.069355	27.67494	25.655561	27.115709	28.458551	27.555994	26.37318	26.514116	27.425259	25.881582	24.684153	26.443649	26.750368	28.317616	26.016457	26.12965	26.003393	26.261631	27.297752	27.614645	27.58532	25.460451	26.864809	24.791285	27.504679	26.037195	26.765045	27.300617	24.993704	25.6527	25.589571	26.621246	25.247467	23.601164	25.049492	24.759066	24.05162	25.326887	23.689142	26.151636	27.560469	26.483175	24.623888	25.131777	23.21953	26.048983	24.428776	25.997669	26.148775	25.071482	25.250664	24.447901	24.409653	25.193293	24.927713	23.667154	23.579145	23.978291	25.1273
318	25.977671	26.141592	26.352215	27.164724	25.882065	27.179701	27.881632	27.376465	26.263853	26.163841	27.93606	25.806505	24.61948	26.21386	26.547861	27.981646	26.899069	25.84264	26.017126	26.512844	26.880747	27.674299	27.525383	25.299135	26.721233	24.755627	27.115822	25.780964	26.622337	27.303108	25.375811	25.459734	25.546976	26.300018	26.256609	23.605795	25.251316	24.184319	24.262114	25.436398	24.052608	25.954336	26.991325	26.822361	25.129053	24.853437	23.706955	25.433079	24.546093	25.172434	25.532003	25.36301	24.641699	24.235456	24.856758	25.573631	25.040691	23.940912	23.494099	23.889774	25.238546
319	25.486502	26.332268	26.630199	26.66333	26.104694	27.242617	27.314653	27.199999	26.15641	25.819599	28.438061	25.732719	24.555891	25.988037	26.348846	27.651432	27.766478	25.560574	26.030624	26.759729	26.470894	27.732956	27.466478	25.140566	26.580132	24.720585	26.733662	25.529119	26.482088	27.305525	25.751305	25.270092	25.505117	25.984293	27.248394	23.610376	25.449661	23.619474	24.468981	25.544024	24.409813	25.760433	26.432016	27.155706	25.625519	24.579893	24.185951	24.827757	24.661417	24.361418	24.925831	25.649521	24.043196	24.026674	25.29616	25.947453	25.151756	24.209953	23.410517	23.802782	25.347878
320	25.00374	26.519701	26.903454	26.170517	26.323505	27.304443	26.757345	27.026594	26.050817	25.481256	28.931469	25.660181	24.493404	25.76605	26.153246	27.326906	28.619078	25.283373	26.043934	27.002409	26.068085	27.790598	27.408594	24.984749	26.441483	24.686155	26.358044	25.28162	26.344246	27.307915	26.120428	25.083706	25.463985	25.674006	28.223219	23.614893	25.644632	23.064295	24.672327	25.649824	24.76096	25.569857	25.882248	27.483398	26.113543	24.311068	24.656811	24.232821	24.774757	23.564274	24.330057	25.93115	23.45496	23.821444	25.728071	26.314873	25.26091	24.474413	23.328377	23.717293	25.455353
321	24.773382	26.617104	27.064074	26.44894	26.700289	26.702467	26.450256	27.050343	26.072294	26.126766	28.030602	25.764742	24.730461	25.611595	26.644117	27.232235	28.294813	25.23411	25.932905	26.994587	25.988659	27.247276	26.605106	25.442568	25.933769	25.149134	26.114767	25.540796	26.003256	26.981306	26.170105	25.261539	25.513367	26.07143	28.405458	23.794466	25.54166	23.625856	24.730907	25.959917	24.689331	25.91786	25.514231	27.372101	26.281647	24.534868	24.842449	24.688017	24.410494	24.059126	25.008881	25.305328	23.375793	23.85067	25.332788	25.835958	25.289865	24.423775	23.640482	23.752859	24.844179
322	24.55563	26.71018	27.219898	26.779449	27.092207	26.050648	26.154509	27.086794	26.102036	26.842741	27.029997	25.881811	24.989557	25.459215	27.184708	27.150627	27.892471	25.19845	25.812572	26.971003	25.928333	26.658789	25.743843	25.945103	25.395927	25.649687	25.876404	25.83526	25.644821	26.62958	26.200489	25.464624	25.569057	26.518654	28.540642	23.987488	25.418646	24.265081	24.781263	26.287069	24.590281	26.304382	25.152441	27.231798	26.432102	24.792624	25.012848	25.215191	24.01132	24.64164	25.77684	24.614082	23.327387	23.894987	24.880285	25.297445	25.314213	24.352716	23.981539	23.796505	24.179585
323	24.334885	26.804585	27.377859	27.114538	27.489519	25.389809	25.854721	27.123734	26.132175	27.568647	26.015615	26.000515	25.252247	25.304779	27.732807	27.067905	27.484554	25.162285	25.690594	26.947079	25.86722	26.062214	24.870699	26.454628	24.850698	26.157141	25.634762	26.133812	25.281477	26.273037	26.23131	25.670532	25.625566	26.972073	28.677706	24.183193	25.293945	24.913124	24.8323	26.618757	24.489878	26.696253	24.7857	27.089602	26.584625	25.053955	25.185585	25.749689	23.606649	25.232246	26.555422	23.913305	23.278299	23.939903	24.421551	24.751535	25.338913	24.280722	24.327351	23.84074	23.505823
324	24.890091	27.07308	27.340429	27.085873	27.59499	25.33885	25.873434	27.120853	26.363499	27.773174	25.793901	26.455736	25.593409	25.590187	27.757311	27.022202	27.260866	24.937986	25.736645	26.999928	26.258436	26.124805	24.651546	26.398569	24.864744	26.369879	25.962513	26.252144	25.529739	26.096233	26.443031	25.778008	25.717556	27.139967	27.916531	24.298338	25.132067	25.357965	24.718409	26.802624	24.419264	26.366779	24.979259	26.812229	26.85672	25.24342	25.151152	25.727161	23.871885	25.214821	26.519495	23.897383	23.655499	23.98333	24.603743	24.708805	24.925312	24.47014	24.629269	24.533691	23.789099
325	25.865259	27.432266	27.194754	26.854668	27.53487	25.62998	26.069721	27.095839	26.701523	27.68144	26.020638	27.087807	25.970062	26.114433	27.48867	26.998352	27.145668	24.614094	25.875494	27.094381	26.892836	26.554207	24.803205	26.027924	25.190948	26.412722	26.600405	26.266867	26.113718	26.024267	26.750637	25.827837	25.827122	27.144211	26.672131	24.365633	24.953436	25.678349	24.51515	26.89941	24.367121	25.642384	25.481207	26.466211	27.188925	25.388092	25.001835	25.393953	24.504917	24.858181	26.029385	24.264519	24.261602	24.024834	25.139633	24.948349	24.276924	24.801033	24.899235	25.572119	24.600203
326	26.817667	27.783035	27.052498	26.628853	27.476114	25.914305	26.261389	27.071371	27.031681	27.59181	26.242044	27.70512	26.337893	26.62644	27.22629	26.975023	27.033121	24.297752	26.011124	27.186596	27.512424	26.973585	24.951347	25.66592	25.509565	26.454588	27.223408	26.281267	26.684067	25.95397	27.051056	25.876526	25.93412	27.148346	25.456758	24.431381	24.778996	25.99128	24.316628	26.9939	24.316158	24.934855	25.971434	26.12826	27.513393	25.529411	24.85597	25.068512	25.123199	24.509825	25.550695	24.62311	24.853559	24.065363	25.663012	25.182299	23.643688	25.124199	25.16292	26.586277	25.392372
327	27.214325	27.78672	26.795561	26.279758	27.389002	26.179552	26.281389	26.861849	27.091465	27.494102	26.281389	27.940351	26.355747	26.921707	26.861849	26.795561	27.009016	24.185879	25.927284	27.03327	27.749542	27.188501	25.071939	25.278875	25.652426	26.328262	27.44397	26.224821	26.929771	26.008162	27.101189	25.765593	25.909498	26.821411	24.612736	24.305504	24.603041	26.012997	24.155163	26.842461	24.163227	24.470459	26.26363	25.891708	27.471453	25.479408	24.543184	24.968498	25.248161	24.037109	25.029902	24.784155	25.068707	24.011227	25.851271	25.067076	23.288492	25.096189	25.193224	26.965347	25.668556
328	26.55485	27.123632	26.310858	25.683552	27.244818	26.415989	25.972065	26.290638	26.633566	27.377951	25.972065	27.448425	25.701693	26.809172	26.290638	26.310858	27.154154	24.463596	25.419369	26.40358	27.25882	27.016884	25.143236	24.832449	25.461838	25.87521	26.897779	26.030592	26.558987	26.303047	26.671928	25.344759	25.63122	25.848827	24.457405	23.807823	24.419075	25.47584	24.060089	26.214005	23.809906	24.459461	26.183945	25.843069	26.724232	25.060383	23.900572	25.298647	24.42894	23.311567	24.412884	24.570347	24.56621	23.77363	25.401228	24.277697	23.457111	24.392662	24.776005	26.135286	24.961445
329	25.903601	26.468817	25.832191	25.094805	27.102423	26.649439	25.666601	25.726599	26.181421	27.263239	25.666601	26.96262	25.055794	26.698023	25.726599	25.832191	27.297449	24.737783	24.917774	25.781796	26.774206	26.847425	25.213591	24.391569	25.273615	25.427792	26.358423	25.8388	26.192804	26.594213	26.248001	24.929186	25.356411	24.888393	24.304005	23.316338	24.237394	24.9454	23.966187	25.593409	23.460968	24.448576	26.105209	25.794992	25.986395	24.646564	23.26597	25.62463	23.619944	22.595135	23.803587	24.3592	24.069967	23.538961	24.956785	23.498167	23.623566	23.697966	24.363972	25.315588	24.263182
330	25.280323	25.839161	25.384775	24.545177	26.959547	26.850584	25.357639	25.203896	25.731113	27.141285	25.378433	26.484367	24.452467	26.588789	25.186729	25.35944	27.426586	24.98057	24.433502	25.197584	26.29446	26.693211	25.304716	23.979088	25.082308	24.994139	25.840075	25.661907	25.840961	26.862324	25.852728	24.522558	25.084108	23.986313	24.172621	22.854189	24.050091	24.439816	23.884605	25.001366	23.126837	24.428961	26.003759	25.750076	25.2749	24.261675	22.673365	25.931845	22.840622	21.92371	23.234001	24.135548	23.600218	23.298635	24.529812	22.758821	23.785582	23.036869	23.964634	24.54335	23.587564
331	25.262436	25.729713	25.70048	24.95639	26.750702	26.168575	24.836079	25.717604	25.176426	26.76236	25.498808	26.058769	24.892912	26.496786	25.170145	24.893728	27.183283	24.380516	24.287832	25.515902	25.787756	26.93483	26.040405	24.258598	24.73213	24.812731	25.758522	25.86208	25.787336	26.54314	26.1619	24.236042	24.789751	24.489113	24.64488	23.093559	23.630568	24.489506	24.137499	25.043217	23.111103	24.143751	25.193972	25.781504	25.089571	24.593061	23.11071	25.793192	22.661371	22.343582	23.635582	23.463533	23.745417	22.805847	24.466553	22.943676	23.872345	23.134058	23.797602	24.898741	23.342012
332	25.245073	25.623285	26.007526	25.356283	26.547586	25.505356	24.328913	26.217175	24.637022	26.393879	25.615845	25.644896	25.321203	26.407349	25.154055	24.440817	26.946714	23.796991	24.146179	25.825489	25.294987	27.169804	26.755816	24.53042	24.3916	24.636299	25.679224	26.056746	25.735193	26.232756	26.462593	23.95742	24.503508	24.978043	25.104115	23.326344	23.222603	24.537836	24.383434	25.083923	23.09581	23.866402	24.40646	25.812044	24.909328	24.915356	23.536018	25.658339	22.487036	22.751926	24.026136	22.810005	23.886595	22.326607	24.405045	23.123419	23.956726	23.228601	23.635145	25.244352	23.103228
333	25.228155	25.519749	26.306206	25.745317	26.350016	24.860147	23.835495	26.703146	24.112268	26.035404	25.729729	25.242266	25.737894	26.320345	25.138372	24.000212	26.716541	23.229319	24.008375	26.126667	24.815626	27.398392	27.451818	24.794859	24.060322	24.464687	25.602108	26.246122	25.684467	25.930801	26.755091	23.686369	24.225012	25.453695	25.550901	23.552805	22.825693	24.584854	24.622717	25.123524	23.080931	23.596586	23.640369	25.841757	24.734009	25.228897	23.949772	25.527149	22.317463	23.149153	24.406055	22.174253	24.023966	21.860413	24.345232	23.298307	24.038815	23.320581	23.477131	25.580574	22.870955
334	25.124321	25.527134	26.238998	25.589455	26.15027	24.611332	23.830214	26.56568	24.096472	25.83429	25.617781	25.347733	25.784565	26.345381	25.406286	24.280886	26.134535	23.443136	24.076973	26.08102	24.767441	27.284475	27.227846	24.983946	23.901363	24.442656	25.71344	26.364882	25.68511	25.335815	26.39007	23.604906	24.254452	25.459805	25.841194	23.253714	22.971096	24.932325	24.747913	25.308731	23.052916	23.321045	23.77862	25.374842	24.377193	25.271601	23.795006	25.546635	22.839525	23.054787	24.10216	22.31963	24.243753	21.565624	24.256348	23.377674	23.990116	23.397203	23.700565	25.33392	23.059822
335	24.990206	25.574648	26.03993	25.237932	25.952122	24.509222	24.002003	26.20376	24.265432	25.692633	25.425291	25.6362	25.696569	26.410759	25.773796	24.819704	25.431961	23.937746	24.219559	25.910187	24.876137	27.047724	26.672983	25.143476	23.806795	24.475136	25.891777	26.456633	25.704395	24.641727	25.790998	23.59318	24.395178	25.29557	26.07131	22.767654	23.31134	25.384533	24.83029	25.544476	23.020473	23.046732	24.243086	24.733448	23.958889	25.215588	23.435995	25.620523	23.606121	22.783331	23.553951	22.746485	24.490839	21.336517	24.158009	23.421473	23.894606	23.467346	24.059641	24.87887	23.399151
336	24.858898	25.621155	25.845039	24.893764	25.758154	24.409271	24.170166	25.849468	24.430828	25.553942	25.236856	25.918564	25.61039	26.474751	26.133568	25.347181	24.74412	24.421919	24.359159	25.742933	24.982559	26.81596	26.129801	25.299644	23.71423	24.506924	26.066355	26.546419	25.723261	23.962189	25.204536	23.581657	24.532934	25.134777	26.296551	22.2918	23.644444	25.827248	24.910892	25.77528	22.988724	22.778173	24.697798	24.105526	23.549337	25.160763	23.084492	25.692822	24.356586	22.51754	23.017279	23.164352	24.732691	21.112209	24.06175	23.464334	23.801117	23.536001	24.411154	24.433372	23.731304
337	24.69495	25.608936	25.662064	24.652756	25.652678	24.27623	24.201229	25.630804	24.426231	25.305891	25.093344	26.169813	25.501129	26.304239	26.219851	25.455866	24.429325	24.554337	24.493391	25.66361	24.974628	26.388628	25.583994	25.373024	23.730955	24.557457	25.982391	26.182402	25.585518	23.688761	24.627815	23.623148	24.512167	24.963694	26.130819	22.251343	23.705963	25.907391	24.582525	25.658998	22.660778	22.743515	24.67001	23.926218	23.420042	24.95121	22.804485	25.410578	24.54188	22.234219	22.840387	23.309114	24.649687	21.110834	23.976254	23.493469	23.685665	23.480986	24.326292	24.049707	23.912188
338	24.486591	25.518427	25.493877	24.547607	25.664387	24.0984	24.049953	25.591391	24.195292	24.910658	25.008795	26.381021	25.360489	25.820404	25.942493	25.007523	24.609276	24.219164	24.621223	25.700882	24.814386	25.698343	25.031424	25.33659	23.893286	24.6332	25.553652	25.211987	25.238428	23.95433	24.060633	23.735376	24.280209	24.777891	25.443539	22.790377	23.406284	25.505205	23.707666	25.079895	21.936543	23.020012	23.999588	24.343145	23.663031	24.534389	22.61795	24.654558	23.975689	21.925861	23.141449	23.091085	24.1336	21.4062	23.904613	23.504446	23.540321	23.260971	23.659843	23.746056	23.892637
339	24.282988	25.430002	25.329554	24.444883	25.675846	23.924625	23.902126	25.552925	23.969622	24.524475	24.926195	26.587421	25.223082	25.347672	25.671465	24.569473	24.785154	23.891672	24.746181	25.737322	24.657825	25.023874	24.491522	25.301033	24.051956	24.707205	25.134727	24.263769	24.899288	24.213852	23.506405	23.845036	24.05357	24.596354	24.771959	23.317114	23.113474	25.11223	22.852793	24.514019	21.228876	23.290209	23.344532	24.750563	23.900486	24.127138	22.435699	23.915836	23.422457	21.624573	23.435654	22.878033	23.629351	21.694836	23.834631	23.515219	23.398319	23.045979	23.008669	23.449364	23.873581
340	24.152145	25.362698	25.208134	24.378256	25.706068	23.783073	23.777374	25.505814	23.797358	24.249424	24.807655	26.782036	25.10516	24.99917	25.422848	24.218019	24.94206	23.61425	24.841923	25.769075	24.578506	24.489817	24.069155	25.216871	24.198011	24.753231	24.801754	23.462524	24.595831	24.461248	23.081875	23.963318	23.891745	24.42412	24.163746	23.77165	22.895906	24.781775	22.169029	24.040611	20.683794	23.548378	22.832922	25.11372	24.080753	23.81164	22.283577	23.296564	22.956057	21.470669	23.720087	22.741343	23.207872	21.99732	23.823061	23.522673	23.233755	22.90733	22.526655	23.259283	23.840361
341	24.547596	25.444054	25.39061	24.572634	25.881401	23.862345	23.807278	25.387291	24.000065	24.767117	24.402412	26.917225	25.11602	25.530825	25.305513	24.464146	24.979975	23.671207	24.73292	25.770416	25.066746	24.929874	24.465794	24.756308	24.271336	24.596024	25.064247	23.645321	24.51507	24.654436	23.566837	24.163645	24.192028	24.296396	23.940828	23.752186	23.210472	24.871462	22.667084	24.190355	21.277338	23.754658	23.321455	25.198647	23.859026	24.137785	22.334906	23.481741	23.071903	22.399136	23.973354	23.157026	23.344845	22.448387	24.247944	23.506779	22.875797	23.320631	23.242149	23.840628	23.696243
342	24.931856	25.523079	25.567919	24.761507	26.051769	23.939371	23.836306	25.27211	24.197035	25.27014	24.008598	27.048584	25.126568	26.047462	25.191462	24.703306	25.016808	23.726547	24.626966	25.771687	25.541168	25.357481	24.85121	24.308739	24.342577	24.443279	25.319311	23.822945	24.436586	24.842154	24.038107	24.358303	24.483812	24.172253	23.724209	23.73324	23.516109	24.958582	23.151049	24.335884	21.854118	23.955097	23.796192	25.281139	23.643564	24.454699	22.384777	23.661652	23.184494	23.30134	24.219456	23.560949	23.477964	22.886717	24.66083	23.491327	22.527958	23.72224	23.937403	24.405529	23.556223
343	25.305393	25.599941	25.740301	24.945133	26.217403	24.014267	23.864567	25.16016	24.388531	25.759178	23.625809	27.176273	25.136841	26.549688	25.080639	24.935814	25.052658	23.780386	24.524012	25.772963	26.00238	25.773182	25.225872	23.873667	24.411852	24.294788	25.567278	23.995607	24.360332	25.024656	24.49625	24.54755	24.767454	24.05159	23.513624	23.714842	23.813244	25.043314	23.621563	24.477371	22.41481	24.149967	24.257711	25.361378	23.434103	24.762794	22.433277	23.836563	23.29394	24.178406	24.45871	23.953625	23.607367	23.312819	25.062195	23.476303	22.189835	24.112644	24.613289	24.954695	23.420101
344	25.014338	25.383266	25.463692	24.851482	25.819555	23.948784	23.868361	24.779123	24.493608	25.503889	23.478327	26.302094	24.58815	26.154289	24.872587	24.98517	24.738922	23.694448	24.361931	25.654661	25.68182	25.52301	25.031424	23.904539	24.149855	24.203094	25.287767	24.006092	24.128725	24.929895	24.344847	24.230253	24.541897	24.063377	23.457224	23.63513	23.677387	24.567022	23.157688	24.266434	22.59269	23.72364	24.20513	24.957054	23.111433	24.541897	22.437922	23.791958	23.071211	23.956848	24.419216	23.662312	23.384863	23.206932	24.798218	23.342628	22.238861	23.72364	24.558958	24.834398	23.130529
345	24.575958	25.103361	25.089201	24.695768	25.299936	23.852264	23.866425	24.343987	24.57655	25.082123	23.388296	25.214958	23.921928	25.559967	24.646496	24.991222	24.351067	23.578075	24.189606	25.511261	25.187489	25.124342	24.709644	24.042328	23.816843	24.126455	24.892344	23.97887	23.86614	24.773102	24.055897	23.802685	24.203482	24.105499	23.437592	23.542959	23.444389	23.971226	22.487825	23.978563	22.678453	23.162811	24.034966	24.449331	22.769379	24.203482	22.432322	23.697601	22.776457	23.486277	24.316235	23.219189	23.085787	22.980421	24.386181	23.184357	22.376253	23.162811	24.337191	24.562082	22.811596
346	24.149481	24.831093	24.724924	24.544313	24.794477	23.758373	23.864565	23.920662	24.657209	24.671827	23.300713	24.157372	23.273827	24.981791	24.426531	24.997108	23.973759	23.464867	24.021967	25.371759	24.706606	24.736517	24.396641	24.17639	23.492916	24.051878	24.507675	23.952412	23.610699	24.620594	23.77483	23.386723	23.874294	24.146479	23.418497	23.453274	23.21773	23.391611	21.836185	23.698549	22.761908	22.617262	23.869429	23.955439	22.436651	23.874294	22.426899	23.605812	22.489748	23.028528	24.21603	22.78812	22.794846	22.760069	23.985352	23.030392	22.509905	22.617262	24.121431	24.297176	22.501341
347	23.905777	24.851414	24.610264	24.42178	24.678148	23.792952	23.864422	23.894791	24.387505	24.580172	23.510696	23.796812	23.050972	24.760908	24.553988	25.039598	23.936169	23.469017	23.973663	25.193829	24.591503	24.610264	24.365526	24.105272	23.404995	23.890606	24.191917	23.962353	23.566971	24.395273	23.842077	23.333523	23.80426	24.131779	23.536903	23.582146	23.111132	23.224258	21.698921	23.732813	22.843729	22.550188	23.653294	23.849525	22.54274	23.781639	22.670763	23.619661	22.437038	22.911613	24.018629	22.685637	22.817545	22.681774	23.755135	23.073591	22.787476	22.595451	23.901917	24.007318	22.561499
348	23.839336	25.1569	24.738419	24.327007	24.940578	23.952805	23.865931	24.256021	23.775557	24.798698	24.011288	24.114164	23.241699	24.887367	25.020336	25.117916	24.22945	23.587511	24.041473	24.977856	24.832384	24.738419	24.60895	23.834042	23.546713	23.644291	23.942213	24.007788	23.729368	24.098276	24.24893	23.633585	23.986513	24.062794	23.789648	23.924416	23.121117	23.458042	22.06238	24.073387	22.924253	22.949074	23.387171	24.121279	23.076725	23.919119	23.158302	23.73646	22.612148	23.126413	23.725868	22.902977	23.145916	22.741619	23.690388	23.309071	23.206196	23.083839	23.677977	23.692183	22.982759
349	23.774351	25.455585	24.863722	24.234367	25.197145	24.109123	23.867428	24.609238	23.177204	25.012341	24.500742	24.424454	23.428162	25.011036	25.476334	25.194492	24.516205	23.703369	24.107775	24.766687	25.067924	24.863722	24.846977	23.568844	23.685274	23.403458	23.698065	24.052212	23.888176	23.807888	24.646729	23.92697	24.164686	23.995323	24.036793	24.259068	23.130903	23.686602	22.417753	24.406382	23.002985	23.339085	23.126945	24.386961	23.598852	24.053537	23.635015	23.850662	22.783384	23.336433	23.439623	23.115482	23.466957	22.800131	23.62706	23.539288	23.615597	23.561359	23.459044	23.384062	23.394625
350	23.708197	25.672678	24.945095	24.218889	25.377518	24.201038	23.816643	24.897045	22.879076	25.159231	24.843489	24.645828	23.636833	25.115332	25.797596	25.215519	24.693878	23.813911	24.169464	24.581305	25.285547	24.945095	25.038443	23.385595	23.793306	23.252459	23.551725	24.080225	23.978643	23.509138	24.940964	24.140621	24.302622	23.922356	24.168087	24.483828	23.171459	23.874306	22.673113	24.670544	23.057486	23.65604	22.911983	24.560699	23.945692	24.087065	24.003355	23.959436	22.961432	23.481693	23.21538	23.284012	23.720543	22.802162	23.570932	23.683483	23.988277	23.951199	23.304617	23.196173	23.617561
351	23.632721	25.564093	24.848774	24.52375	25.252321	24.030832	23.54488	24.931183	23.811487	25.037712	24.597643	24.511351	23.951502	25.14579	25.578871	25.006624	24.428944	23.909525	24.215862	24.491116	25.442785	24.848774	25.048584	23.531628	23.781229	23.465549	23.802994	24.041704	23.790573	23.156134	24.823124	24.036268	24.281961	23.82168	23.825567	24.265633	23.342691	23.904068	22.528658	24.665272	23.014589	23.68948	22.871538	24.36282	23.585329	23.70273	23.944517	24.052597	23.179426	23.366835	23.234634	23.280519	23.709694	22.569107	23.540993	23.478777	24.232191	24.001274	23.408791	23.496635	23.068268
352	23.559786	25.459126	24.755661	24.818499	25.131268	23.866285	23.282141	24.964201	24.713026	24.920216	24.359964	24.381325	24.255735	25.175255	25.367435	24.804651	24.172806	24.001963	24.260738	24.403931	25.594824	24.755661	25.058424	23.672857	23.769573	23.671614	24.045952	24.004475	23.608776	22.814846	24.709183	23.935369	24.262005	23.724339	23.494438	24.05471	23.508286	23.932878	22.389008	24.660194	22.973131	23.721848	22.832451	24.171539	23.236929	23.331131	23.887646	24.142664	23.390211	23.255777	23.253267	23.277138	23.699221	22.343796	23.512062	23.280897	24.468033	24.049707	23.509552	23.787174	22.537201
353	23.489193	25.357565	24.665569	25.103642	25.014145	23.707087	23.027954	24.99613	25.585133	24.806553	24.130018	24.255543	24.550055	25.203741	25.162857	24.60927	23.924982	24.091393	24.304134	24.319572	25.741869	24.665569	25.067911	23.809446	23.758257	23.870922	24.28097	23.968422	23.432871	22.484673	24.598963	23.837767	24.242661	23.630154	23.174091	23.850649	23.668463	23.960714	22.253895	24.655285	22.933008	23.753124	22.794621	23.986458	22.899874	22.971632	23.832613	24.229801	23.594107	23.148348	23.271297	23.273851	23.689053	22.125793	23.484039	23.089449	24.696169	24.096546	23.606989	24.068226	22.023434
354	23.758455	25.303391	24.60672	25.045877	24.964043	23.566704	23.552931	24.946066	25.409126	25.065947	24.099728	24.361259	24.466995	24.88014	25.117769	24.772497	23.967999	23.884075	24.159544	24.518984	25.512934	24.822374	25.049894	24.043911	23.796316	23.967999	24.554918	24.053831	23.456972	22.812307	24.592779	23.900126	24.091692	23.786375	22.91593	23.684471	23.584682	24.197594	22.393032	24.480934	23.017811	23.922123	22.882086	23.98196	23.093744	23.035789	23.396946	24.235476	23.480852	23.149563	23.231375	23.339201	23.800335	22.167458	23.542824	22.937906	24.387068	23.776249	23.570721	23.614506	22.139538
355	24.063822	25.257359	24.55402	24.944506	24.924561	23.433567	24.163778	24.88682	25.099733	25.366173	24.096991	24.494202	24.336576	24.520666	25.095388	24.9779	24.048222	23.644329	23.994881	24.749365	25.24176	25.006723	25.028843	24.283459	23.839653	24.048222	24.824806	24.152506	23.506855	23.216326	24.600658	23.981657	23.928337	23.970608	22.674755	23.528975	23.471308	24.454287	22.563951	24.289959	23.116388	24.103735	22.983261	24.001604	23.351625	23.154108	22.92539	24.230118	23.329283	23.165159	23.185106	23.411448	23.92399	22.242222	23.611139	22.796812	24.017	23.417967	23.517904	23.078465	22.335438
356	24.357609	25.213034	24.503304	24.846958	24.886536	23.305475	24.751463	24.8298	24.802061	25.655035	24.09436	24.622091	24.2111	24.174789	25.073858	25.175491	24.125389	23.413626	23.836435	24.97101	24.980814	25.184059	25.008574	24.513924	23.881332	24.125389	25.08448	24.247427	23.554832	23.605032	24.608202	24.060085	23.771152	24.147827	22.442699	23.379349	23.362211	24.701246	22.728384	24.10622	23.211197	24.278435	23.080591	24.02051	23.599731	23.267933	22.471672	24.22497	23.183437	23.180168	23.140574	23.480961	24.042948	22.314144	23.676872	22.661049	23.66095	23.073256	23.467072	22.562685	22.523903
357	24.365145	25.036331	24.550837	24.761583	25.044044	23.367693	24.953583	24.892649	24.742834	25.677813	24.210545	24.50252	24.351006	24.190254	25.159565	25.20956	24.40563	23.355232	23.999798	25.006624	24.738186	25.17679	25.07373	24.460373	24.19334	24.077917	25.178333	24.358856	23.665817	24.054422	24.54775	24.112232	23.771963	24.141918	22.733908	23.344296	23.39892	24.554039	22.974319	24.321341	23.07275	24.302689	23.14138	24.179338	23.509811	23.377068	22.560675	24.229315	23.14138	23.227232	22.933834	23.678278	23.959312	22.548216	23.81567	22.727736	23.55813	22.971254	23.668903	22.471756	22.989885
358	24.165359	24.76593	24.6689	24.686075	25.341162	23.566929	24.874115	25.041515	24.856939	25.50774	24.411335	24.205296	24.681334	24.467127	25.321844	25.124815	24.829433	23.42227	24.394138	24.907166	24.511808	25.035969	25.199947	24.201853	24.697226	23.940845	25.150999	24.480879	23.821072	24.54224	24.43882	24.144739	23.887175	24.003523	23.400351	23.392641	23.540743	24.123297	23.276291	24.822586	22.767185	24.21773	23.174994	24.437519	23.176294	23.481506	23.041468	24.240471	23.174994	23.296911	22.612215	23.965729	23.730064	22.896809	24.005648	22.940168	23.639898	23.046211	24.051151	22.689451	23.651049
359	23.973661	24.506475	24.782187	24.613634	25.626263	23.758108	24.797873	25.184361	24.966427	25.344519	24.603983	23.920082	24.998322	24.732824	25.477558	25.043505	25.23612	23.486593	24.772554	24.811705	24.294558	24.900814	25.321037	23.953796	25.180725	23.809286	25.124784	24.597967	23.970026	25.010353	24.334286	24.175947	23.997725	23.870701	24.039852	23.43903	23.676828	23.709961	23.566051	25.303551	22.473963	24.136217	23.207245	24.685261	22.856272	23.581701	23.502823	24.251192	23.207245	23.363768	22.303574	24.241558	23.510075	23.231308	24.18796	23.144014	23.718376	23.118134	24.417944	22.898363	24.285486
360	23.833855	24.311945	24.868832	24.493399	25.659153	23.880369	24.720522	25.245146	24.930038	25.12488	24.738955	23.59795	25.15254	24.869272	25.519186	24.855867	25.431183	23.499893	24.860912	24.734333	24.121725	24.716341	25.324345	23.718195	25.375887	23.680906	24.967346	24.61869	23.98303	25.158009	24.173267	24.112944	24.107473	23.796549	24.488373	23.407288	23.741249	23.333117	23.699762	25.501177	22.265013	24.019896	23.138275	24.772062	22.608624	23.537605	23.741673	24.196304	23.17976	23.393036	22.199219	24.400389	23.332691	23.416496	24.24744	23.194014	23.649069	23.096363	24.512697	22.998732	24.540781
361	23.827591	24.282846	24.888191	24.228086	24.985439	23.819551	24.633194	25.08041	24.48004	24.726999	24.723553	23.14337	24.862545	24.654249	25.243517	24.352533	25.048239	23.370808	24.141174	24.700968	24.058472	24.376648	24.996559	23.496765	24.777163	23.549992	24.426813	24.370142	23.614702	24.417244	23.839075	23.779341	24.224642	23.8808	24.439445	23.152941	23.609726	23.025434	23.406406	24.919216	22.274588	23.795418	22.778475	24.41378	22.542618	23.083635	23.375782	23.952019	22.981794	23.319111	22.660156	24.244165	23.259377	23.198111	23.966583	22.815626	23.157917	22.809099	23.850559	22.802591	23.752161
362	23.821459	24.254313	24.907152	23.968082	24.325218	23.759956	24.547619	24.918972	24.03904	24.337055	24.708464	22.697866	24.578333	24.443527	24.973364	23.859245	24.672949	23.244305	23.435846	24.668257	23.996487	24.043768	24.675331	23.279766	24.190393	23.4217	23.897089	24.126564	23.253742	23.69129	23.511568	23.452431	24.339491	23.96339	24.3915	22.903683	23.480835	22.723906	23.118919	24.348875	22.283976	23.575434	22.425873	24.062681	22.477936	22.638727	23.017212	23.712622	22.78779	23.246668	23.111898	24.091085	23.187532	22.984097	23.691326	22.444786	22.676571	22.527582	23.201679	22.610378	22.979315
363	23.815458	24.22636	24.925751	23.713238	23.678057	23.701553	24.463749	24.760744	23.606766	23.954861	24.693687	22.261209	24.299778	24.236973	24.70857	23.375753	24.305101	23.120319	22.744474	24.636206	23.935743	23.717489	24.360456	23.067074	23.615269	23.295977	23.37788	23.887821	22.89994	22.979736	23.190556	23.132006	24.452063	24.044342	24.344519	22.65937	23.354509	22.42836	22.837135	23.789854	22.293192	23.359818	22.080263	23.718544	22.414549	22.202658	22.665749	23.477974	22.59762	23.175673	23.554716	23.94105	23.117121	22.774332	23.421551	22.081318	22.204784	22.25165	22.565638	22.421982	22.221775
364	24.072367	24.586609	24.948759	24.103979	24.273991	24.022835	24.766836	25.052994	23.973301	24.316677	24.46014	23.241297	24.530212	24.489222	24.6549	23.776829	24.6276	23.450518	23.114828	24.727522	24.154367	23.892977	24.457607	23.08489	23.989527	23.849451	23.646971	24.243216	23.416372	23.197668	23.459059	23.645296	24.718161	24.155207	24.39267	22.895266	23.500889	23.055899	23.148117	24.161215	22.389565	23.387276	22.615135	24.201368	23.055899	22.648424	22.976429	23.761442	23.08152	23.199345	23.72983	23.878428	23.531664	22.84741	23.50943	22.469051	22.794508	22.397268	22.780813	22.893589	22.583504
365	24.333984	24.954638	24.971006	24.516764	24.919153	24.353067	25.080139	25.359777	24.372166	24.707737	24.223507	24.2644	24.781401	24.758205	24.616339	24.21393	24.977818	23.793791	23.533251	24.822329	24.38036	24.091162	24.575426	23.115858	24.404903	24.419905	23.952024	24.619068	23.962933	23.462318	23.751514	24.18664	24.98193	24.263052	24.444481	23.149944	23.657385	23.71195	23.481417	24.572678	22.487013	23.428217	23.179949	24.713181	23.71195	23.128113	23.313641	24.063889	23.585085	23.227703	23.881109	23.823812	23.957487	22.934427	23.615091	22.885324	23.422754	22.562027	23.038097	23.384556	22.997169
366	24.583944	25.306267	24.99229	24.911173	25.535604	24.668617	25.379477	25.652885	24.75329	25.081369	23.99741	25.24192	25.021393	25.015221	24.579506	24.631588	25.312441	24.121799	23.933064	24.912907	24.596294	24.280548	24.688009	23.14546	24.801802	24.964956	24.243502	24.978189	24.48517	23.715206	24.030952	24.703896	25.233959	24.366089	24.493982	23.393288	23.806921	24.338772	23.799879	24.965841	22.580116	23.467361	23.719627	25.202202	24.338772	23.586445	23.635824	24.352873	24.066248	23.254814	24.025646	23.771627	24.364353	23.017567	23.716074	23.283049	24.023026	22.719458	23.283934	23.85368	23.392401
367	24.702497	25.439486	25.022667	25.00552	25.608522	24.75886	25.341713	25.779802	24.905876	25.306639	23.905077	25.619724	24.927876	25.008484	24.585705	24.85961	25.288349	24.215166	24.125601	24.999544	24.803249	24.392406	24.786102	23.258776	24.888712	24.930872	24.382328	24.857347	24.521152	23.899099	24.068134	24.835346	25.302549	24.314795	24.421524	23.589008	23.93232	24.636074	23.834547	24.897652	22.85614	23.538626	23.905077	25.234985	24.575624	23.684534	23.674454	24.468912	24.07411	23.345345	24.014769	23.714758	24.411444	23.081516	23.835655	23.525581	24.285694	22.915464	23.411768	23.921116	23.491236
368	24.745239	25.448132	25.057421	24.930807	25.377506	24.721693	25.117359	25.811344	24.927837	25.444162	23.889217	25.655264	24.651081	24.855228	24.615658	24.976902	25.065327	24.17588	24.198427	25.081951	25.000433	24.458576	24.873837	23.416018	24.801226	24.575518	24.433058	24.472437	24.285885	24.040361	23.969751	24.749193	25.267517	24.17885	24.282915	23.753714	24.041361	24.743254	23.710588	24.574518	23.22748	23.626101	23.889217	25.013294	24.590126	23.580023	23.554491	24.486076	23.818605	23.469034	23.917719	23.656586	24.257399	23.133307	23.962812	23.676165	24.354527	23.128368	23.471018	23.763605	23.422939
369	24.785915	25.456371	25.090477	24.859764	25.157774	24.686367	24.903961	25.841368	24.948746	25.575006	23.874161	25.689087	24.387766	24.709448	24.644167	25.088495	24.853195	24.138523	24.267738	25.16036	25.188028	24.521551	24.957314	23.565617	24.718016	24.237469	24.481335	24.10627	24.062088	24.174759	23.87616	24.66725	25.234207	24.049541	24.151072	23.910397	24.145109	24.845215	23.59268	24.267134	23.580751	23.709347	23.874161	24.802429	24.603951	23.480598	23.440384	24.502436	23.575562	23.586716	23.825394	23.601248	24.110872	23.182604	24.083776	23.819429	24.420019	23.330904	23.527399	23.613779	23.357983
370	24.859081	25.375038	24.992994	24.688	24.936026	24.623344	24.694197	25.741619	24.803499	25.516712	23.839279	25.519768	24.082613	24.550928	24.637215	25.037655	24.635651	24.090376	24.287558	25.063831	25.250288	24.492397	24.973017	23.651363	24.540113	23.959427	24.42923	23.894772	23.842331	24.224392	23.743755	24.504686	25.110071	23.914749	24.008722	23.913183	24.06411	24.768072	23.512741	24.017973	23.766876	23.722216	23.876284	24.586353	24.52319	23.446524	23.360237	24.387623	23.326284	23.56813	23.773075	23.515797	23.954809	23.152239	24.107298	23.809975	24.398439	23.394085	23.562038	23.535864	23.273951
371	25.000313	25.110382	24.629004	24.307384	24.702833	24.502384	24.484751	25.376915	24.318369	25.075087	23.763302	24.935184	23.682837	24.361385	24.558567	24.65765	24.399933	24.018837	24.208302	24.611368	25.061932	24.276567	24.852667	23.611303	24.165287	23.793034	24.173018	23.988035	23.623386	24.104752	23.528667	24.174103	24.798651	23.764387	23.840401	23.605751	23.60792	24.327187	23.50667	23.877851	23.622303	23.593668	23.91312	24.352568	24.24902	23.543036	23.345854	24.004469	23.05612	23.274204	23.799667	23.366768	23.774302	22.960304	23.935118	23.492287	24.200567	23.178389	23.554035	23.600317	23.14867
372	25.130886	24.865658	24.292439	23.955421	24.487202	24.39053	24.291077	25.039667	23.86978	24.666735	23.693029	24.394619	23.313169	24.186113	24.485838	24.306252	24.181969	23.952694	24.135008	24.192984	24.88776	24.076992	24.74136	23.574253	23.818689	23.639158	23.9361	24.074265	23.420914	23.994131	23.329763	23.868416	24.510681	23.625343	23.684738	23.321474	23.18609	23.919506	23.50106	23.74828	23.488613	23.4748	23.947187	24.136387	23.995495	23.632284	23.332544	23.650187	22.806286	23.002413	23.824253	23.228947	23.607388	22.782806	23.775888	23.19854	24.017597	22.978933	23.546644	23.65991	23.03282
373	25.251976	24.638681	23.980305	23.629021	24.28722	24.286791	24.111458	24.726898	23.453753	24.288012	23.627853	23.893309	22.970335	24.023563	24.418386	23.980358	23.979811	23.89135	24.067047	23.80497	24.726227	23.891901	24.638132	23.539892	23.497252	23.49646	23.716393	24.154232	23.23315	23.891539	23.145308	23.584917	24.243616	23.496393	23.540386	23.057816	22.79488	23.54142	23.495842	23.628109	23.364624	23.364571	23.978777	23.935881	23.760372	23.715038	23.320213	23.321621	22.574585	22.750336	23.847061	23.101139	23.452585	22.618206	23.628229	22.926113	23.847906	22.79397	23.539772	23.715158	22.925375
374	24.965208	24.394314	24.051901	23.664478	24.214951	24.288385	24.125275	24.561544	23.513599	24.312864	23.762379	23.786758	23.199659	24.007002	24.116987	24.039656	23.856073	23.676598	23.962101	23.717442	24.622734	23.664366	24.418793	23.631872	23.505423	23.652294	23.599169	23.92127	23.297474	23.872427	23.301594	23.599218	24.076267	23.566612	23.644117	23.26899	23.073273	23.705309	23.358553	23.848061	23.493238	23.150541	23.733681	23.815292	23.860243	23.648113	23.42798	23.403502	22.538929	22.897867	23.73373	23.236334	23.232101	22.689857	23.309534	22.999786	23.709253	22.657139	23.521727	23.550211	22.901873
375	24.715157	24.18251	24.115423	23.696598	24.152834	24.29019	24.137995	24.418848	23.567299	24.33596	23.879723	23.695971	23.400591	23.993231	23.854935	24.092527	23.749161	23.489937	23.871038	23.642771	24.533297	23.467052	24.228292	23.712065	23.513784	23.788486	23.497993	23.718218	23.354183	23.856201	23.438328	23.612768	23.931671	23.628244	23.734961	23.453793	23.317087	23.849421	23.239084	24.039965	23.605673	22.96471	23.520254	23.711123	23.948088	23.589558	23.521832	23.476063	22.508789	23.027233	23.635025	23.354496	23.040808	22.752859	23.032749	23.06497	23.589245	22.538778	23.506052	23.406433	22.881844
376	24.496506	23.997303	24.170956	23.724672	24.098505	24.291744	24.149105	24.29405	23.614244	24.356152	23.982319	23.616562	23.576277	23.981178	23.625778	24.138756	23.65567	23.326704	23.791399	23.577452	24.455078	23.294504	24.061712	23.782181	23.521086	23.907551	23.409525	23.540649	23.403757	23.841999	23.557886	23.624603	23.805208	23.682114	23.814383	23.615385	23.53027	23.97541	23.134619	24.207758	23.703964	22.802202	23.333614	23.620022	24.024878	23.538343	23.603895	23.539486	22.48243	23.140352	23.548702	23.457808	22.87352	22.807936	22.79071	23.121952	23.484282	22.435268	23.492325	23.280706	22.864304
377	24.116776	23.869589	23.950226	23.636208	24.011971	23.941357	23.865057	24.100714	23.506285	24.111671	23.835032	23.566532	23.592201	23.921707	23.560669	24.096369	23.592201	23.190002	23.542921	23.481365	24.143204	23.203976	23.749117	23.667732	23.455685	23.737419	23.260439	23.429996	23.365423	23.627331	23.533482	23.466631	23.668489	23.418859	23.838806	23.525362	23.487217	23.835032	23.035168	24.041235	23.470987	22.63957	23.190002	23.414524	23.768192	23.290462	23.426979	23.521017	22.553093	23.106354	23.363157	23.337477	22.895813	22.717367	22.660156	23.027798	23.232492	22.343115	23.205296	23.038754	22.782709
378	23.731123	23.780178	23.660139	23.517838	23.925697	23.51214	23.513557	23.909218	23.357265	23.805294	23.617844	23.533953	23.548286	23.853289	23.563694	24.027832	23.548286	23.081652	23.267685	23.387369	23.789888	23.155478	23.426823	23.502422	23.373035	23.486313	23.109976	23.35869	23.300634	23.369827	23.460487	23.269102	23.546862	23.077381	23.840025	23.356911	23.357628	23.617844	22.951193	23.776979	23.150499	22.499245	23.081652	23.196001	23.426468	23.005688	23.18095	23.475533	22.649025	23.023949	23.167322	23.152981	22.983425	22.586699	22.587772	22.892063	22.96232	22.267708	22.859106	22.788139	22.689196
379	23.416166	23.707157	23.423233	23.421164	23.855232	23.161606	23.226492	23.752829	23.235569	23.555084	23.44046	23.507353	23.512423	23.797421	23.566164	23.971867	23.512423	22.99316	23.042904	23.310606	23.50135	23.11587	23.163601	23.367422	23.305529	23.281233	22.987085	23.300459	23.247723	23.159529	23.400867	23.107792	23.447527	22.798491	23.841013	23.219347	23.251795	23.44046	22.882612	23.561159	22.88876	22.384645	22.99316	23.01753	23.147385	22.773125	22.980013	23.438385	22.727383	22.95664	23.007381	23.002312	23.054983	22.479977	22.528648	22.781204	22.741682	22.206125	22.576385	22.58346	22.612835
380	23.180433	23.569477	23.222563	23.244518	23.667519	22.889421	23.014925	23.582363	23.057943	23.304687	23.197676	23.380779	23.362736	23.635693	23.45686	23.783159	23.378204	22.868353	22.873064	23.162827	23.249229	22.966402	22.939287	23.18132	23.103546	23.088875	22.857601	23.142212	23.107817	22.975819	23.249678	22.967636	23.265581	22.625874	23.662807	23.026571	23.122831	23.213146	22.781517	23.299984	22.70499	22.341711	22.896709	22.875641	22.946575	22.618147	22.774229	23.250565	22.697695	22.862753	22.855026	22.798313	23.007639	22.371841	22.432474	22.676186	22.576464	22.19985	22.400198	22.4578	22.518864
381	23.035049	23.344826	23.059481	22.96006	23.324581	22.705023	22.889978	23.38735	22.802773	23.044031	22.862793	23.123213	23.063679	23.334162	23.202393	23.419693	23.114712	22.692804	22.765636	22.919685	23.032894	22.67256	22.754972	22.923397	22.724066	22.904829	22.714605	22.851648	22.85273	22.818222	22.977068	22.84853	22.972275	22.580198	23.251747	22.756529	22.959579	22.913822	22.635422	22.971197	22.612066	22.387335	22.786362	22.774141	22.836311	22.554686	22.55409	22.865421	22.530724	22.731617	22.706097	22.518984	22.808641	22.257603	22.285757	22.574329	22.474428	22.262991	22.35116	22.426628	22.398958
382	22.921623	23.169556	22.932251	22.738125	23.057024	22.561157	22.792498	23.235203	22.603685	22.840662	22.601513	22.922264	22.830355	23.098911	23.00386	23.136127	22.909138	22.555838	22.68182	22.72999	22.864107	22.443306	22.611179	22.722178	22.428005	22.761244	22.603039	22.624947	22.653708	22.695269	22.764385	22.755604	22.743444	22.544556	22.931042	22.545851	22.832207	22.680288	22.521442	22.714684	22.539568	22.42293	22.700268	22.694948	22.750284	22.505173	22.382336	22.564945	22.400457	22.629299	22.589911	22.30106	22.653385	22.168468	22.171293	22.49486	22.394821	22.31225	22.312899	22.402309	22.305405
383	22.829391	23.027315	22.829391	22.566874	22.845314	22.449026	22.714384	23.107616	22.449465	22.680559	22.40233	22.761297	22.649796	22.910788	22.845974	22.914497	22.748215	22.449682	22.611816	22.582365	22.729006	22.271833	22.501186	22.565561	22.205496	22.646957	22.519079	22.451647	22.500969	22.59676	22.602875	22.682087	22.564903	22.512747	22.677067	22.380724	22.728788	22.496384	22.427637	22.514929	22.483292	22.447937	22.626438	22.632988	22.679901	22.465176	22.25045	22.335121	22.298016	22.545477	22.498783	22.135881	22.529551	22.104675	22.088095	22.431786	22.331188	22.351267	22.283394	22.384872	22.235611
384	22.732931	22.883778	22.732931	22.560619	22.733746	22.42296	22.654413	22.901512	22.432055	22.611832	22.443251	22.63867	22.63295	22.773415	22.747395	22.850756	22.696997	22.436605	22.503925	22.552338	22.627937	22.373016	22.516401	22.533318	22.315153	22.573805	22.558159	22.477549	22.511848	22.521305	22.648685	22.643681	22.519672	22.426228	22.539043	22.32415	22.623386	22.416315	22.308403	22.47172	22.474638	22.400211	22.477451	22.61393	22.598183	22.428324	22.258465	22.367189	22.256369	22.446062	22.466356	22.189049	22.445246	22.201061	22.186594	22.394844	22.285301	22.372557	22.282846	22.410585	22.280392
385	22.658327	22.772758	22.658327	22.555777	22.647457	22.402796	22.608028	22.742105	22.418591	22.55868	22.474899	22.543821	22.619913	22.66717	22.671156	22.801455	22.657385	22.426493	22.420479	22.529112	22.549768	22.451271	22.528168	22.508385	22.399961	22.517227	22.588387	22.497583	22.520267	22.462948	22.68412	22.613972	22.484686	22.359314	22.432297	22.280397	22.541868	22.354389	22.216188	22.438305	22.467947	22.363302	22.362219	22.59919	22.534983	22.399824	22.264668	22.391996	22.224159	22.369171	22.441277	22.230167	22.380041	22.275604	22.262781	22.36627	22.249815	22.389021	22.282419	22.430477	22.315033
386	22.598906	22.684336	22.598906	22.551926	22.578726	22.386738	22.571085	22.615139	22.407869	22.516342	22.500107	22.468281	22.609535	22.582544	22.610428	22.762186	22.62583	22.418434	22.354013	22.510609	22.487505	22.513601	22.53754	22.488523	22.467514	22.472162	22.612459	22.513538	22.52697	22.416462	22.712343	22.590313	22.456821	22.306017	22.347269	22.245543	22.476938	22.305065	22.142738	22.411688	22.462612	22.333902	22.270433	22.587446	22.484642	22.377123	22.269608	22.411751	22.198503	22.307928	22.421301	22.262924	22.328108	22.33498	22.323458	22.343512	22.221548	22.402138	22.282084	22.446316	22.342617
387	22.631359	22.703001	22.651472	22.591719	22.635475	22.471729	22.63324	22.622419	22.492193	22.577595	22.577595	22.521957	22.633944	22.615355	22.64159	22.751348	22.68441	22.480082	22.417377	22.608891	22.562542	22.60924	22.61277	22.561598	22.548187	22.523251	22.664297	22.590069	22.582424	22.498901	22.747463	22.662647	22.504074	22.380913	22.438435	22.352091	22.543365	22.398788	22.281036	22.483255	22.498665	22.411613	22.342209	22.606771	22.553602	22.461493	22.362679	22.51137	22.360323	22.387615	22.506897	22.378326	22.417028	22.454433	22.419615	22.428555	22.36068	22.447495	22.37962	22.513012	22.456669
388	22.683918	22.747892	22.726656	22.637506	22.717876	22.571659	22.713131	22.664921	22.589931	22.657936	22.657936	22.602745	22.664207	22.675135	22.693056	22.749767	22.758825	22.551584	22.506609	22.724421	22.663761	22.699961	22.694851	22.649157	22.620667	22.592888	22.716082	22.671825	22.642971	22.604183	22.779339	22.750401	22.564753	22.479551	22.563955	22.481346	22.635626	22.517542	22.456442	22.57094	22.540651	22.506966	22.447746	22.631683	22.644768	22.562515	22.466019	22.618065	22.549263	22.493795	22.608572	22.499264	22.531069	22.572735	22.511356	22.530355	22.524803	22.494957	22.489407	22.583746	22.57748
389	22.72632	22.784107	22.787308	22.674448	22.784349	22.652267	22.777576	22.699213	22.668774	22.722748	22.722748	22.667917	22.688618	22.723362	22.734573	22.748501	22.818853	22.609268	22.57859	22.817616	22.745411	22.773138	22.761066	22.71979	22.679129	22.649063	22.75786	22.737778	22.69182	22.68911	22.805054	22.821192	22.613703	22.55912	22.665203	22.585608	22.710051	22.613331	22.597927	22.641672	22.574524	22.583883	22.532879	22.651779	22.718309	22.644011	22.549385	22.704134	22.701672	22.579451	22.690586	22.596819	22.623066	22.668159	22.585365	22.612473	22.65719	22.533247	22.577971	22.64081	22.674936
390	22.804598	22.86054	22.86636	22.770552	22.885515	22.733152	22.875311	22.774719	22.774542	22.827579	22.823927	22.778931	22.790787	22.818283	22.836699	22.821018	22.921787	22.727375	22.70314	22.922129	22.857458	22.862543	22.851248	22.824839	22.77363	22.770201	22.837219	22.849815	22.785662	22.7778	22.887342	22.909187	22.724638	22.690022	22.80117	22.703661	22.790003	22.735191	22.739012	22.756521	22.662481	22.710609	22.684031	22.747963	22.807507	22.772198	22.670694	22.821018	22.830835	22.718817	22.803339	22.704746	22.739012	22.770155	22.709698	22.743229	22.790394	22.655231	22.71517	22.765467	22.796783
391	22.925703	22.984417	22.969337	22.935604	23.029369	22.818392	23.014044	22.898689	22.914803	22.981056	22.969622	22.945217	22.98238	22.968588	23.009644	22.977161	23.076401	22.916914	22.890936	23.044165	23.008074	22.97402	22.971947	22.972483	22.911947	22.967836	22.9613	23.017437	22.932995	22.875032	23.035088	23.02026	22.908337	22.883144	22.981592	22.842585	22.879963	22.891434	22.886751	22.924957	22.813494	22.897688	22.914341	22.931458	22.918163	22.957436	22.839226	22.977161	22.941286	22.923414	22.955078	22.829325	22.886751	22.884392	22.894827	22.933279	22.93117	22.874067	22.911983	22.969654	22.951183
392	23.025604	23.086605	23.054283	23.071762	23.148041	22.888712	23.128485	23.000957	23.03051	23.107668	23.089809	23.08239	23.14043	23.092579	23.152317	23.105972	23.203947	23.073267	23.045849	23.144835	23.13232	23.065981	23.071514	23.094275	23.026047	23.130873	23.063652	23.155714	23.054531	22.95524	23.156971	23.111885	23.059875	23.042454	23.130434	22.95719	22.954172	23.020321	23.008627	23.063902	22.93807	23.052015	23.104332	23.082829	23.009447	23.110245	22.978254	23.105972	23.032398	23.092194	23.080252	22.932096	23.008627	22.978634	23.04755	23.090059	23.0473	23.054588	23.074339	23.138098	23.078554
393	23.129555	23.192837	23.14465	23.200531	23.261925	22.972219	23.242187	23.108217	23.145811	23.230576	23.203144	23.214609	23.285875	23.213449	23.28544	23.229561	23.323906	23.218384	23.19095	23.245815	23.251913	23.161776	23.172808	23.214466	23.139717	23.279491	23.170486	23.287182	23.173532	23.043921	23.274698	23.20677	23.203434	23.191675	23.264107	23.068306	23.039709	23.146973	23.127234	23.195307	23.060612	23.194582	23.271217	23.22332	23.106331	23.252205	23.111994	23.227383	23.12854	23.243929	23.201838	23.039854	23.128105	23.076721	23.19095	23.232752	23.163519	23.214174	23.22332	23.29052	23.199224
394	23.414555	23.483374	23.408089	23.451424	23.49824	23.283075	23.511368	23.409067	23.421629	23.497625	23.421059	23.493935	23.534189	23.480394	23.529112	23.485779	23.551828	23.477114	23.461372	23.492857	23.503115	23.425322	23.432295	23.492243	23.411373	23.520548	23.46604	23.549419	23.440758	23.328403	23.52552	23.463367	23.48527	23.469833	23.462803	23.308607	23.340147	23.435167	23.387476	23.451323	23.340555	23.44286	23.484907	23.473831	23.387068	23.506496	23.392244	23.460394	23.402706	23.470856	23.466654	23.341837	23.397629	23.345938	23.461372	23.462187	23.445629	23.428036	23.473831	23.527523	23.436188
395	23.654881	23.728365	23.630238	23.662985	23.69751	23.5452	23.738358	23.662758	23.654213	23.722816	23.604822	23.729475	23.743576	23.7055	23.734585	23.701838	23.74402	23.695286	23.689404	23.701172	23.714937	23.647552	23.651106	23.72648	23.64045	23.72382	23.715267	23.770552	23.666092	23.568293	23.737026	23.679745	23.722925	23.704388	23.630356	23.51124	23.593489	23.67819	23.606924	23.667202	23.57662	23.65222	23.665098	23.685078	23.623796	23.720928	23.628572	23.656881	23.6339	23.662209	23.689957	23.596487	23.624908	23.572958	23.689404	23.655661	23.683517	23.608374	23.685078	23.727371	23.636013
396	23.860271	23.937746	23.820095	23.8438	23.867817	23.769232	23.932352	23.879574	23.852991	23.915277	23.761871	23.930779	23.922531	23.897882	23.910194	23.886492	23.908283	23.88175	23.884293	23.87921	23.895973	23.837486	23.838112	23.926666	23.836227	23.897543	23.928265	23.959541	23.858673	23.773315	23.917789	23.864672	23.926041	23.904852	23.773554	23.684423	23.810009	23.885885	23.794477	23.851709	23.77837	23.831146	23.819101	23.865614	23.826118	23.904196	23.830545	23.82481	23.831488	23.825752	23.880806	23.814121	23.819151	23.766977	23.884293	23.821011	23.886827	23.762501	23.865614	23.898172	23.806789
397	24.191669	24.223963	24.13558	24.161737	24.176575	24.105902	24.22048	24.190474	24.148569	24.232376	24.090118	24.231794	24.208179	24.198999	24.194937	24.179157	24.201212	24.170341	24.182926	24.170956	24.178867	24.144432	24.127457	24.211662	24.137831	24.184528	24.228968	24.224327	24.136635	24.078548	24.210682	24.150167	24.218267	24.177961	24.063419	24.000618	24.109785	24.169107	24.098721	24.142586	24.071331	24.13246	24.108515	24.148285	24.123972	24.180464	24.106384	24.098795	24.101664	24.116716	24.167507	24.121431	24.100681	24.067518	24.175385	24.091866	24.157789	24.045794	24.129417	24.151518	24.089943
398	24.520815	24.500355	24.450325	24.48152	24.488432	24.436504	24.502853	24.493317	24.438309	24.54833	24.427568	24.527142	24.491423	24.496655	24.477966	24.46903	24.496418	24.455101	24.477127	24.461411	24.458439	24.449373	24.412943	24.488924	24.435211	24.470583	24.521069	24.481192	24.407713	24.37781	24.50178	24.431763	24.503092	24.441534	24.360306	24.320286	24.399963	24.442484	24.40115	24.43045	24.357334	24.433661	24.402224	24.427717	24.415443	24.451893	24.372705	24.371391	24.362587	24.409845	24.449028	24.419966	24.375439	24.364117	24.460937	24.361509	24.418196	24.332447	24.387238	24.399744	24.372341
399	24.806622	24.740356	24.723625	24.759199	24.759224	24.723574	24.748049	24.756287	24.689896	24.822681	24.720589	24.783598	24.73737	24.755117	24.723724	24.720741	24.752754	24.702368	24.732592	24.713621	24.701199	24.714167	24.660843	24.729675	24.693432	24.718971	24.774708	24.704235	24.643095	24.637667	24.754543	24.676277	24.750416	24.670401	24.618097	24.59786	24.651932	24.679861	24.663757	24.680414	24.605679	24.695196	24.657257	24.670353	24.668537	24.687584	24.603962	24.608095	24.589153	24.664379	24.69348	24.679193	24.614017	24.621658	24.708889	24.595646	24.644316	24.581356	24.611107	24.615292	24.617556
400	25.129723	25.051598	25.048941	25.070927	25.06937	25.040522	25.051386	25.068474	25.005665	25.119761	25.048059	25.075821	25.0383	25.055393	25.024982	25.02454	25.060486	24.997921	25.029881	25.013008	25.00346	25.016117	24.9695	25.016788	24.99371	25.003922	25.056522	24.990591	24.936447	24.953302	25.044971	24.973063	25.029894	24.955315	24.924019	24.904726	24.938908	24.965528	24.959984	24.969969	24.902943	24.98595	24.942457	24.956656	24.954662	24.969526	24.883207	24.894737	24.870554	24.952665	24.972416	24.961771	24.898737	24.90873	24.985516	24.875662	24.914946	24.866791	24.881216	24.875454	24.89653
401	25.497528	25.442272	25.43416	25.423801	25.426092	25.39443	25.420523	25.437439	25.393688	25.446049	25.417412	25.410574	25.401724	25.404587	25.389269	25.387917	25.427156	25.348965	25.37604	25.366821	25.372883	25.362236	25.346745	25.357237	25.343147	25.332092	25.372849	25.347733	25.295221	25.332531	25.379852	25.329464	25.347944	25.303495	25.285471	25.247749	25.267536	25.306488	25.296616	25.305956	25.25639	25.312471	25.264299	25.293505	25.280397	25.304604	25.217316	25.238409	25.213913	25.28134	25.292318	25.273932	25.236523	25.231817	25.29707	25.208384	25.236692	25.195402	25.204212	25.18664	25.215717
402	25.820604	25.785425	25.77253	25.733761	25.739435	25.705296	25.744761	25.761526	25.73452	25.732651	25.741837	25.704613	25.720942	25.711313	25.709248	25.707098	25.749229	25.65731	25.680101	25.677607	25.697374	25.666258	25.67811	25.656286	25.650089	25.620344	25.650702	25.661438	25.610357	25.665644	25.674	25.642517	25.627316	25.609329	25.602961	25.549051	25.556192	25.605976	25.59231	25.60108	25.566847	25.599274	25.546995	25.589386	25.566515	25.59893	25.510792	25.540279	25.515514	25.570038	25.573311	25.548119	25.53323	25.515608	25.570732	25.500641	25.519306	25.484047	25.487917	25.459974	25.49609
403	26.1213	26.100231	26.085001	26.024515	26.033869	25.995285	26.04545	26.060284	26.047112	26.004938	26.039812	25.982109	26.016819	25.997139	26.005503	26.001457	26.045122	25.943426	25.962404	25.966055	25.99555	25.948631	25.979689	25.935463	25.935659	25.8908	25.912233	25.951385	25.900623	25.968376	25.945551	25.930817	25.8908	25.893652	25.895908	25.83021	25.827757	25.882208	25.865284	25.875938	25.85092	25.865385	25.810904	25.862234	25.832737	25.871193	25.783762	25.818768	25.793484	25.834959	25.834496	25.804302	25.807056	25.779713	25.823645	25.770754	25.781172	25.74909	25.750784	25.715178	25.755989
404	26.488361	26.454544	26.450354	26.394289	26.41165	26.353577	26.405397	26.406094	26.39839	26.373554	26.377514	26.345869	26.369921	26.348314	26.356953	26.343023	26.380943	26.28693	26.302429	26.312866	26.334358	26.289486	26.303097	26.28178	26.283527	26.23514	26.250607	26.292076	26.23502	26.290131	26.262444	26.262617	26.23514	26.238596	26.236824	26.1782	26.178226	26.202917	26.183901	26.212601	26.165724	26.184772	26.138247	26.178694	26.157204	26.192566	26.115852	26.142519	26.114862	26.133595	26.15107	26.123472	26.12606	26.101923	26.120621	26.088053	26.09317	26.049	26.063829	26.031927	26.066389
405	26.813728	26.768606	26.774206	26.722059	26.746515	26.671175	26.724457	26.712626	26.709768	26.7003	26.676851	26.66831	26.682913	26.659595	26.668476	26.645792	26.678619	26.591413	26.603827	26.620287	26.634678	26.591623	26.589769	26.588762	26.591877	26.540359	26.550543	26.594063	26.531437	26.575331	26.543343	26.55673	26.540359	26.544359	26.539013	26.486652	26.488886	26.487198	26.466322	26.511023	26.444773	26.46788	26.428402	26.459208	26.444817	26.477432	26.410219	26.429495	26.399738	26.398304	26.431683	26.406387	26.408831	26.387533	26.383867	26.369308	26.36973	26.314842	26.34132	26.312696	26.341528
406	27.104124	27.048918	27.063251	27.014601	27.045387	26.954636	27.009224	26.986214	26.98768	26.991924	26.944021	26.956097	26.962269	26.937426	26.946524	26.916018	26.944304	26.863176	26.872835	26.894665	26.902723	26.861286	26.845631	26.862753	26.867088	26.812777	26.818245	26.863598	26.795996	26.829884	26.794056	26.819235	26.812777	26.817259	26.808723	26.761961	26.766157	26.740929	26.718393	26.777374	26.693827	26.720562	26.687378	26.709574	26.701515	26.731688	26.672951	26.685631	26.653996	26.634565	26.682138	26.658895	26.661209	26.642448	26.61882	26.620335	26.616564	26.552116	26.588985	26.563295	26.587099
407	27.426165	27.383688	27.389538	27.336439	27.359644	27.275488	27.319971	27.309057	27.308622	27.302616	27.255615	27.283939	27.269482	27.246025	27.255791	27.218475	27.243069	27.171997	27.162418	27.200422	27.203825	27.16511	27.131987	27.15736	27.162239	27.115145	27.120029	27.139585	27.089867	27.106794	27.071392	27.09651	27.092148	27.094418	27.091969	27.042618	27.049593	27.022297	26.995272	27.050995	26.973379	26.992744	26.9685	26.992821	26.981577	26.993191	26.947054	26.952204	26.929003	26.90877	26.94157	26.931793	26.93293	26.907125	26.886192	26.882711	26.88776	26.827154	26.851145	26.833435	26.846352
408	27.728218	27.70232	27.69669	27.6378	27.65106	27.57769	27.610441	27.615627	27.61212	27.591557	27.550837	27.593124	27.557129	27.53557	27.546045	27.502697	27.52409	27.463091	27.432331	27.48749	27.486988	27.451	27.401077	27.43189	27.437124	27.398798	27.404037	27.393999	27.365595	27.365477	27.331385	27.353891	27.349768	27.349434	27.354559	27.301077	27.31077	27.286205	27.254448	27.303415	27.236229	27.246479	27.230993	27.259577	27.243361	27.234497	27.200794	27.198845	27.185587	27.168318	27.181349	27.186367	27.186199	27.15188	27.13829	27.125696	27.141634	27.087425	27.094612	27.085308	27.086977
409	27.99905	27.988014	27.97209	27.908012	27.912352	27.848658	27.870893	27.890514	27.884249	27.850634	27.815544	27.870352	27.815041	27.795183	27.806293	27.757544	27.776066	27.724098	27.674347	27.744886	27.740881	27.707342	27.642355	27.678043	27.683598	27.653131	27.658689	27.622116	27.612823	27.597418	27.564503	27.584665	27.580755	27.578089	27.59001	27.53282	27.544954	27.522833	27.486834	27.529743	27.471912	27.473986	27.46636	27.498755	27.478086	27.450863	27.42831	27.419992	27.415653	27.401043	27.396341	27.414629	27.413294	27.371338	27.364328	27.343569	27.369267	27.320803	27.31291	27.311146	27.302727
410	28.267399	28.263166	28.239367	28.170055	28.176647	28.114483	28.13089	28.155766	28.142557	28.104977	28.066372	28.12063	28.060032	28.047308	28.056313	28.011312	28.021389	27.977985	27.921619	27.990971	27.984356	27.950499	27.886438	27.91927	27.919024	27.89072	27.898649	27.856291	27.848907	27.826155	27.797567	27.810287	27.806055	27.805254	27.808735	27.755796	27.765862	27.74786	27.713453	27.751823	27.696005	27.692043	27.690449	27.720886	27.696026	27.66848	27.65049	27.639378	27.633051	27.624565	27.607643	27.624079	27.624336	27.584892	27.576967	27.558426	27.58147	27.539917	27.529583	27.52985	27.510029
411	28.53347	28.52841	28.49902	28.424433	28.443861	28.375515	28.390518	28.411961	28.387848	28.35491	28.304121	28.345469	28.292843	28.292402	28.296709	28.264126	28.260479	28.225189	28.173939	28.226406	28.218037	28.181234	28.133249	28.155888	28.144053	28.112507	28.124765	28.096268	28.074509	28.051912	28.030649	28.03109	28.02603	28.031069	28.011683	27.970535	27.97426	27.961966	27.934668	27.969936	27.90918	27.901211	27.903921	27.926937	27.898125	27.887341	27.867676	27.857155	27.838505	27.839439	27.815506	27.815771	27.820232	27.792913	27.776972	27.770493	27.779123	27.745586	27.74477	27.741858	27.709379
412	28.772617	28.766811	28.732395	28.653072	28.684034	28.61013	28.623878	28.642231	28.608322	28.579554	28.517813	28.547556	28.502098	28.512695	28.512779	28.49136	28.475376	28.447384	28.400728	28.438019	28.428072	28.388626	28.355083	28.368565	28.346312	28.311855	28.328001	28.311962	28.277281	28.254827	28.240147	28.229549	28.223743	28.234037	28.194098	28.163544	28.161573	28.154406	28.133497	28.165981	28.100788	28.089214	28.095795	28.112135	28.079773	28.084057	28.062883	28.052893	28.023169	28.032572	28.002337	27.988062	27.996307	27.979883	27.956736	27.961102	27.956778	27.930445	27.938181	27.932415	27.888557
413	28.993177	28.985077	28.94659	28.863503	28.902224	28.826433	28.837469	28.85153	28.811573	28.785112	28.716955	28.734985	28.695198	28.714191	28.710604	28.696383	28.671053	28.648325	28.606936	28.630486	28.618345	28.578329	28.556871	28.562	28.531641	28.495234	28.514019	28.506979	28.462585	28.442198	28.430786	28.411934	28.40645	28.417793	28.363737	28.340588	28.335957	28.330734	28.314125	28.34399	28.275997	28.262032	28.271671	28.280909	28.24828	28.262201	28.240112	28.230118	28.192556	28.207958	28.173483	28.147381	28.157326	28.150124	28.122551	28.133583	28.119549	28.096989	28.111946	28.104242	28.052784
414	29.215935	29.196983	29.157368	29.073692	29.104963	29.044434	29.044516	29.046562	29.016382	28.984097	28.928995	28.929838	28.890795	28.908789	28.902683	28.879288	28.855293	28.830156	28.799511	28.810553	28.792282	28.761583	28.745768	28.74296	28.712395	28.677908	28.694349	28.683168	28.640657	28.63262	28.609631	28.592672	28.592894	28.585152	28.542507	28.514259	28.520695	28.502672	28.481977	28.508917	28.444952	28.433525	28.44356	28.440588	28.423655	28.424665	28.404192	28.391563	28.358686	28.370571	28.34017	28.31048	28.312687	28.310368	28.290112	28.290192	28.278252	28.244247	28.262928	28.256983	28.213198
415	29.416409	29.387695	29.347061	29.262856	29.287422	29.240631	29.230854	29.222086	29.200697	29.163174	29.119822	29.105202	29.066826	29.08392	29.075548	29.043898	29.021105	28.993793	28.972822	28.972599	28.948816	28.92651	28.915771	28.905817	28.875071	28.842302	28.856642	28.841734	28.800922	28.803999	28.770594	28.755337	28.760687	28.735764	28.703394	28.670561	28.686956	28.65741	28.633038	28.657345	28.597006	28.58787	28.598257	28.584293	28.581488	28.570881	28.551855	28.536861	28.508202	28.516922	28.490183	28.457264	28.452503	28.454586	28.440914	28.431135	28.421078	28.376781	28.398809	28.394445	28.357563
416	29.59779	29.560242	29.518684	29.433998	29.452503	29.41814	29.399446	29.380894	29.367458	29.325195	29.292479	29.263863	29.226091	29.242369	29.231951	29.192833	29.171122	29.14185	29.129627	29.119217	29.090446	29.075727	29.069582	29.053167	29.022249	28.991047	29.003471	28.985197	28.945923	28.959047	28.91622	28.902508	28.912497	28.872034	28.848955	28.811974	28.837383	28.797413	28.769711	28.791636	28.734577	28.727505	28.738218	28.714312	28.724289	28.703169	28.685459	28.668324	28.643475	28.64933	28.625906	28.590065	28.579006	28.58507	28.577349	28.558653	28.550301	28.496689	28.521746	28.518814	28.488174
417	29.792849	29.748804	29.709202	29.626476	29.633968	29.594448	29.575771	29.555815	29.540718	29.502062	29.469889	29.440271	29.406443	29.410734	29.397245	29.359568	29.343748	29.307762	29.294586	29.280767	29.253071	29.239876	29.22707	29.213514	29.179434	29.14822	29.161087	29.141462	29.098055	29.107121	29.073551	29.055573	29.05854	29.021156	29.005014	28.960985	28.983232	28.941717	28.918501	28.93177	28.88438	28.870287	28.879313	28.854528	28.86484	28.84008	28.825569	28.805641	28.786289	28.782505	28.764761	28.731907	28.721909	28.721329	28.71553	28.692705	28.687531	28.634094	28.654095	28.652155	28.620321
418	29.974943	29.92535	29.888075	29.8076	29.804049	29.756546	29.739527	29.719824	29.70142	29.667622	29.634098	29.605944	29.576365	29.567564	29.55106	29.516352	29.506832	29.463791	29.447958	29.432245	29.406654	29.393742	29.372734	29.363537	29.325983	29.294476	29.308172	29.287682	29.239431	29.242155	29.220554	29.197575	29.191927	29.160812	29.150623	29.099569	29.116669	29.075363	29.057714	29.061863	29.024544	29.002312	29.00942	28.985495	28.993824	28.966976	28.955757	28.933132	28.919155	28.905254	28.893173	28.864151	28.856489	28.847841	28.843065	28.81732	28.815344	28.763813	28.777674	28.776567	28.742256
419	30.139881	30.085257	30.050091	29.971653	29.958096	29.903364	29.88785	29.868374	29.846981	29.817577	29.782829	29.756001	29.730272	29.70961	29.690376	29.658354	29.654547	29.605118	29.586872	29.569445	29.545763	29.53311	29.504675	29.499414	29.458723	29.426945	29.441401	29.420122	29.367479	29.364464	29.353703	29.326191	29.312744	29.287306	29.282507	29.22509	29.237526	29.196415	29.183805	29.179691	29.151497	29.121897	29.127268	29.104116	29.110653	29.081907	29.073679	29.048613	29.039499	29.016438	29.009481	28.983931	28.978386	28.962427	28.95858	28.930191	28.931114	28.881311	28.889605	28.889254	28.852701
420	30.289486	30.229504	30.193043	30.117899	30.09981	30.044695	30.024954	30.004257	29.97674	29.951923	29.914358	29.887667	29.864359	29.839331	29.818518	29.784563	29.778305	29.731236	29.712364	29.691118	29.670746	29.653879	29.621637	29.617477	29.574415	29.548159	29.553947	29.53701	29.481073	29.471535	29.467979	29.434469	29.421312	29.39612	29.3929	29.334406	29.340574	29.306435	29.289299	29.282362	29.257557	29.230186	29.228977	29.202291	29.210993	29.18413	29.174482	29.146126	29.137642	29.113329	29.107561	29.081429	29.076153	29.057449	29.054455	29.025593	29.021502	28.976929	28.983646	28.980154	28.943193
421	30.424356	30.358774	30.31809	30.247295	30.229462	30.17993	30.151009	30.127848	30.091539	30.07144	30.029705	30.002113	29.979956	29.957113	29.935747	29.895857	29.88007	29.842939	29.825003	29.798143	29.782269	29.757357	29.724487	29.718948	29.674208	29.658443	29.647451	29.639282	29.581038	29.564358	29.564783	29.524046	29.5182	29.488543	29.483582	29.42861	29.427183	29.405827	29.375898	29.37089	29.344454	29.327637	29.315704	29.281775	29.296074	29.274345	29.25946	29.227118	29.215559	29.196888	29.188868	29.158634	29.152035	29.134575	29.132362	29.104927	29.08898	29.052639	29.061239	29.051266	29.015497
422	30.546526	30.47587	30.43136	30.364502	30.346907	30.302425	30.265194	30.239794	30.195526	30.179701	30.134186	30.105778	30.084663	30.063803	30.041933	29.996664	29.972252	29.944124	29.927031	29.895092	29.883286	29.851088	29.817646	29.810858	29.764599	29.758343	29.732149	29.731926	29.671583	29.648436	29.652468	29.605188	29.605961	29.572264	29.565722	29.513943	29.505629	29.495859	29.454344	29.45108	29.423172	29.415911	29.39426	29.353767	29.373138	29.35606	29.336435	29.300476	29.286137	29.272577	29.262516	29.228569	29.220772	29.204433	29.202929	29.176786	29.150105	29.121218	29.131531	29.115677	29.080986
423	30.661158	30.586449	30.537657	30.473549	30.456131	30.415348	30.371037	30.344322	30.293251	30.280382	30.230978	30.202991	30.181011	30.161825	30.138573	30.089796	30.059246	30.036407	30.019899	29.985243	29.974979	29.937263	29.904232	29.894629	29.848215	29.84873	29.81151	29.815733	29.754833	29.727257	29.73209	29.681227	29.684956	29.6483	29.639143	29.591501	29.578171	29.57617	29.526979	29.524612	29.495785	29.494152	29.466114	29.420332	29.4438	29.428736	29.405413	29.369514	29.350487	29.340643	29.329973	29.293022	29.284042	29.268494	29.266695	29.241749	29.20771	29.183102	29.193869	29.174271	29.141336
424	30.781178	30.705366	30.649017	30.583578	30.566168	30.524578	30.476072	30.451456	30.396233	30.381781	30.326771	30.30451	30.273422	30.25515	30.226418	30.180792	30.152523	30.121166	30.104345	30.076012	30.057175	30.019617	29.99118	29.971325	29.930422	29.92844	29.894096	29.889605	29.834354	29.809469	29.80364	29.76042	29.75271	29.716709	29.699749	29.661518	29.649374	29.641706	29.598703	29.593981	29.566252	29.555634	29.533056	29.485613	29.510435	29.487028	29.463169	29.442715	29.409489	29.398745	29.393253	29.35532	29.344845	29.328941	29.322559	29.298805	29.269135	29.236912	29.243052	29.227406	29.199612
425	30.890268	30.813452	30.750238	30.683582	30.666182	30.623869	30.571539	30.548832	30.48983	30.473942	30.413839	30.396786	30.357414	30.339977	30.306265	30.263502	30.237309	30.198204	30.181105	30.158516	30.131889	30.094465	30.07021	30.041037	30.005138	30.000889	29.969158	29.956749	29.906637	29.884195	29.868671	29.832401	29.814297	29.778885	29.754835	29.725164	29.714096	29.701271	29.663897	29.65703	29.630302	29.611523	29.593901	29.544949	29.570999	29.54001	29.515669	29.509249	29.463121	29.451557	29.450768	29.411942	29.40011	29.383883	29.373337	29.350666	29.324966	29.285828	29.287752	29.275703	29.252583
426	30.989853	30.912123	30.842638	30.774876	30.757479	30.714502	30.658689	30.637724	30.575275	30.558073	30.493322	30.481022	30.434093	30.417412	30.379152	30.339006	30.314705	30.268532	30.251173	30.233829	30.200089	30.162796	30.142351	30.104675	30.073351	30.067026	30.037683	30.018044	29.972618	29.95241	29.928034	29.898108	29.870516	29.835648	29.80512	29.78326	29.773176	29.755646	29.723412	29.714588	29.688776	29.662537	29.649445	29.599117	29.626289	29.588377	29.563595	29.569984	29.512081	29.499765	29.503273	29.463634	29.450563	29.434036	29.419691	29.398006	29.375931	29.330477	29.32856	29.319794	29.30094
427	31.088184	31.001415	30.936565	30.87027	30.845058	30.80022	30.745676	30.717886	30.660406	30.639442	30.577955	30.560949	30.509106	30.494192	30.455965	30.415117	30.390411	30.341589	30.320627	30.301872	30.266819	30.23341	30.206827	30.170816	30.138933	30.123266	30.101257	30.077511	30.033913	30.010965	29.987091	29.958416	29.921249	29.889223	29.860178	29.838455	29.827286	29.804512	29.774052	29.764688	29.731318	29.710499	29.697544	29.646147	29.666557	29.631767	29.608282	29.610384	29.557503	29.543743	29.540852	29.508898	29.493328	29.472151	29.455795	29.431456	29.415203	29.373041	29.365803	29.355011	29.335876
428	31.179174	31.082722	31.023926	30.959394	30.925686	30.878925	30.826319	30.790829	30.739304	30.714458	30.657276	30.63438	30.578413	30.565294	30.527826	30.485804	30.460354	30.40979	30.384939	30.36381	30.328461	30.299271	30.265388	30.232563	30.199333	30.173826	30.159422	30.132374	30.090002	30.063715	30.041805	30.013472	29.967419	29.9384	29.912004	29.889179	29.876667	29.848948	29.819595	29.809958	29.768211	29.754486	29.740959	29.688612	29.701496	29.671207	29.649214	29.64459	29.599064	29.583847	29.573307	29.549847	29.531759	29.505562	29.48764	29.460249	29.449743	29.412178	29.399767	29.386244	29.366123
429	31.262514	31.157192	31.103933	31.041019	30.999527	30.951014	30.900177	30.857632	30.811565	30.783165	30.729919	30.701632	30.641884	30.630415	30.593649	30.550545	30.524408	30.472246	30.443842	30.420532	30.384916	30.359587	30.319017	30.289108	30.25465	30.220137	30.212694	30.182617	30.141375	30.112028	30.091917	30.063904	30.009703	29.98344	29.959471	29.935629	29.921892	29.889643	29.861303	29.851419	29.802006	29.794773	29.780718	29.72751	29.733494	29.707325	29.686699	29.675913	29.637125	29.620573	29.603025	29.587353	29.566956	29.536161	29.516802	29.486624	29.481379	29.448023	29.430872	29.414856	29.393822
430	31.323153	31.212914	31.16017	31.096897	31.04985	30.99894	30.952538	30.903267	30.857512	30.826977	30.77549	30.743391	30.682663	30.670881	30.632868	30.589497	30.560938	30.508596	30.48023	30.45355	30.418301	30.390474	30.349922	30.320463	30.284279	30.24753	30.238894	30.209026	30.166712	30.137756	30.11944	30.087534	30.034096	30.008888	29.984579	29.958984	29.941431	29.911917	29.882504	29.86936	29.818968	29.813581	29.796463	29.745373	29.747952	29.726372	29.702801	29.688007	29.651775	29.636419	29.615948	29.599731	29.576496	29.54534	29.525778	29.497972	29.490726	29.458908	29.441568	29.4235	29.398636
431	31.364548	31.252686	31.196314	31.131065	31.080357	31.026545	30.986712	30.931059	30.881382	30.849913	30.798367	30.76379	30.704397	30.690697	30.649847	30.606884	30.574495	30.52313	30.497763	30.46677	30.432392	30.396879	30.361847	30.330801	30.292511	30.259115	30.24259	30.21558	30.170414	30.14468	30.128136	30.088913	30.043545	30.017984	29.991076	29.963129	29.939674	29.918839	29.886631	29.867802	29.821932	29.81456	29.792326	29.745787	29.747856	29.731199	29.70117	29.684183	29.647055	29.634958	29.614937	29.591354	29.564869	29.536825	29.51808	29.49687	29.481686	29.449186	29.435385	29.415655	29.384596
432	31.40262	31.289265	31.229565	31.162495	31.108416	31.051939	31.018147	30.956619	30.903339	30.87101	30.819412	30.782557	30.724392	30.708921	30.66547	30.622879	30.586962	30.536505	30.513891	30.478933	30.445353	30.402777	30.372816	30.340317	30.300093	30.26977	30.245998	30.221615	30.17382	30.151051	30.136139	30.090189	30.052242	30.026356	29.997051	29.966948	29.938066	29.925207	29.890432	29.866377	29.824661	29.815466	29.788527	29.746174	29.747768	29.735645	29.699677	29.680672	29.642719	29.633617	29.614014	29.583656	29.554176	29.528999	29.511011	29.495863	29.473373	29.440248	29.429701	29.408451	29.371691
433	31.440947	31.327766	31.263887	31.195518	31.138668	31.079092	31.048988	30.983335	30.92647	30.893677	30.841381	30.802858	30.745565	30.727879	30.682287	30.640198	30.601427	30.551723	30.529802	30.492037	30.459175	30.412092	30.384933	30.351526	30.309877	30.280798	30.251608	30.229027	30.180058	30.158138	30.143469	30.093929	30.061266	30.03558	30.004602	29.972311	29.940357	29.931465	29.894373	29.867363	29.828939	29.816936	29.78665	29.749159	29.748608	29.740345	29.700041	29.679525	29.640228	29.632843	29.61339	29.578232	29.546392	29.524113	29.505524	29.494963	29.467566	29.432682	29.424583	29.402113	29.361996
434	31.489519	31.382895	31.310642	31.242626	31.18461	31.11952	31.085068	31.02091	30.959675	30.927807	30.872208	30.833939	30.776394	30.754229	30.707741	30.666759	30.627012	30.577642	30.54874	30.511915	30.479622	30.436697	30.404362	30.371901	30.330456	30.295918	30.266975	30.243498	30.198578	30.169674	30.150055	30.107975	30.073734	30.050299	30.020002	29.984871	29.95809	29.938847	29.899818	29.877781	29.840151	29.820955	29.791668	29.762772	29.753149	29.747173	29.707554	29.687128	29.644197	29.634071	29.61377	29.580168	29.547787	29.529228	29.504776	29.494268	29.469902	29.428541	29.420406	29.397562	29.362219
435	31.534437	31.433886	31.353888	31.286196	31.227106	31.156912	31.118441	31.055664	30.990383	30.959372	30.900721	30.86269	30.804903	30.778599	30.731287	30.691334	30.650679	30.60162	30.566257	30.5303	30.498541	30.459455	30.422333	30.390751	30.349489	30.309904	30.281195	30.256882	30.215714	30.180349	30.156151	30.120968	30.085268	30.063915	30.034245	29.996487	29.974487	29.945677	29.90486	29.887423	29.850521	29.824671	29.79632	29.775364	29.75736	29.753498	29.714504	29.69416	29.647871	29.635208	29.61413	29.581961	29.549084	29.533964	29.504087	29.493629	29.472069	29.424715	29.41654	29.393356	29.362431
436	31.576097	31.481174	31.39399	31.326603	31.26651	31.191591	31.149387	31.087893	31.018862	30.988642	30.927155	30.889347	30.831343	30.801195	30.753119	30.714119	30.672619	30.623854	30.582497	30.54735	30.516079	30.48056	30.438999	30.408228	30.367142	30.322874	30.294376	30.269293	30.231598	30.190241	30.161795	30.133015	30.095964	30.076542	30.047447	30.007257	29.989693	29.952007	29.909527	29.896358	29.860136	29.828114	29.800621	29.787041	29.761255	29.75935	29.720947	29.700678	29.651272	29.636257	29.614458	29.583618	29.550282	29.538357	29.503445	29.493034	29.474068	29.421162	29.412952	29.38945	29.362621
437	31.643072	31.542492	31.454733	31.381109	31.319317	31.243902	31.199778	31.138569	31.069675	31.036791	30.971077	30.932549	30.875345	30.843029	30.794006	30.754417	30.713818	30.662071	30.620941	30.588078	30.552217	30.514967	30.472057	30.439741	30.401316	30.359453	30.331589	30.300739	30.264109	30.222157	30.195957	30.166016	30.131992	30.105061	30.072552	30.038912	30.017666	29.979443	29.939428	29.924757	29.888371	29.85708	29.826986	29.811495	29.788649	29.782946	29.743471	29.725758	29.676651	29.660563	29.63838	29.607708	29.577946	29.56324	29.528749	29.51346	29.496655	29.444386	29.431763	29.406208	29.381149
438	31.709839	31.602278	31.514948	31.434494	31.371	31.295738	31.250065	31.18898	31.120783	31.084887	31.014992	30.975639	30.919346	30.885225	30.835289	30.794916	30.755415	30.700388	30.660376	30.629889	30.588957	30.549313	30.505579	30.471458	30.435907	30.397341	30.370134	30.333122	30.297152	30.255423	30.232283	30.200151	30.169615	30.134233	30.097929	30.071758	30.045864	30.008354	29.97127	29.954334	29.917669	29.888081	29.85503	29.836384	29.817867	29.807747	29.767027	29.752085	29.703756	29.686842	29.664349	29.633661	29.607859	29.589659	29.556366	29.535761	29.520924	29.470158	29.452744	29.424995	29.40127
439	31.772127	31.658062	31.571135	31.484306	31.419218	31.344105	31.296986	31.236013	31.168467	31.129757	31.05596	31.01585	30.9604	30.924597	30.873806	30.832705	30.79423	30.736143	30.697176	30.668894	30.62324	30.581356	30.536858	30.501057	30.468182	30.432692	30.406103	30.363342	30.327978	30.286459	30.266178	30.232	30.204716	30.161449	30.121607	30.102411	30.07218	30.035332	30.000977	29.981932	29.945009	29.917007	29.881201	29.859608	29.845131	29.830891	29.789009	29.776646	29.729048	29.711357	29.68858	29.657879	29.635767	29.614311	29.582134	29.556572	29.543568	29.494205	29.472319	29.442528	29.420042
440	31.83289	31.715128	31.62714	31.536663	31.46888	31.392691	31.343014	31.281244	31.214931	31.173065	31.098536	31.055811	31.00124	30.963797	30.912369	30.86968	30.83095	30.772989	30.734549	30.703148	30.658737	30.615524	30.569714	30.533186	30.500608	30.463877	30.439013	30.392418	30.357174	30.31624	30.296955	30.261024	30.235109	30.189291	30.147669	30.127817	30.097664	30.062819	30.028498	30.006651	29.968956	29.94351	29.906889	29.883013	29.869181	29.853609	29.810423	29.797268	29.749977	29.733404	29.708832	29.678894	29.657257	29.633677	29.602245	29.576019	29.560307	29.514023	29.491472	29.461075	29.437691
441	31.891945	31.772778	31.68257	31.590647	31.519308	31.44108	31.387966	31.324678	31.260052	31.214783	31.142061	31.095263	31.04159	31.002552	30.950668	30.905712	30.865711	30.810419	30.772087	30.73333	30.694923	30.651136	30.603577	30.567095	30.532906	30.491495	30.469227	30.420351	30.384832	30.344784	30.324995	30.287561	30.261494	30.217405	30.175436	30.14884	30.122286	30.090496	30.054062	30.028872	29.990005	29.967876	29.931999	29.906372	29.890478	29.875814	29.831213	29.814577	29.767258	29.753298	29.725752	29.69718	29.673443	29.648664	29.617674	29.594231	29.572191	29.530302	29.510138	29.480288	29.454306
442	31.947371	31.826878	31.734585	31.641308	31.566631	31.486494	31.430159	31.365442	31.302399	31.253937	31.182913	31.13229	31.079456	31.038919	30.98661	30.939531	30.898329	30.845551	30.807316	30.761656	30.728886	30.684555	30.635353	30.598917	30.563215	30.51741	30.497583	30.446568	30.410793	30.371571	30.351311	30.312464	30.286255	30.243793	30.201498	30.168564	30.145391	30.116472	30.078056	30.049723	30.009762	29.990746	29.955566	29.928297	29.910463	29.896658	29.850725	29.830826	29.783478	29.771973	29.741631	29.71434	29.688633	29.662731	29.632151	29.611319	29.583347	29.545578	29.527658	29.498322	29.469898
443	31.9925	31.870192	31.775564	31.681421	31.6036	31.522575	31.462908	31.396898	31.334942	31.28373	31.214479	31.160074	31.10821	31.066025	31.013697	30.964825	30.922178	30.870649	30.832396	30.781948	30.752081	30.707287	30.658039	30.62077	30.583561	30.535069	30.516216	30.464258	30.427372	30.389399	30.367798	30.328066	30.300982	30.260389	30.217699	30.18041	30.159231	30.132109	30.092453	30.061249	30.021248	30.003496	29.969152	29.940918	29.921679	29.90802	29.861996	29.839334	29.791979	29.781332	29.748621	29.723221	29.695343	29.668983	29.639235	29.619488	29.587641	29.552906	29.535774	29.507545	29.477829
444	32.008068	31.881857	31.78356	31.690184	31.60936	31.531021	31.467073	31.400013	31.33753	31.284719	31.217819	31.159109	31.108847	31.064171	31.013334	30.96356	30.918308	30.863667	30.824978	30.7766	30.740202	30.695156	30.651632	30.610207	30.571259	30.525797	30.502775	30.454075	30.412769	30.377779	30.351452	30.312595	30.28183	30.244299	30.200914	30.165705	30.141819	30.112925	30.074524	30.040899	30.004707	29.981735	29.948879	29.921951	29.903008	29.886936	29.845274	29.821222	29.773941	29.758511	29.724566	29.703575	29.672421	29.647955	29.62071	29.596687	29.567783	29.532635	29.511154	29.486403	29.459309
445	32.02277	31.892878	31.791111	31.698462	31.614801	31.539	31.471008	31.402958	31.339973	31.285656	31.220976	31.158197	31.109449	31.062422	31.012991	30.962366	30.914656	30.857069	30.817965	30.771545	30.728977	30.683693	30.645578	30.600225	30.559635	30.517038	30.490076	30.444454	30.398972	30.366806	30.33601	30.297983	30.263737	30.229097	30.185059	30.151812	30.12537	30.094799	30.057585	30.021673	29.989079	29.961174	29.929722	29.904037	29.885366	29.86702	29.829479	29.804113	29.756901	29.736948	29.701841	29.68502	29.650768	29.62809	29.603205	29.575148	29.549021	29.513485	29.487896	29.466429	29.441816
446	32.036682	31.903303	31.798256	31.706295	31.619947	31.546549	31.474728	31.405741	31.342283	31.286537	31.223959	31.157333	31.110018	31.060764	31.012663	30.961233	30.911196	30.850828	30.811327	30.766758	30.718357	30.672846	30.639849	30.590782	30.548635	30.508747	30.47806	30.43535	30.385914	30.356419	30.321396	30.284151	30.246613	30.214714	30.17005	30.138662	30.109804	30.077648	30.041555	30.003479	29.974291	29.941723	29.911598	29.887083	29.868675	29.848173	29.814529	29.787922	29.740778	29.716549	29.680336	29.667458	29.630276	29.609289	29.586643	29.554764	29.531267	29.495361	29.465889	29.447523	29.425261
447	32.029285	31.893814	31.785175	31.692696	31.610716	31.532726	31.459406	31.392788	31.326738	31.269547	31.207123	31.143076	31.093771	31.043041	30.993975	30.9417	30.891415	30.829739	30.789801	30.742624	30.697498	30.65078	30.61318	30.568176	30.524075	30.483631	30.449762	30.409237	30.360672	30.327633	30.295696	30.256987	30.220354	30.184052	30.146902	30.112421	30.081221	30.048838	30.012831	29.975912	29.944489	29.91255	29.883121	29.856821	29.839552	29.819118	29.784416	29.759449	29.712292	29.688969	29.654312	29.640965	29.602373	29.582247	29.55698	29.526943	29.501511	29.46734	29.437611	29.416952	29.394732
448	32.019253	31.881958	31.769838	31.676691	31.599867	31.51652	31.442076	31.378189	31.309357	31.250778	31.188234	31.127542	31.075859	31.023815	30.973513	30.92042	30.870182	30.807457	30.767092	30.716801	30.676067	30.628056	30.584707	30.544668	30.498636	30.457207	30.420362	30.381832	30.334768	30.297474	30.269505	30.22908	30.19389	30.152374	30.123562	30.085432	30.051994	30.019579	29.983511	29.94816	29.913818	29.883211	29.85437	29.825943	29.809889	29.789825	29.753431	29.730431	29.68325	29.661512	29.628712	29.614305	29.57457	29.555151	29.526705	29.499218	29.471292	29.439085	29.409603	29.385996	29.363504
449	32.009686	31.870655	31.755205	31.66143	31.589525	31.50106	31.425549	31.364265	31.292778	31.232878	31.170221	31.112728	31.058777	31.005482	30.953995	30.900124	30.849934	30.786201	30.745434	30.692165	30.655628	30.60638	30.557549	30.522245	30.474373	30.432007	30.392323	30.355692	30.310062	30.268705	30.24452	30.202463	30.168652	30.122173	30.101299	30.059692	30.024124	29.991678	29.955555	29.921692	29.884567	29.855234	29.826948	29.796495	29.781597	29.761892	29.723879	29.702755	29.655552	29.63533	29.604292	29.588881	29.548056	29.529312	29.497831	29.472776	29.44248	29.412142	29.382891	29.35648	29.333723
450	31.99234	31.85091	31.733809	31.639147	31.565422	31.475103	31.400675	31.339804	31.266531	31.206888	31.143288	31.086075	31.029951	30.977348	30.922668	30.869881	30.819092	30.757341	30.715851	30.660625	30.624687	30.575621	30.524864	30.490562	30.440109	30.399279	30.359142	30.321991	30.27696	30.232573	30.209377	30.167007	30.133945	30.086861	30.064753	30.023087	29.989159	29.955112	29.918894	29.885891	29.848429	29.819387	29.790369	29.758892	29.744312	29.724333	29.685205	29.666031	29.618927	29.598415	29.56756	29.549456	29.510965	29.491606	29.45956	29.434612	29.403015	29.373894	29.347029	29.316833	29.293039
451	31.968843	31.824484	31.707079	31.61133	31.530407	31.440847	31.369215	31.307003	31.232637	31.174528	31.109318	31.050045	30.991844	30.94149	30.882015	30.831802	30.779892	30.722506	30.680031	30.623674	30.585457	30.53771	30.487875	30.45158	30.397966	30.360647	30.32197	30.282351	30.23727	30.190668	30.166229	30.124607	30.091784	30.04759	30.016916	29.977915	29.948647	29.911753	29.87541	29.842752	29.80691	29.77738	29.746592	29.714893	29.699963	29.679213	29.639376	29.622196	29.5753	29.553059	29.521114	29.498974	29.465557	29.444551	29.413902	29.387205	29.355181	29.326757	29.303974	29.269245	29.243786
452	31.946283	31.799116	31.68141	31.584621	31.49679	31.407959	31.339008	31.275507	31.2001	31.143457	31.076706	31.015453	30.955252	30.907053	30.842983	30.795235	30.742258	30.689054	30.645639	30.588192	30.547792	30.501307	30.452353	30.414158	30.357508	30.323557	30.286276	30.244287	30.199158	30.150431	30.124796	30.083899	30.051306	30.00988	29.970985	29.934546	29.909748	29.870117	29.833656	29.801331	29.76704	29.737053	29.704556	29.672646	29.657385	29.635885	29.595369	29.580111	29.533407	29.509502	29.476511	29.4505	29.421953	29.399368	29.370064	29.341692	29.30925	29.281494	29.262638	29.223549	29.196491
453	31.919224	31.769726	31.651709	31.553259	31.460697	31.373116	31.3057	31.241032	31.165071	31.108931	31.041107	30.978331	30.916586	30.870667	30.803019	30.756607	30.702826	30.653152	30.608459	30.550797	30.507887	30.462334	30.414227	30.374432	30.316463	30.283928	30.24806	30.204418	30.159172	30.109707	30.082373	30.04253	30.010056	29.970478	29.925247	29.891209	29.86919	29.828003	29.790936	29.758799	29.725859	29.695276	29.66128	29.629404	29.614502	29.591715	29.550758	29.536283	29.490494	29.465258	29.431477	29.402763	29.377806	29.354118	29.326305	29.295963	29.263941	29.236729	29.220062	29.178503	29.150391
454	31.873013	31.722641	31.604252	31.501755	31.411737	31.327433	31.257586	31.19206	31.117258	31.058193	30.990887	30.928034	30.866198	30.823269	30.75532	30.706333	30.652636	30.604494	30.557192	30.502411	30.455545	30.409836	30.362526	30.322071	30.268818	30.230839	30.196577	30.153662	30.108047	30.06275	30.031704	29.994253	29.961506	29.920652	29.875156	29.843203	29.818207	29.779524	29.740025	29.707617	29.675421	29.643723	29.608765	29.577827	29.565807	29.539648	29.499063	29.48138	29.439194	29.413664	29.379934	29.352406	29.326851	29.303656	29.278028	29.244432	29.215885	29.188814	29.168371	29.13085	29.103508
455	31.828302	31.677092	31.558334	31.45192	31.364368	31.283236	31.211037	31.144684	31.070999	31.009108	30.942301	30.879372	30.817446	30.777416	30.709177	30.657694	30.604071	30.557411	30.507591	30.455599	30.404907	30.359045	30.312506	30.271414	30.222717	30.17947	30.146769	30.104551	30.05858	30.017317	29.982685	29.94754	29.914528	29.872444	29.826694	29.796759	29.768879	29.73262	29.690773	29.658094	29.626623	29.593845	29.557961	29.527929	29.518696	29.489273	29.449049	29.428261	29.389555	29.363745	29.330067	29.303684	29.277546	29.254833	29.231319	29.194576	29.169384	29.142464	29.118359	29.08474	29.058144
456	31.785028	31.633007	31.513897	31.40369	31.318527	31.240459	31.165985	31.098831	31.02623	30.961599	30.895275	30.832275	30.77026	30.733034	30.664513	30.610619	30.557072	30.511847	30.459585	30.410294	30.355898	30.309885	30.264095	30.222385	30.178102	30.129755	30.09856	30.057018	30.01071	29.973347	29.935244	29.90233	29.869062	29.825788	29.779793	29.751808	29.721134	29.687225	29.643103	29.610167	29.579391	29.545572	29.508791	29.479635	29.473103	29.440516	29.400646	29.376852	29.341516	29.315434	29.281801	29.256535	29.229832	29.207579	29.18611	29.146326	29.124386	29.097599	29.069958	29.040119	29.014238
457	31.729761	31.576443	31.458235	31.348499	31.262791	31.183168	31.108561	31.039337	30.966478	30.901463	30.836853	30.772158	30.712164	30.672337	30.60733	30.550411	30.499056	30.451927	30.398825	30.351219	30.296028	30.252514	30.204996	30.161938	30.117203	30.071207	30.03574	29.996145	29.950359	29.91341	29.874176	29.841591	29.80921	29.765642	29.722298	29.690987	29.660269	29.627054	29.582777	29.553349	29.51939	29.484499	29.448483	29.420971	29.413149	29.381853	29.342852	29.318226	29.281944	29.258352	29.226326	29.20031	29.170221	29.148636	29.125896	29.088943	29.064951	29.036049	29.012304	28.980907	28.956703
458	31.674162	31.519514	31.402361	31.293657	31.207031	31.125254	31.050814	30.979391	30.906101	30.841026	30.778261	30.711687	30.65395	30.610851	30.549797	30.489843	30.440908	30.391472	30.337767	30.29167	30.236092	30.19537	30.145832	30.101364	30.055529	30.012836	29.97242	29.934895	29.889738	29.852724	29.812691	29.780174	29.748806	29.70508	29.664713	29.629444	29.599056	29.566298	29.52215	29.496655	29.459064	29.423126	29.388083	29.362286	29.352659	29.323229	29.285145	29.259998	29.222212	29.201424	29.171175	29.144182	29.110405	29.089493	29.06506	29.031675	29.004955	28.97368	28.954754	28.921116	28.898678
459	31.620068	31.46413	31.348001	31.240299	31.152779	31.068909	30.994633	30.921074	30.847368	30.782232	30.721256	30.652857	30.597315	30.551035	30.49382	30.430916	30.38434	30.332655	30.278355	30.233734	30.17778	30.139776	30.088276	30.042437	29.995525	29.956049	29.910814	29.875301	29.830759	29.793682	29.752874	29.720423	29.690044	29.646158	29.608694	29.569574	29.539501	29.507187	29.463173	29.441504	29.400372	29.363415	29.329317	29.305189	29.293814	29.26619	29.229	29.20335	29.164097	29.14604	29.117521	29.089569	29.052204	29.03196	29.005878	28.975954	28.946587	28.91301	28.89876	28.862942	28.842222
460	31.552877	31.39661	31.281563	31.174881	31.087193	31.0023	30.928343	30.854681	30.780172	30.714792	30.654617	30.586168	30.531519	30.483883	30.427954	30.365372	30.319496	30.265898	30.212711	30.168337	30.112595	30.074232	30.023872	29.978186	29.928886	29.891258	29.844341	29.808849	29.764622	29.728174	29.687092	29.654179	29.624399	29.580481	29.545614	29.503128	29.473549	29.441551	29.399199	29.377102	29.336145	29.299337	29.265532	29.241497	29.229523	29.203289	29.167355	29.140944	29.101404	29.08382	29.055855	29.02717	28.98942	28.969854	28.943018	28.914333	28.883575	28.849909	28.836468	28.80265	28.780102
461	31.475309	31.319469	31.205553	31.099895	31.012636	30.927586	30.854071	30.781952	30.706331	30.640554	30.580378	30.513317	30.458508	30.410995	30.354277	30.294661	30.24815	30.192915	30.142212	30.097094	30.042028	30.00083	29.954115	29.909811	29.857075	29.820179	29.774105	29.737032	29.692884	29.657614	29.616665	29.58287	29.55336	29.509518	29.477009	29.431549	29.402607	29.370815	29.331366	29.305407	29.267612	29.231894	29.197863	29.172649	29.161003	29.13583	29.101435	29.074059	29.035187	29.016256	28.987896	28.958643	28.923098	28.904226	28.87735	28.848097	28.816986	28.785011	28.769255	28.740808	28.713577
462	31.399611	31.2442	31.131384	31.026728	30.939882	30.854679	30.781597	30.710979	30.634277	30.568113	30.50794	30.442226	30.387262	30.33987	30.282381	30.225662	30.178535	30.121693	30.073416	30.027575	29.973173	29.929205	29.886044	29.843088	29.787001	29.75082	29.705576	29.666952	29.622885	29.588764	29.547951	29.513287	29.484043	29.440277	29.410061	29.361704	29.333385	29.301792	29.265177	29.235455	29.200739	29.166088	29.131832	29.105473	29.094145	29.07	29.037106	29.008793	28.97057	28.950327	28.921583	28.891775	28.858381	28.840191	28.813276	28.783468	28.752003	28.721687	28.703672	28.680464	28.648666
463	31.318649	31.164148	31.052494	30.948845	30.86273	30.777752	30.704603	30.635136	30.557961	30.492105	30.431179	30.367077	30.311588	30.264601	30.206406	30.152857	30.104664	30.047173	30.000704	29.954767	29.900753	29.854887	29.814259	29.772707	29.714766	29.678785	29.634396	29.595009	29.5508	29.517153	29.477304	29.441813	29.412668	29.369152	29.340872	29.290958	29.262785	29.231363	29.196787	29.164568	29.131783	29.097992	29.064056	29.036495	29.025576	29.00194	28.970634	28.94187	28.903631	28.882307	28.853447	28.823355	28.79141	28.773767	28.747055	28.716734	28.68528	28.656118	28.636383	28.616795	28.58227
464	31.213364	31.061584	30.951387	30.848846	30.764627	30.681267	30.606239	30.536716	30.461254	30.398232	30.33379	30.272324	30.214945	30.169436	30.110714	30.061548	30.010588	29.955841	29.909069	29.865307	29.81072	29.765965	29.724354	29.684486	29.630005	29.592367	29.548983	29.511612	29.466459	29.430866	29.395081	29.358812	29.329184	29.286579	29.259041	29.21232	29.182587	29.151237	29.115967	29.085688	29.050768	29.017162	28.985538	28.956499	28.94632	28.921335	28.892056	28.864571	28.823904	28.802279	28.774258	28.744844	28.711908	28.694365	28.668737	28.638033	28.607889	28.578154	28.558544	28.536943	28.506157
465	31.110302	30.96118	30.852409	30.750957	30.668596	30.586819	30.509953	30.440374	30.36659	30.306335	30.238455	30.179565	30.12034	30.076277	30.017036	29.972162	29.918501	29.866432	29.81937	29.777735	29.722586	29.678917	29.636341	29.598125	29.547024	29.507771	29.465372	29.429977	29.383894	29.346397	29.314587	29.277567	29.247459	29.205742	29.178936	29.135344	29.10408	29.072798	29.036846	29.008467	28.971464	28.938038	28.908678	28.878195	28.868732	28.842438	28.81513	28.788904	28.745859	28.723934	28.696737	28.667986	28.634083	28.61664	28.592072	28.560987	28.532129	28.501829	28.482342	28.45878	28.431648
466	31.009405	30.862883	30.755516	30.655121	30.574577	30.49435	30.415688	30.346056	30.273911	30.216375	30.145121	30.088762	30.027723	29.985073	29.925325	29.884655	29.828342	29.778906	29.73155	29.692003	29.636303	29.593697	29.550182	29.51358	29.465792	29.42495	29.38352	29.350054	29.303068	29.263708	29.235786	29.198027	29.16745	29.126606	29.100513	29.059978	29.027224	28.996008	28.959391	28.932873	28.893822	28.860575	28.833433	28.801531	28.792778	28.765192	28.739822	28.714827	28.669453	28.647238	28.620848	28.592745	28.557894	28.540546	28.517014	28.485563	28.457964	28.427109	28.407742	28.382254	28.358704
467	30.882437	30.736647	30.631552	30.533175	30.453196	30.374035	30.298128	30.228144	30.159939	30.10008	30.032312	29.976917	29.918024	29.874348	29.81621	29.773775	29.720671	29.668825	29.623375	29.584211	29.531584	29.48859	29.446333	29.408148	29.362091	29.320606	29.281395	29.248089	29.200512	29.163095	29.132879	29.099365	29.066223	29.027588	28.998274	28.962017	28.930208	28.896566	28.861862	28.837538	28.798225	28.766273	28.738367	28.707186	28.700178	28.672165	28.648155	28.622404	28.577768	28.555643	28.528303	28.503021	28.469578	28.450817	28.428152	28.397768	28.370195	28.338575	28.319847	28.295263	28.271908
468	30.754173	30.60885	30.506107	30.409836	30.330256	30.252069	30.179489	30.109114	30.045092	29.982275	29.918856	29.864193	29.807943	29.76293	29.706659	29.661678	29.612518	29.557632	29.514349	29.475328	29.426216	29.382641	29.341921	29.301744	29.257181	29.215183	29.178328	29.144939	29.096827	29.061831	29.028522	28.999859	28.963909	28.927624	28.894615	28.862724	28.83217	28.795815	28.763336	28.741217	28.701878	28.67136	28.64229	28.61211	28.60696	28.578636	28.555893	28.529129	28.485626	28.463644	28.435141	28.41292	28.38118	28.360823	28.338987	28.309849	28.282129	28.249729	28.231701	28.208393	28.184763
469	30.6285	30.483639	30.383194	30.288994	30.209795	30.132568	30.063248	29.992489	29.932564	29.866848	29.807686	29.753748	29.700083	29.653757	29.599318	29.551851	29.50655	29.448689	29.407522	29.368645	29.322975	29.27883	29.239616	29.197491	29.154387	29.111885	29.077339	29.043869	28.995234	28.962608	28.926273	28.902357	28.863659	28.829676	28.793045	28.76543	28.736115	28.6971	28.666798	28.646839	28.607475	28.578362	28.548155	28.518951	28.515621	28.486994	28.465494	28.437737	28.39535	28.373505	28.343857	28.32464	28.294567	28.27265	28.251621	28.223701	28.195843	28.162676	28.145334	28.123272	28.099377
470	30.487507	30.344032	30.244818	30.153614	30.0758	29.998034	29.931465	29.860889	29.803225	29.738256	29.680746	29.626661	29.57523	29.528984	29.47617	29.42799	29.383902	29.326529	29.286999	29.247311	29.204346	29.160192	29.121286	29.079384	29.03668	28.995054	28.962687	28.929817	28.882132	28.850842	28.814169	28.791199	28.751671	28.71995	28.681908	28.655046	28.626263	28.588951	28.559431	28.539371	28.500629	28.472624	28.442801	28.413931	28.410929	28.383646	28.362274	28.334049	28.292307	28.271193	28.241837	28.223976	28.19405	28.17305	28.151825	28.124884	28.096798	28.065018	28.047672	28.02647	28.002728
471	30.334572	30.193224	30.094368	30.006901	29.931286	29.851765	29.787525	29.717588	29.660681	29.599428	29.541435	29.486504	29.437	29.391972	29.340605	29.293167	29.248127	29.194063	29.155762	29.114506	29.073629	29.02993	28.990349	28.950443	28.907269	28.867638	28.837332	28.805622	28.760073	28.729269	28.69446	28.669334	28.630539	28.601038	28.563387	28.534409	28.505594	28.473526	28.443649	28.421656	28.384048	28.356907	28.328711	28.299639	28.295767	28.271151	28.24901	28.220743	28.179264	28.159353	28.131453	28.113609	28.082592	28.064528	28.042284	28.016111	27.987736	27.959084	27.941175	27.920521	27.897268
472	30.18474	30.045483	29.946974	29.863171	29.789711	29.708466	29.646509	29.577202	29.521032	29.463423	29.404957	29.349194	29.301579	29.257744	29.207796	29.161081	29.115116	29.064295	29.027193	28.984398	28.945568	28.902309	28.862074	28.824121	28.780487	28.742807	28.714523	28.683952	28.640493	28.61017	28.577181	28.549942	28.511869	28.484545	28.447273	28.416225	28.387377	28.360447	28.330219	28.306326	28.269836	28.243542	28.216938	28.187672	28.18294	28.160938	28.138044	28.109737	28.06852	28.049788	28.023315	28.005489	27.973396	27.958208	27.934965	27.90955	27.880892	27.855305	27.836843	27.816725	27.793953
473	30.030436	29.89394	29.796118	29.715219	29.643307	29.561573	29.500935	29.432682	29.377007	29.322906	29.26436	29.208473	29.162363	29.119278	29.07061	29.024769	28.978506	28.930244	28.893906	28.85037	28.813145	28.770351	28.730064	28.694157	28.650076	28.614134	28.58783	28.558144	28.516727	28.486166	28.455151	28.426119	28.389151	28.363552	28.32704	28.294521	28.265848	28.242605	28.212145	28.18663	28.15163	28.125746	28.100672	28.071678	28.066397	28.046555	28.022974	27.995024	27.954807	27.936613	27.911404	27.893173	27.860985	27.848091	27.824062	27.799442	27.770716	27.747375	27.728916	27.70924	27.68623
474	29.851452	29.720339	29.624447	29.543861	29.471365	29.393625	29.330847	29.265244	29.209211	29.158329	29.10113	29.047684	29.001749	28.957853	28.910027	28.865635	28.821394	28.773329	28.736187	28.694798	28.65765	28.615395	28.577301	28.543854	28.499374	28.464455	28.440111	28.410425	28.370975	28.337543	28.309181	28.279427	28.24501	28.21961	28.185242	28.153399	28.125671	28.101004	28.070709	28.044514	28.012444	27.985399	27.961714	27.93471	27.929962	27.910732	27.886692	27.860558	27.824131	27.804132	27.779675	27.759487	27.730757	27.718168	27.694073	27.670437	27.64242	27.61845	27.602026	27.582485	27.55661
475	29.676277	29.550434	29.45643	29.376148	29.303083	29.229256	29.164377	29.101372	29.044989	28.997253	28.941376	28.890318	28.844557	28.799862	28.752863	28.709894	28.66762	28.619751	28.58182	28.54253	28.505468	28.463739	28.427788	28.396755	28.351879	28.317961	28.29554	28.265854	28.228325	28.192091	28.166321	28.135855	28.103939	28.07873	28.046465	28.015276	27.988478	27.96241	27.932283	27.90542	27.876219	27.848038	27.825714	27.800655	27.796436	27.777805	27.753309	27.728954	27.696234	27.674475	27.650753	27.628643	27.603302	27.591005	27.566851	27.54418	27.516853	27.492273	27.47784	27.458426	27.429745
476	29.504797	29.384109	29.291958	29.211975	29.138353	29.068352	29.001417	28.940952	28.884226	28.839577	28.784994	28.736267	28.690678	28.645203	28.599009	28.557432	28.517094	28.469414	28.43071	28.393476	28.356489	28.315281	28.281429	28.252754	28.207489	28.174561	28.154015	28.124329	28.088682	28.049698	28.02647	27.99531	27.965841	27.940819	27.910618	27.88007	27.854174	27.826744	27.796776	27.769257	27.742868	27.713579	27.692581	27.66943	27.665722	27.64768	27.622738	27.600128	27.571032	27.54755	27.524546	27.500557	27.478535	27.46652	27.442312	27.42058	27.393936	27.368752	27.35627	27.336985	27.305559
477	29.30512	29.187664	29.099867	29.019732	28.949434	28.879946	28.81555	28.758654	28.702742	28.657982	28.604523	28.557196	28.511692	28.468615	28.422663	28.380194	28.342333	28.294426	28.256973	28.220104	28.184929	28.145699	28.1113	28.083414	28.039515	28.009003	27.987617	27.958912	27.92305	27.884201	27.86355	27.833839	27.802879	27.776787	27.750057	27.71936	27.692158	27.666124	27.637634	27.610386	27.584883	27.557653	27.537846	27.513746	27.512032	27.494856	27.468697	27.448088	27.417168	27.395205	27.374823	27.351328	27.33075	27.317476	27.294455	27.272451	27.247656	27.224211	27.209932	27.191063	27.161043
478	29.105591	28.991028	28.907845	28.827497	28.760994	28.691551	28.630272	28.577019	28.522062	28.476753	28.424376	28.378286	28.33285	28.292572	28.246773	28.203117	28.167757	28.11957	28.08362	28.046879	28.013716	27.97662	27.941326	27.91399	27.871674	27.843735	27.821144	27.793539	27.757177	27.718853	27.700737	27.672747	27.63978	27.612465	27.589327	27.55838	27.529583	27.505302	27.478445	27.451588	27.426687	27.401915	27.383255	27.357832	27.358276	27.34199	27.314529	27.295918	27.262455	27.242426	27.22488	27.202192	27.18277	27.168045	27.14636	27.123928	27.101099	27.079687	27.063131	27.04471	27.016644
479	28.910648	28.798918	28.720236	28.639681	28.576889	28.507492	28.449259	28.399559	28.345537	28.299696	28.248373	28.203493	28.158129	28.120577	28.074926	28.030113	27.997198	27.948734	27.914259	27.877634	27.846437	27.811432	27.775261	27.748466	27.707693	27.682262	27.658499	27.631968	27.595118	27.557314	27.541668	27.51536	27.480433	27.45192	27.432299	27.401102	27.370749	27.348185	27.322918	27.296444	27.272135	27.249756	27.232222	27.205503	27.208057	27.192636	27.163904	27.147245	27.111301	27.093163	27.078384	27.056488	27.038193	27.022055	27.001677	26.978823	26.957916	26.938486	26.919704	26.901726	26.875565
480	28.695879	28.58761	28.512686	28.432009	28.372711	28.305609	28.249172	28.201685	28.149124	28.103832	28.053888	28.011301	27.96542	27.930271	27.885958	27.840687	27.808926	27.762672	27.727598	27.692116	27.662012	27.62838	27.594265	27.565517	27.527443	27.502626	27.479097	27.453304	27.417326	27.380526	27.365334	27.33939	27.30619	27.27701	27.257082	27.22703	27.198151	27.176264	27.152002	27.126562	27.101994	27.082256	27.063566	27.038542	27.042065	27.026896	26.99799	26.981869	26.947063	26.931021	26.916821	26.894218	26.87627	26.859764	26.840591	26.818264	26.797718	26.780233	26.760578	26.743195	26.71887
481	28.465811	28.361511	28.289709	28.208982	28.152985	28.090015	28.034338	27.987946	27.937279	27.893417	27.845118	27.805698	27.758831	27.725803	27.683798	27.638632	27.606968	27.56496	27.527582	27.494081	27.464346	27.431488	27.401844	27.369101	27.334658	27.308887	27.286751	27.261417	27.227425	27.192032	27.175623	27.148968	27.120516	27.091101	27.06773	27.039961	27.015045	26.992983	26.969236	26.945358	26.919838	26.902918	26.881212	26.860323	26.863876	26.84845	26.820263	26.803532	26.772833	26.759048	26.743624	26.719082	26.70084	26.684826	26.666773	26.64575	26.624271	26.608694	26.589277	26.572624	26.55007
482	28.241276	28.140852	28.072094	27.991322	27.938545	27.879608	27.824673	27.779346	27.730528	27.688068	27.641365	27.605042	27.557213	27.526257	27.486504	27.441442	27.409863	27.372005	27.332384	27.300814	27.271435	27.239334	27.214054	27.177408	27.146507	27.11981	27.099031	27.07415	27.042093	27.008074	26.990479	26.963123	26.939308	26.909664	26.882938	26.857393	26.836342	26.81411	26.790869	26.768515	26.742062	26.727894	26.703247	26.686394	26.68998	26.674301	26.646816	26.629484	26.602793	26.591215	26.574591	26.548162	26.529629	26.514101	26.497137	26.477385	26.455	26.441288	26.422104	26.40616	26.38533
483	28.013914	27.917459	27.851135	27.771559	27.721605	27.666082	27.612198	27.56806	27.521055	27.480137	27.435291	27.401049	27.353275	27.323753	27.286032	27.241531	27.209923	27.175417	27.135118	27.104832	27.075874	27.04491	27.023109	26.984299	26.955929	26.928917	26.909155	26.884386	26.854309	26.821848	26.802994	26.775455	26.755327	26.725929	26.696789	26.673111	26.655128	26.632771	26.610125	26.589394	26.562223	26.550003	26.523808	26.509571	26.513819	26.497763	26.471169	26.453001	26.429811	26.419884	26.402225	26.375141	26.356104	26.341265	26.3251	26.306519	26.283997	26.271379	26.252689	26.237303	26.218164
484	27.760422	27.668575	27.60252	27.528921	27.480469	27.426306	27.374681	27.332264	27.287086	27.248352	27.206442	27.170607	27.12673	27.09634	27.059984	27.017778	26.985683	26.951794	26.916653	26.885298	26.857033	26.828707	26.807297	26.772705	26.743244	26.718178	26.698219	26.672321	26.644512	26.614422	26.593935	26.568138	26.548389	26.521038	26.492876	26.469826	26.452124	26.429813	26.408142	26.389498	26.36236	26.349216	26.326593	26.309824	26.317146	26.300213	26.27528	26.255333	26.233974	26.22374	26.205572	26.182428	26.162048	26.148733	26.13233	26.114607	26.094835	26.080517	26.06332	26.047972	26.030478
485	27.512758	27.425407	27.359623	27.291855	27.244871	27.192038	27.14262	27.101887	27.058495	27.021889	26.982853	26.945463	26.905388	26.874155	26.83913	26.799166	26.766598	26.733307	26.703209	26.670811	26.643219	26.617464	26.596445	26.565975	26.535448	26.512285	26.492136	26.465124	26.439535	26.411757	26.389679	26.365583	26.346203	26.320854	26.293648	26.271215	26.253786	26.231522	26.2108	26.194201	26.167089	26.153046	26.133915	26.114666	26.124998	26.107204	26.083889	26.062208	26.042643	26.032103	26.013439	25.994146	25.972452	25.960627	25.943995	25.927103	25.910019	25.894033	25.878304	25.862991	25.847105
486	27.27072	27.187767	27.122244	27.060179	27.014633	26.963095	26.915833	26.876745	26.835096	26.800575	26.764341	26.725431	26.689079	26.657019	26.623297	26.585522	26.55249	26.519785	26.494614	26.461189	26.434263	26.411026	26.390383	26.363939	26.332373	26.311073	26.290733	26.262642	26.239216	26.213699	26.190067	26.167635	26.148611	26.125217	26.098949	26.077116	26.059956	26.037735	26.017942	26.003338	25.976255	25.96133	25.945612	25.923946	25.937218	25.918579	25.896852	25.87347	25.855654	25.844818	25.825674	25.810141	25.787167	25.776798	25.759932	25.743856	25.729403	25.711792	25.697495	25.682215	25.667894
487	27.002331	26.923374	26.861631	26.803127	26.758295	26.708576	26.665125	26.627489	26.586559	26.553272	26.518799	26.4804	26.446405	26.416138	26.382824	26.348894	26.316875	26.285854	26.26178	26.229958	26.204073	26.181009	26.161554	26.134851	26.107016	26.084713	26.064951	26.0387	26.014931	25.991186	25.968939	25.948175	25.928116	25.905958	25.883385	25.861111	25.844856	25.822899	25.805553	25.791275	25.765398	25.749891	25.734938	25.714224	25.726801	25.711208	25.689941	25.668516	25.649178	25.640308	25.621334	25.60589	25.584389	25.575191	25.558332	25.542625	25.528517	25.511396	25.498598	25.483164	25.469414
488	26.734674	26.659588	26.602083	26.546759	26.502523	26.454672	26.415199	26.378971	26.338594	26.306396	26.2735	26.235903	26.204023	26.175901	26.14286	26.112953	26.082144	26.052937	26.029381	25.999519	25.974712	25.951475	25.933308	25.905722	25.882254	25.858545	25.839457	25.815454	25.790974	25.7689	25.748444	25.729319	25.708038	25.686989	25.668457	25.645596	25.630322	25.608658	25.593943	25.579739	25.555214	25.539186	25.52459	25.50531	25.51667	25.504641	25.483656	25.464699	25.443378	25.436777	25.418064	25.402164	25.382515	25.374435	25.357611	25.342201	25.328102	25.311766	25.300461	25.284845	25.271505
489	26.472437	26.401134	26.347786	26.295578	26.251926	26.205906	26.170334	26.135487	26.09565	26.064522	26.033167	25.996355	25.966545	25.940529	25.907755	25.881784	25.852165	25.824732	25.801685	25.773743	25.749992	25.726589	25.709682	25.681231	25.662037	25.636955	25.618532	25.596724	25.571547	25.551111	25.53241	25.514894	25.492414	25.472454	25.457882	25.434443	25.420132	25.398752	25.38661	25.372484	25.349287	25.332748	25.318497	25.300629	25.310797	25.302252	25.281548	25.265005	25.241745	25.237366	25.21891	25.202566	25.184731	25.177744	25.160954	25.145834	25.131744	25.116179	25.106335	25.09054	25.077606
490	26.197926	26.131413	26.08037	26.031166	25.990408	25.94595	25.913021	25.879717	25.84132	25.81147	25.781054	25.745773	25.717989	25.694305	25.662132	25.637779	25.609488	25.584177	25.561157	25.535471	25.513285	25.489527	25.472504	25.445461	25.427902	25.403303	25.385805	25.366529	25.341515	25.321896	25.304838	25.287828	25.266504	25.247711	25.234419	25.212463	25.198666	25.178627	25.167439	25.152958	25.130835	25.115597	25.102642	25.085186	25.095432	25.088072	25.068554	25.054085	25.029909	25.026253	25.008253	24.992565	24.97551	24.970514	24.952721	24.938627	24.924536	24.910681	24.901627	24.885862	24.873817
491	25.913275	25.85239	25.802082	25.755775	25.719881	25.676758	25.645384	25.613775	25.577578	25.549194	25.519186	25.486078	25.460266	25.439116	25.407833	25.383108	25.356266	25.333366	25.309961	25.286827	25.26663	25.242361	25.224039	25.200352	25.182158	25.159636	25.143293	25.126835	25.102711	25.083204	25.067694	25.050241	25.032087	25.014523	25.000233	24.981518	24.967846	24.950037	24.938423	24.923214	24.901957	24.88957	24.878716	24.860826	24.872231	24.864079	24.846527	24.833845	24.809624	24.805405	24.788033	24.773941	24.756779	24.754536	24.734861	24.722416	24.708323	24.696972	24.688133	24.672581	24.661833
492	25.633791	25.57844	25.528849	25.485384	25.454268	25.412453	25.38261	25.352663	25.318632	25.291677	25.262079	25.231106	25.207228	25.188559	25.158155	25.13306	25.107643	25.087114	25.063334	25.042698	25.02445	24.999683	24.980087	24.959692	24.94088	24.920393	24.905184	24.891495	24.868244	24.848852	24.834852	24.816971	24.801928	24.785572	24.770298	24.754765	24.741217	24.725599	24.713568	24.697647	24.677237	24.667648	24.658855	24.640539	24.653086	24.644156	24.628531	24.617599	24.59334	24.588568	24.571812	24.55929	24.542023	24.542484	24.520958	24.51013	24.496033	24.487144	24.478519	24.463171	24.453701
493	25.352886	25.30261	25.254423	25.21384	25.186556	25.146835	25.118124	25.089937	25.05793	25.032515	25.003651	24.975029	24.952599	24.935659	24.906225	24.881929	24.857855	24.839029	24.815489	24.796829	24.780449	24.75565	24.735384	24.71792	24.698507	24.679949	24.665911	24.654207	24.632168	24.612923	24.600285	24.582567	24.570122	24.554735	24.538979	24.525923	24.51298	24.499237	24.486805	24.470743	24.451303	24.443792	24.436529	24.41824	24.431664	24.422262	24.40843	24.398951	24.374966	24.369629	24.353706	24.342854	24.325745	24.328091	24.305811	24.296335	24.282513	24.275141	24.266937	24.252071	24.243462
494	25.050671	25.003927	24.959967	24.922577	24.895538	24.861191	24.832096	24.806152	24.775713	24.752331	24.725588	24.700308	24.677437	24.659298	24.631285	24.61248	24.58952	24.569836	24.549013	24.530329	24.515572	24.492601	24.47406	24.458233	24.438286	24.421307	24.408682	24.395926	24.37653	24.357584	24.345768	24.330585	24.318832	24.303518	24.289251	24.275993	24.265608	24.252567	24.239796	24.225872	24.207956	24.199738	24.191963	24.175508	24.188814	24.18014	24.167652	24.158516	24.136097	24.1301	24.115927	24.107227	24.09137	24.092405	24.073734	24.064598	24.052187	24.042629	24.035723	24.022467	24.013098
495	24.753813	24.710546	24.670736	24.636482	24.60968	24.58061	24.551136	24.527397	24.498507	24.477112	24.452457	24.43046	24.407152	24.387838	24.361219	24.347807	24.325945	24.305416	24.287262	24.268553	24.255394	24.234219	24.217371	24.20315	24.182682	24.167255	24.156015	24.142223	24.125423	24.106771	24.095762	24.083073	24.071997	24.056757	24.043955	24.030495	24.022625	24.010273	23.997168	23.985342	23.968925	23.960016	23.951738	23.937084	23.95027	23.94231	23.931145	23.922346	23.901464	23.894819	23.882366	23.875784	23.861145	23.860901	23.845772	23.836973	23.825947	23.814245	23.808607	23.796936	23.786821
496	24.462177	24.422321	24.386587	24.355415	24.328852	24.304964	24.275116	24.253546	24.226171	24.206736	24.184128	24.165356	24.141623	24.121151	24.095901	24.087788	24.067003	24.045641	24.030117	24.011379	23.99979	23.980381	23.965199	23.952555	23.931568	23.917669	23.907793	23.892984	23.878731	23.860371	23.850153	23.839914	23.829502	23.814335	23.802971	23.789312	23.783913	23.772238	23.758806	23.749043	23.734097	23.724508	23.715734	23.702852	23.715923	23.708664	23.698797	23.690329	23.670956	23.663673	23.65291	23.648407	23.634974	23.633467	23.62182	23.61335	23.603683	23.58987	23.585487	23.575371	23.564524
497	24.148998	24.113993	24.081553	24.052094	24.027082	24.003426	23.977863	23.957804	23.932112	23.913868	23.892492	23.875513	23.853376	23.834799	23.812481	23.80303	23.785042	23.766006	23.749743	23.734066	23.724028	23.705463	23.69059	23.679777	23.660246	23.646677	23.637722	23.62537	23.611111	23.59424	23.584972	23.576126	23.566006	23.552107	23.540129	23.529032	23.523163	23.512436	23.500202	23.492098	23.477057	23.469442	23.460138	23.449062	23.462488	23.456894	23.446434	23.439642	23.422794	23.416399	23.405317	23.401091	23.388906	23.385412	23.377733	23.369543	23.359291	23.345575	23.343225	23.333628	23.322613
498	23.837675	23.807661	23.778328	23.750347	23.72707	23.702843	23.682243	23.663559	23.639547	23.622353	23.602058	23.586613	23.566366	23.550144	23.530962	23.519125	23.504168	23.487923	23.470398	23.458218	23.449707	23.431822	23.417036	23.408064	23.390276	23.376844	23.368721	23.359341	23.344667	23.329453	23.321142	23.313501	23.303608	23.291142	23.278233	23.270098	23.263296	23.25354	23.242733	23.236195	23.220808	23.215559	23.205729	23.196438	23.210285	23.206482	23.195133	23.190207	23.176004	23.170727	23.159014	23.154766	23.143818	23.138252	23.134548	23.126627	23.115488	23.102219	23.101997	23.092745	23.081654
499	23.532515	23.507395	23.481112	23.454571	23.432997	23.408213	23.392477	23.375139	23.352777	23.336611	23.317375	23.303431	23.285044	23.271128	23.255014	23.240845	23.228853	23.215343	23.196583	23.187836	23.180819	23.163601	23.148899	23.141735	23.125654	23.112354	23.105047	23.098581	23.0835	23.069906	23.062536	23.056074	23.046402	23.035349	23.021526	23.016287	23.008575	22.999773	22.99036	22.985357	22.969633	22.966705	22.95636	22.948814	22.963078	22.961029	22.948814	22.945713	22.934101	22.929918	22.917585	22.913319	22.903582	22.895987	22.896185	22.888525	22.876514	22.863684	22.865549	22.856632	22.845467
500	23.213573	23.191757	23.168358	23.144262	23.124092	23.100965	23.088301	23.072775	23.051163	23.037443	23.020306	23.006865	22.990154	22.978254	22.963711	22.950111	22.939489	22.927471	22.910172	22.902708	22.896561	22.880739	22.867302	22.860237	22.846542	22.833385	22.827547	22.822233	22.80794	22.79607	22.789505	22.784107	22.774723	22.765472	22.752125	22.747555	22.739931	22.731916	22.72356	22.719404	22.704849	22.702112	22.693293	22.685726	22.700951	22.700464	22.688229	22.685877	22.675743	22.672794	22.660753	22.657701	22.648529	22.641169	22.641706	22.634657	22.622499	22.61125	22.614491	22.605251	22.594057
501	22.883711	22.863764	22.84309	22.822329	22.803286	22.783779	22.772579	22.759272	22.737606	22.727579	22.713455	22.699629	22.684427	22.674282	22.659966	22.649519	22.63884	22.627199	22.613754	22.605656	22.599817	22.586037	22.574911	22.566429	22.555706	22.5427	22.538908	22.533176	22.520721	22.510668	22.504776	22.500341	22.491302	22.484198	22.472563	22.466663	22.460026	22.452644	22.445042	22.441114	22.429062	22.42462	22.419138	22.409981	22.426649	22.427546	22.41605	22.413486	22.403828	22.402233	22.391285	22.390547	22.381363	22.376242	22.373957	22.367828	22.356171	22.347502	22.35149	22.341335	22.330149
502	22.561308	22.543186	22.525175	22.507671	22.489735	22.47377	22.463999	22.452856	22.431141	22.424723	22.413544	22.39934	22.385616	22.377186	22.363092	22.355724	22.344988	22.333715	22.324039	22.315321	22.309784	22.297998	22.289135	22.279266	22.271448	22.258591	22.256794	22.250656	22.24	22.231722	22.226488	22.222992	22.214294	22.209284	22.199322	22.192123	22.186453	22.179689	22.172823	22.169117	22.159513	22.1534	22.151182	22.140469	22.158548	22.160799	22.15003	22.147255	22.138062	22.137789	22.127913	22.129436	22.120235	22.117306	22.112261	22.107033	22.095861	22.089724	22.094437	22.083387	22.07221
503	22.239273	22.223864	22.208172	22.193632	22.177113	22.164341	22.15589	22.146664	22.125515	22.122253	22.113518	22.099272	22.087208	22.080444	22.066925	22.061962	22.051733	22.040834	22.033981	22.025274	22.019962	22.010113	22.003237	21.992651	21.987162	21.974699	21.974396	21.968231	21.959362	21.952305	21.948061	21.945215	21.937088	21.933569	21.925446	21.91717	21.912548	21.906357	21.900389	21.89702	21.889349	21.882412	21.882383	21.870895	21.890446	21.893661	21.883526	21.880711	21.872124	21.872845	21.863935	21.867075	21.858324	21.856989	21.850151	21.845964	21.835392	21.831114	21.83633	21.824951	21.814363
504	21.894934	21.886257	21.871576	21.858959	21.84531	21.834497	21.826962	21.81872	21.80085	21.799017	21.790741	21.777891	21.768412	21.763239	21.75186	21.746555	21.739288	21.728819	21.720957	21.714964	21.709545	21.701557	21.695635	21.687151	21.681677	21.670702	21.669827	21.665302	21.658281	21.650156	21.648397	21.645012	21.638491	21.633974	21.628561	21.620039	21.616926	21.611158	21.606829	21.604311	21.596508	21.592321	21.590038	21.581068	21.602449	21.605045	21.595215	21.593071	21.585752	21.586115	21.577782	21.579899	21.573631	21.571447	21.566835	21.564381	21.554926	21.549778	21.554579	21.545254	21.537807
505	21.559298	21.557184	21.543489	21.532743	21.521896	21.512989	21.506348	21.499069	21.484392	21.483955	21.476124	21.464638	21.457676	21.454052	21.444759	21.439121	21.434746	21.424696	21.415846	21.412498	21.406975	21.400805	21.395813	21.389378	21.383915	21.374393	21.372955	21.370031	21.364815	21.355648	21.356308	21.352394	21.347441	21.341953	21.339178	21.330425	21.328775	21.323423	21.320688	21.319004	21.311073	21.309563	21.305082	21.298569	21.321735	21.323729	21.31419	21.312704	21.30662	21.306633	21.298862	21.299982	21.296137	21.293123	21.290682	21.289913	21.281549	21.275551	21.279951	21.272629	21.268246
506	21.232042	21.236328	21.223591	21.214672	21.206553	21.199505	21.193737	21.187395	21.175835	21.176756	21.169361	21.159203	21.154694	21.152584	21.145323	21.13936	21.137802	21.12816	21.118351	21.11758	21.111959	21.107555	21.103474	21.099033	21.093584	21.085476	21.083494	21.08213	21.078669	21.068489	21.071512	21.06708	21.063656	21.057222	21.057016	21.048037	21.047817	21.04287	21.041695	21.040819	21.032759	21.033865	21.027241	21.023117	21.048027	21.049431	21.040184	21.039333	21.034454	21.034128	21.026905	21.027054	21.025566	21.021744	21.021421	21.022299	21.014997	21.008171	21.012178	21.006805	21.005411
507	20.883625	20.891874	20.882309	20.875135	20.869877	20.863476	20.859552	20.854605	20.846098	20.846695	20.839975	20.832489	20.829063	20.828243	20.821188	20.816473	20.815405	20.807962	20.799301	20.799494	20.794491	20.790737	20.786888	20.785107	20.780193	20.773527	20.771299	20.771643	20.767876	20.759172	20.761009	20.758671	20.755846	20.74996	20.750336	20.742413	20.743025	20.740267	20.738163	20.73761	20.729395	20.732195	20.72735	20.72345	20.75001	20.75206	20.744143	20.743586	20.738523	20.73914	20.732885	20.734015	20.732761	20.729803	20.730038	20.731153	20.724617	20.720335	20.724045	20.718515	20.71806
508	20.539774	20.551468	20.545382	20.5399	20.537453	20.531473	20.529526	20.526018	20.520483	20.520468	20.514446	20.509808	20.507198	20.507593	20.50042	20.497196	20.496201	20.491219	20.484051	20.484898	20.480625	20.477306	20.473566	20.474499	20.470203	20.464949	20.46253	20.464569	20.460144	20.453318	20.453375	20.453537	20.451134	20.446045	20.446632	20.439976	20.44129	20.440983	20.43754	20.437214	20.428843	20.433136	20.430717	20.426655	20.454805	20.457703	20.451267	20.450941	20.445459	20.447214	20.441984	20.44441	20.443008	20.441189	20.441694	20.442793	20.436954	20.435747	20.439184	20.433132	20.433228
509	20.205601	20.220642	20.217934	20.214096	20.214386	20.208817	20.208784	20.206676	20.204029	20.203419	20.198078	20.196205	20.194391	20.195969	20.188681	20.186905	20.185976	20.18339	20.177673	20.179157	20.175591	20.172699	20.169064	20.17263	20.168936	20.165052	20.162451	20.166136	20.16107	20.156071	20.154398	20.156986	20.154997	20.150682	20.15148	20.146049	20.148046	20.150122	20.145378	20.145269	20.136745	20.142494	20.142429	20.13821	20.16791	20.171631	20.166636	20.166531	20.160639	20.163506	20.159266	20.162954	20.161413	20.160698	20.161467	20.16255	20.157387	20.159166	20.16234	20.155781	20.156416
510	19.864201	19.882399	19.882063	19.880014	19.882423	19.878281	19.879841	19.878931	19.878147	19.878689	19.873823	19.873854	19.872972	19.875374	19.869032	19.868238	19.867971	19.866762	19.862812	19.865479	19.862011	19.860748	19.857063	19.8624	19.858589	19.855659	19.85405	19.858381	19.853512	19.850744	19.848555	19.852365	19.850807	19.84741	19.84819	19.843796	19.847076	19.850033	19.845161	19.846025	19.838573	19.844891	19.845768	19.841721	19.872362	19.876394	19.872965	19.873371	19.867086	19.871244	19.868565	19.871885	19.871367	19.871998	19.872614	19.874657	19.869883	19.872705	19.876398	19.870348	19.871181
511	19.517124	19.538298	19.539381	19.539249	19.543194	19.541418	19.54427	19.544371	19.544489	19.5478	19.543215	19.54435	19.544529	19.547419	19.543009	19.542749	19.543692	19.542923	19.541023	19.545382	19.541441	19.542923	19.539028	19.545334	19.540743	19.538383	19.538841	19.5429	19.538992	19.538836	19.537254	19.541168	19.540051	19.537701	19.53826	19.534719	19.539837	19.542278	19.53837	19.540899	19.535656	19.541719	19.542217	19.538649	19.569666	19.573534	19.571781	19.572966	19.566305	19.57192	19.571327	19.572762	19.574347	19.57654	19.576628	19.580519	19.575874	19.577919	19.582867	19.578272	19.578989
512	19.180426	19.204485	19.206947	19.208675	19.214109	19.214636	19.218735	19.219814	19.220808	19.226807	19.222498	19.224699	19.225908	19.229271	19.226734	19.226995	19.229111	19.228767	19.228859	19.234854	19.230457	19.234602	19.230507	19.237751	19.232405	19.230595	19.233059	19.236851	19.233879	19.236256	19.235268	19.239277	19.238588	19.237255	19.237597	19.234886	19.241787	19.243727	19.240755	19.244896	19.2418	19.247618	19.247746	19.244644	19.276024	19.279728	19.279604	19.281546	19.274519	19.281548	19.282976	19.282583	19.286209	19.289919	19.289488	19.295183	19.290657	19.29195	19.298115	19.294931	19.295532
513	18.847843	18.874403	18.878494	18.882095	18.888985	18.891832	18.896978	18.899214	18.901073	18.909233	18.905785	18.908642	18.910936	18.915049	18.914133	18.915071	18.918211	18.918247	18.9202	18.927443	18.923075	18.929237	18.925453	18.93335	18.927568	18.926287	18.930679	18.934408	18.93214	18.936958	18.936481	18.940592	18.940304	18.94001	18.94034	18.938593	18.946787	18.948538	18.946449	18.952038	18.950363	18.956034	18.956482	18.953737	18.985563	18.989094	18.990452	18.993103	18.986008	18.994184	18.997257	18.995638	19.000824	19.005997	19.005302	19.012367	19.008139	19.008835	19.015968	19.014376	19.014841
514	18.497314	18.524847	18.531923	18.537668	18.545998	18.551552	18.556915	18.561266	18.564049	18.572124	18.572384	18.574047	18.577805	18.584053	18.583752	18.586174	18.589766	18.59	18.593424	18.600199	18.598152	18.603516	18.602495	18.609762	18.605024	18.604214	18.61039	18.615007	18.612427	18.619516	18.619249	18.623493	18.62351	18.624472	18.625748	18.625731	18.633041	18.636065	18.63471	18.641108	18.637609	18.643591	18.647633	18.644783	18.677498	18.680769	18.683109	18.686317	18.680536	18.68873	18.691854	18.691713	18.696365	18.702906	18.703121	18.709673	18.706614	18.707399	18.714417	18.715452	18.71566
515	18.157907	18.186382	18.19635	18.204172	18.213894	18.222069	18.227642	18.234041	18.237717	18.245714	18.249563	18.250067	18.255243	18.263557	18.263853	18.267714	18.271742	18.272169	18.277016	18.283339	18.283541	18.288128	18.289785	18.296442	18.292717	18.292362	18.300261	18.30574	18.302856	18.312151	18.312084	18.316458	18.316769	18.318945	18.321138	18.322796	18.32925	18.333508	18.332865	18.340048	18.33478	18.341061	18.348585	18.345633	18.379204	18.382233	18.385515	18.389263	18.38476	18.392969	18.396143	18.39743	18.401566	18.409431	18.41053	18.416582	18.414656	18.415529	18.422436	18.426014	18.425972
516	17.829107	17.858492	17.871262	17.881092	17.892166	17.90288	17.908657	17.917042	17.921579	17.929501	17.936827	17.936209	17.942759	17.953075	17.953947	17.959204	17.963652	17.964266	17.970491	17.976376	17.978756	17.982595	17.986841	17.992914	17.990166	17.990253	17.999823	18.006138	18.002958	18.014385	18.014515	18.019012	18.019609	18.022963	18.026045	18.029324	18.034952	18.040401	18.040447	18.048391	18.041414	18.047983	18.058878	18.055828	18.090231	18.093018	18.097221	18.101492	18.098219	18.106449	18.109669	18.112343	18.115978	18.125124	18.127081	18.132648	18.131821	18.132774	18.139572	18.145617	18.145332
517	17.485077	17.517481	17.532707	17.543484	17.556284	17.567226	17.575764	17.584873	17.590317	17.599421	17.607693	17.60836	17.616745	17.626537	17.62923	17.634207	17.639967	17.642067	17.64784	17.654598	17.658094	17.662468	17.66807	17.674433	17.672834	17.673904	17.682665	17.690533	17.688654	17.698769	17.701262	17.706627	17.707699	17.711239	17.71628	17.719109	17.725153	17.730722	17.731989	17.740301	17.733971	17.74255	17.751518	17.75075	17.784252	17.789095	17.793232	17.798044	17.795258	17.80369	17.807703	17.811121	17.815176	17.823616	17.827147	17.832638	17.833267	17.834339	17.841894	17.848221	17.848061
518	17.147305	17.183062	17.200609	17.212099	17.226654	17.237368	17.249088	17.258654	17.264994	17.275492	17.284189	17.286579	17.296839	17.305626	17.310337	17.314714	17.321926	17.325726	17.330698	17.338562	17.342937	17.34808	17.354763	17.361582	17.361135	17.363264	17.370752	17.380268	17.379969	17.388136	17.393353	17.399704	17.401276	17.404804	17.411964	17.413948	17.420643	17.426119	17.428675	17.437273	17.432032	17.442905	17.448959	17.450874	17.483162	17.490452	17.494335	17.499676	17.497217	17.505884	17.510815	17.514832	17.519476	17.526838	17.532045	17.537537	17.539654	17.540854	17.549311	17.555485	17.555515
519	16.820604	16.8596	16.879396	16.891573	16.907825	16.918318	16.933121	16.94313	16.950333	16.962179	16.971287	16.975346	16.987419	16.99523	17.001892	17.005692	17.014305	17.019747	17.023949	17.032881	17.038107	17.043995	17.05172	17.058983	17.05965	17.062803	17.069063	17.080175	17.081402	17.087683	17.095531	17.102844	17.104895	17.10841	17.117619	17.11879	17.12611	17.131496	17.135303	17.144175	17.139986	17.153082	17.156313	17.160824	17.19194	17.201601	17.205235	17.211086	17.208944	17.217838	17.223656	17.228252	17.233465	17.239784	17.246613	17.252108	17.255665	17.256981	17.266317	17.272343	17.272558
520	16.49007	16.531435	16.552723	16.565996	16.583412	16.594614	16.611471	16.622255	16.630333	16.643276	16.65295	16.659039	16.67181	16.679543	16.687307	16.691212	16.700863	16.707891	16.712208	16.722055	16.727722	16.734058	16.742031	16.750113	16.752035	16.75631	16.762375	16.774246	16.776747	16.78153	16.791479	16.79973	16.802465	16.80617	16.816486	16.817663	16.825609	16.831394	16.835714	16.845043	16.843012	16.856152	16.858011	16.864031	16.895029	16.906017	16.909231	16.916239	16.914984	16.924156	16.929827	16.935247	16.941072	16.947289	16.954878	16.960325	16.96492	16.967325	16.976166	16.982601	16.983326
521	16.156149	16.199015	16.221043	16.235825	16.25387	16.266701	16.284599	16.296486	16.305447	16.319231	16.329628	16.3381	16.350475	16.359005	16.367035	16.371717	16.382048	16.390598	16.395908	16.406519	16.41222	16.418715	16.426146	16.435421	16.438734	16.444227	16.451124	16.462919	16.466444	16.470123	16.48163	16.490805	16.494429	16.498514	16.509005	16.511007	16.519569	16.526236	16.530348	16.540314	16.541525	16.552565	16.554482	16.560928	16.592854	16.604141	16.606764	16.615564	16.615755	16.625257	16.629761	16.636244	16.642723	16.649767	16.657269	16.662621	16.667847	16.672302	16.679296	16.686687	16.688246
522	15.833695	15.878013	15.90076	15.916991	15.935644	15.950051	15.968954	15.981907	15.991719	16.006317	16.01741	16.028191	16.040174	16.049477	16.057766	16.063196	16.074181	16.084204	16.090473	16.10182	16.107555	16.114201	16.121111	16.13154	16.136196	16.142862	16.15056	16.162283	16.1668	16.169409	16.182426	16.192493	16.196974	16.201424	16.212086	16.214888	16.224047	16.23156	16.23547	16.246054	16.250391	16.259405	16.261375	16.268236	16.30106	16.312632	16.314688	16.325218	16.326805	16.336626	16.34	16.347511	16.354626	16.362465	16.369881	16.375141	16.380976	16.387413	16.392626	16.40094	16.403303
523	15.517998	15.563725	15.587208	15.604837	15.624173	15.640018	15.659745	15.673656	15.684596	15.699755	15.711413	15.724304	15.735999	15.74609	15.754928	15.761045	15.772468	15.783678	15.79108	15.803059	15.808932	15.815886	15.822497	15.833802	15.839742	15.847569	15.856036	15.867461	15.873055	15.874799	15.889159	15.899873	15.905231	15.910167	15.920821	15.924372	15.934247	15.942544	15.946336	15.95733	15.964132	15.971672	15.973955	15.981189	16.014692	16.026417	16.028236	16.040152	16.042887	16.053057	16.05588	16.064024	16.071999	16.080492	16.087849	16.093122	16.099546	16.107454	16.111391	16.12056	16.123739
524	15.19057	15.237697	15.262142	15.281096	15.301596	15.318375	15.338078	15.352535	15.366229	15.38069	15.392302	15.406604	15.418463	15.42955	15.440591	15.447145	15.457937	15.468982	15.478613	15.490752	15.497364	15.505496	15.512959	15.523805	15.530901	15.539977	15.549175	15.55904	15.566346	15.568183	15.58321	15.593347	15.599833	15.605943	15.615643	15.619802	15.631144	15.640007	15.644111	15.65448	15.660567	15.669362	15.673375	15.680814	15.713957	15.725128	15.728478	15.74013	15.742859	15.753603	15.758866	15.765635	15.775828	15.78429	15.791726	15.797578	15.804559	15.811435	15.816607	15.826411	15.830586
525	14.874933	14.92341	14.948782	14.969012	14.990635	15.008312	15.027994	15.042978	15.059328	15.073112	15.084682	15.100344	15.112363	15.124412	15.137574	15.144547	15.154732	15.16562	15.177398	15.189692	15.197013	15.206285	15.214565	15.22497	15.233181	15.243462	15.253365	15.261726	15.270683	15.272612	15.28828	15.297861	15.305431	15.312676	15.321454	15.326203	15.338957	15.348365	15.352766	15.362537	15.367932	15.377937	15.383619	15.391256	15.42405	15.43469	15.439512	15.450914	15.453635	15.464931	15.472545	15.477989	15.490322	15.498757	15.506263	15.512675	15.520194	15.526074	15.532438	15.542854	15.547993
526	14.570466	14.620243	14.646509	14.66797	14.690677	14.709221	14.72888	14.744374	14.763287	14.776418	14.787947	14.80492	14.81709	14.830068	14.845278	14.852658	14.862256	14.872991	14.88684	14.899283	14.90729	14.91766	14.926731	14.936705	14.945995	14.957438	14.968019	14.97493	14.985479	14.987497	15.003784	15.012829	15.021446	15.029783	15.037674	15.042992	15.057106	15.067041	15.071732	15.08092	15.085651	15.096823	15.104115	15.111942	15.144401	15.154527	15.160769	15.17193	15.174643	15.186472	15.196355	15.200522	15.214915	15.223324	15.230903	15.237851	15.245889	15.25081	15.258323	15.26933	15.275393
527	14.255182	14.306013	14.334013	14.355818	14.379601	14.399378	14.419667	14.435177	14.454129	14.468106	14.481104	14.497272	14.509737	14.524205	14.540037	14.548512	14.5585	14.569691	14.583672	14.595753	14.605866	14.616307	14.62629	14.636162	14.646442	14.657983	14.668688	14.677042	14.68642	14.691858	14.705704	14.716715	14.724319	14.733667	14.741728	14.748621	14.76189	14.77196	14.778026	14.786805	14.792928	14.8043	14.811934	14.82039	14.852704	14.863293	14.870216	14.880283	14.884184	14.896317	14.90649	14.911981	14.924484	14.934379	14.942143	14.949538	14.956895	14.963057	14.971375	14.981669	14.988944
528	13.946751	13.998549	14.028414	14.05036	14.075186	14.096238	14.117284	14.132696	14.151138	14.166265	14.181018	14.195943	14.20872	14.22476	14.240883	14.25057	14.261156	14.272921	14.286598	14.29822	14.310692	14.320975	14.33187	14.341712	14.352939	14.364341	14.37504	14.385433	14.393067	14.402558	14.413362	14.426832	14.433	14.443308	14.451766	14.460413	14.472376	14.482491	14.490126	14.498546	14.506477	14.517832	14.525517	14.534676	14.566894	14.578146	14.585568	14.594388	14.599705	14.612079	14.622101	14.629449	14.63925	14.650919	14.658889	14.666695	14.67313	14.680979	14.690006	14.699322	14.70783
529	13.64968	13.702411	13.734073	13.756151	13.781982	13.804264	13.826038	13.841361	13.859308	13.875541	13.891985	13.905711	13.918793	13.936347	13.952748	13.963606	13.974767	13.987083	14.000471	14.011647	14.026392	14.036524	14.048295	14.05811	14.070244	14.081514	14.092209	14.104565	14.110519	14.123915	14.131786	14.147626	14.152411	14.163645	14.172487	14.182821	14.193523	14.203684	14.212835	14.220905	14.230577	14.241915	14.249653	14.259486	14.291613	14.303504	14.311404	14.319022	14.325704	14.338313	14.348189	14.357326	14.36452	14.377899	14.38607	14.394267	14.399817	14.40929	14.418997	14.427373	14.437072
530	13.352619	13.406016	13.438706	13.461691	13.488483	13.511335	13.53359	13.549301	13.567354	13.584487	13.602057	13.614784	13.628883	13.647069	13.663382	13.675305	13.687231	13.699828	13.713199	13.725029	13.740264	13.750978	13.762896	13.773624	13.785848	13.797056	13.808118	13.821703	13.827498	13.842228	13.84957	13.865693	13.871137	13.88278	13.892039	13.903194	13.913162	13.923756	13.933328	13.941828	13.951924	13.96326	13.971402	13.981228	14.014409	14.026485	14.034881	14.042211	14.049083	14.062645	14.072127	14.082148	14.088236	14.102723	14.11151	14.120354	14.125329	14.135263	14.14548	14.153854	14.163682
531	13.05459	13.108375	13.141276	13.165988	13.193695	13.216424	13.238898	13.255506	13.274302	13.29212	13.310218	13.322155	13.338034	13.355921	13.371748	13.38464	13.39753	13.410118	13.42376	13.437411	13.451256	13.46333	13.474618	13.487265	13.498706	13.509931	13.52175	13.53579	13.543036	13.556383	13.565739	13.579933	13.588206	13.599709	13.609428	13.62049	13.630274	13.641707	13.650549	13.660299	13.669433	13.680783	13.689701	13.69879	13.734253	13.746031	13.754938	13.762951	13.76877	13.784045	13.792871	13.802817	13.809387	13.824348	13.834199	13.843954	13.848689	13.857847	13.868395	13.877765	13.886595
532	12.767344	12.8215	12.854608	12.880985	12.909575	12.932181	12.95487	12.97234	12.991852	13.010332	13.028939	13.040115	13.057709	13.075309	13.090666	13.104489	13.118313	13.130892	13.144797	13.160203	13.172704	13.186089	13.196773	13.211264	13.221952	13.233193	13.245747	13.260224	13.268866	13.280882	13.292178	13.304515	13.315514	13.32688	13.337043	13.348013	13.35762	13.369867	13.378002	13.38896	13.397163	13.408525	13.418193	13.426572	13.464231	13.475725	13.485126	13.493794	13.498598	13.515526	13.52372	13.533597	13.540628	13.556046	13.56692	13.577555	13.58206	13.590468	13.601335	13.611664	13.619534
533	12.486008	12.540607	12.573926	12.60181	12.631189	12.653798	12.676686	12.695024	12.71522	12.734173	12.753123	12.763951	12.782952	12.800321	12.815303	12.829977	12.844619	12.857263	12.871361	12.888293	12.899804	12.914288	12.924467	12.940553	12.950656	12.961986	12.975142	12.990009	12.999755	13.010748	13.023731	13.034579	13.047874	13.059171	13.069795	13.080621	13.090287	13.103144	13.110701	13.122639	13.130312	13.141743	13.151996	13.159859	13.199203	13.210635	13.220373	13.229749	13.233694	13.251996	13.259665	13.269472	13.277064	13.292921	13.304554	13.315816	13.320366	13.32821	13.339208	13.350433	13.357541
534	12.18654	12.242081	12.275699	12.304393	12.334138	12.357512	12.380562	12.399949	12.420776	12.439118	12.45742	12.470448	12.489186	12.506639	12.521746	12.536937	12.55185	12.565046	12.578933	12.596236	12.608774	12.623252	12.633465	12.649867	12.66032	12.672226	12.685293	12.700321	12.709546	12.72126	12.734649	12.746045	12.759389	12.771016	12.782296	12.792617	12.803836	12.816152	12.823823	12.835518	12.84506	12.856923	12.866857	12.87532	12.913449	12.926229	12.935374	12.945922	12.949832	12.968026	12.975736	12.985478	12.994342	13.010589	13.021493	13.031925	13.038257	13.046559	13.056559	13.068466	13.075908
535	11.897354	11.953805	11.987711	12.017191	12.047287	12.0714	12.094606	12.115006	12.136443	12.154194	12.17187	12.187024	12.20551	12.223042	12.238268	12.253961	12.269135	12.282864	12.296547	12.314208	12.32774	12.342211	12.352456	12.369162	12.379954	12.392416	12.405396	12.420581	12.429304	12.441711	12.455493	12.467419	12.480808	12.492754	12.504671	12.514503	12.52722	12.539016	12.546796	12.558258	12.569602	12.581883	12.59151	12.600552	12.637508	12.651588	12.660161	12.671839	12.675719	12.693808	12.701556	12.711236	12.721329	12.737952	12.748151	12.757783	12.765837	12.774584	12.783617	12.796182	12.803945
536	11.617931	11.675263	11.709443	11.739681	11.77012	11.794945	11.818303	11.839684	11.861709	11.878889	11.895961	11.913166	11.931408	11.949019	11.964362	11.980535	11.995961	12.010205	12.023692	12.0417	12.056192	12.070657	12.080934	12.097934	12.109053	12.122049	12.134949	12.150284	12.158519	12.1716	12.18576	12.198197	12.211635	12.223887	12.236416	12.245779	12.259945	12.271234	12.27912	12.290355	12.303443	12.316128	12.325455	12.335057	12.370881	12.386217	12.394239	12.407009	12.410857	12.428844	12.436633	12.446249	12.457531	12.474518	12.484035	12.492895	12.502611	12.511786	12.519887	12.53309	12.541162
537	11.319916	11.377205	11.412333	11.443242	11.474157	11.499025	11.522754	11.544699	11.566274	11.584178	11.601838	11.619375	11.637707	11.655005	11.670733	11.687328	11.703432	11.71768	11.731565	11.749865	11.76429	11.777988	11.789727	11.806204	11.817645	11.831273	11.844786	11.860011	11.868466	11.88242	11.895843	11.908912	11.923035	11.934642	11.946898	11.956786	11.971411	11.982589	11.991561	12.002711	12.015249	12.028913	12.038351	12.04829	12.083593	12.09891	12.107248	12.120131	12.124187	12.142535	12.150261	12.160748	12.172153	12.188604	12.197837	12.207748	12.21715	12.226431	12.235218	12.248145	12.25705
538	11.024028	11.081044	11.117266	11.148808	11.180225	11.204967	11.229113	11.251501	11.272378	11.291315	11.30985	11.327277	11.345781	11.362677	11.378849	11.395842	11.412711	11.426835	11.441258	11.459831	11.473929	11.486692	11.500217	11.515977	11.527733	11.542003	11.556288	11.571341	11.580191	11.59504	11.607466	11.621184	11.636139	11.646872	11.658642	11.669295	11.684119	11.695285	11.705564	11.71667	11.728089	11.742855	11.752509	11.762719	11.797665	11.812644	11.821509	11.834256	11.838578	11.857394	11.865029	11.876602	11.887862	11.903563	11.91262	11.924017	11.932614	11.941915	11.951781	11.964209	11.974058
539	10.737271	10.794023	10.831303	10.863459	10.895364	10.919981	10.944532	10.967352	10.987552	11.007491	11.026871	11.044191	11.062864	11.07937	11.095972	11.113349	11.130963	11.144966	11.159911	11.178746	11.192532	11.204384	11.219644	11.234705	11.246766	11.261656	11.276693	11.291579	11.300809	11.316531	11.327988	11.342338	11.358095	11.367984	11.379281	11.390676	11.405691	11.416847	11.428391	11.439456	11.449794	11.465626	11.475486	11.485958	11.520561	11.535211	11.544586	11.557202	11.56178	11.581051	11.588602	11.601225	11.612344	11.627316	11.6362	11.649041	11.656858	11.666177	11.677088	11.689034	11.6998
540	10.455542	10.512007	10.549973	10.582339	10.615147	10.639758	10.664483	10.687891	10.707945	10.728378	10.748259	10.765527	10.784486	10.801311	10.81785	10.835768	10.853579	10.867615	10.883275	10.902175	10.915661	10.927601	10.943659	10.957893	10.970513	10.985698	11.001327	11.0162	11.026006	11.041923	11.053363	11.068158	11.083599	11.09329	11.104348	11.116556	11.131564	11.142699	11.154817	11.165976	11.176059	11.192028	11.202511	11.212985	11.247585	11.26217	11.271713	11.284494	11.289683	11.308614	11.316316	11.329692	11.340722	11.355484	11.364349	11.37749	11.385287	11.394843	11.406573	11.417768	11.428767
541	10.177385	10.233536	10.27176	10.303864	10.338071	10.362811	10.387443	10.411625	10.432155	10.452493	10.472475	10.489753	10.50914	10.527115	10.543015	10.561658	10.579033	10.593282	10.609887	10.628617	10.641822	10.655011	10.670782	10.684034	10.697515	10.712615	10.728654	10.743698	10.754311	10.769627	10.782167	10.797196	10.811007	10.821256	10.832349	10.845455	10.860223	10.87133	10.883214	10.894628	10.905419	10.920444	10.932038	10.942209	10.977208	10.992028	11.001347	11.014641	11.02086	11.03852	11.046647	11.060435	11.071439	11.086593	11.095617	11.107727	11.116389	11.126442	11.13873	11.148858	11.159296
542	9.906865	9.96271	10.001185	10.033034	10.068602	10.093468	10.11801	10.142944	10.163937	10.184182	10.204262	10.221551	10.241356	10.260448	10.275726	10.295074	10.312024	10.326482	10.344006	10.362573	10.375503	10.389905	10.405399	10.417693	10.432013	10.447028	10.463468	10.478678	10.490075	10.504809	10.518416	10.533675	10.5459	10.55669	10.567817	10.581799	10.596332	10.60741	10.61907	10.630729	10.64221	10.656314	10.668991	10.678866	10.714253	10.729305	10.738401	10.752196	10.759415	10.77584	10.784384	10.798572	10.809547	10.825084	10.834263	10.845369	10.854874	10.865407	10.878242	10.887332	10.897223
543	9.647054	9.702491	9.741293	9.772948	9.809571	9.834633	9.859144	9.884713	9.906077	9.926311	9.946499	9.963785	9.984027	10.004085	10.018892	10.038727	10.05541	10.070059	10.088299	10.106849	10.119532	10.134959	10.150281	10.161824	10.176916	10.191915	10.208662	10.223964	10.236027	10.250356	10.264848	10.280342	10.291232	10.302444	10.313756	10.328453	10.342834	10.353816	10.365299	10.377195	10.389309	10.402645	10.416185	10.425878	10.461587	10.476807	10.485895	10.499956	10.508153	10.523402	10.532431	10.546825	10.557821	10.573611	10.582983	10.593303	10.603447	10.614469	10.62777	10.635995	10.645424
544	9.420921	9.47508	9.51486	9.546765	9.582278	9.608124	9.633062	9.658441	9.679545	9.700409	9.720805	9.737971	9.758904	9.778929	9.794342	9.81306	9.830659	9.845401	9.862905	9.882589	9.895178	9.910358	9.92631	9.938559	9.954072	9.969553	9.985946	10.00079	10.012706	10.027948	10.042052	10.057903	10.069143	10.079916	10.092632	10.106939	10.121779	10.132114	10.14376	10.155875	10.168294	10.18189	10.194783	10.205114	10.24069	10.255634	10.266365	10.278925	10.28811	10.302418	10.312578	10.325709	10.337085	10.352198	10.362092	10.373161	10.382488	10.394132	10.407392	10.415939	10.425464
545	9.200221	9.253133	9.293867	9.326016	9.360447	9.387055	9.412411	9.437604	9.458455	9.479936	9.500534	9.517583	9.539189	9.559183	9.575188	9.592814	9.611307	9.62614	9.642927	9.663719	9.676215	9.691154	9.70772	9.720657	9.736582	9.752533	9.768579	9.782977	9.794749	9.810884	9.824609	9.840808	9.85239	9.862735	9.876822	9.890746	9.906037	9.915739	9.927544	9.939872	9.952588	9.96644	9.978702	9.989653	10.025101	10.039776	10.052111	10.063205	10.073355	10.086743	10.098006	10.109904	10.121651	10.136106	10.146507	10.15831	10.166838	10.179087	10.192308	10.201171	10.210792
546	8.984763	9.036456	9.078123	9.11051	9.143882	9.171239	9.197001	9.222013	9.242617	9.264697	9.285494	9.302429	9.324693	9.344658	9.361238	9.377799	9.397164	9.412087	9.428172	9.450047	9.462453	9.477156	9.49432	9.507931	9.524258	9.540668	9.556377	9.570338	9.581969	9.598975	9.61233	9.628869	9.640786	9.650712	9.666138	9.679689	9.695418	9.704504	9.716462	9.728999	9.742007	9.756107	9.767751	9.77931	9.814632	9.829044	9.842942	9.852609	9.863699	9.876192	9.888532	9.899226	9.911334	9.925145	9.936043	9.948562	9.956307	9.969151	9.982333	9.991504	10.001215
547	8.797496	8.84904	8.891084	8.923881	8.957203	8.984767	9.010831	9.035682	9.056459	9.078895	9.099562	9.116979	9.139048	9.158949	9.176417	9.192174	9.211707	9.227176	9.243013	9.26443	9.27752	9.292517	9.309741	9.324308	9.339735	9.356425	9.371613	9.386412	9.397959	9.41439	9.428156	9.444631	9.456882	9.467215	9.482834	9.495762	9.511278	9.521337	9.533141	9.546044	9.558987	9.572532	9.584947	9.596614	9.632553	9.646852	9.659798	9.670607	9.681458	9.694115	9.706347	9.717105	9.730181	9.742878	9.75393	9.76673	9.774281	9.786655	9.799875	9.80998	9.819205
548	8.621197	8.672905	8.715158	8.748408	8.781978	8.809589	8.83592	8.860617	8.88169	8.904402	8.924845	8.942911	8.964539	8.98437	9.002804	9.01784	9.037336	9.053473	9.069199	9.08972	9.103708	9.119148	9.136272	9.151865	9.166029	9.182944	9.19756	9.213557	9.225038	9.240482	9.25488	9.271176	9.283757	9.294727	9.310206	9.322448	9.337564	9.349045	9.360604	9.373918	9.386691	9.399454	9.413034	9.424661	9.461424	9.475656	9.486932	9.499616	9.509887	9.523013	9.534795	9.545985	9.560189	9.571652	9.582759	9.595709	9.603236	9.614841	9.62812	9.639328	9.647905
549	8.448669	8.500538	8.542995	8.576691	8.610498	8.638159	8.66475	8.689298	8.710659	8.733642	8.753865	8.772566	8.793763	8.813523	8.832904	8.847238	8.866696	8.883488	8.899101	8.918747	8.933613	8.949487	8.966515	8.98311	8.996038	9.013172	9.027234	9.0444	9.055814	9.070295	9.08531	9.10143	9.114335	9.12593	9.141272	9.152839	9.167565	9.180436	9.191758	9.205472	9.218081	9.230078	9.244798	9.256387	9.293955	9.308119	9.317762	9.33228	9.341985	9.355571	9.366912	9.378527	9.393833	9.40409	9.415249	9.428346	9.435849	9.446702	9.460039	9.472326	9.480268
550	8.283293	8.33486	8.376996	8.411105	8.444864	8.472645	8.499288	8.523869	8.545511	8.568855	8.588391	8.608219	8.628944	8.648635	8.668176	8.682627	8.701985	8.719187	8.734783	8.7541	8.769229	8.785549	8.802417	8.819569	8.832114	8.849314	8.863381	8.881001	8.89237	8.906469	8.921853	8.937461	8.950759	8.9629	8.977983	8.989041	9.003478	9.017305	9.0284	9.042537	9.055099	9.066897	9.08204	9.093898	9.131573	9.145824	9.154682	9.170073	9.179543	9.192822	9.204536	9.216146	9.231722	9.241973	9.252947	9.266001	9.273764	9.284453	9.297769	9.310308	9.318046
551	8.125747	8.176414	8.21754	8.252031	8.285363	8.313361	8.339783	8.364638	8.386555	8.41038	8.428616	8.450217	8.470413	8.490032	8.508718	8.52435	8.543528	8.560821	8.576524	8.596221	8.610817	8.627601	8.644226	8.661359	8.674627	8.691693	8.706498	8.723646	8.734993	8.749465	8.7649	8.779552	8.793341	8.805928	8.82059	8.831349	8.845624	8.859855	8.870734	8.885326	8.897995	8.910327	8.924963	8.937497	8.974371	8.98891	8.998077	9.0131	9.022761	9.03474	9.047886	9.058941	9.073698	9.085505	9.095984	9.108748	9.117139	9.128429	9.141621	9.153343	9.161427
552	7.971113	8.020896	8.061031	8.095897	8.12881	8.15702	8.183226	8.208351	8.230536	8.254836	8.271791	8.295135	8.314812	8.334361	8.352209	8.368999	8.388	8.405383	8.42119	8.441259	8.455333	8.47257	8.48896	8.506074	8.520051	8.536987	8.552515	8.569201	8.580524	8.595362	8.610848	8.624559	8.638832	8.651857	8.666107	8.676574	8.690686	8.705314	8.715981	8.73102	8.743795	8.756652	8.770792	8.783986	8.820076	8.834897	8.844367	8.859029	8.868878	8.879581	8.894131	8.904639	8.918594	8.93193	8.941923	8.954403	8.963409	8.975289	8.988358	8.999279	9.007705
553	7.819166	7.868086	7.907269	7.942475	7.975003	8.00338	8.029351	8.054758	8.077117	8.101851	8.117775	8.142582	8.161768	8.181325	8.198359	8.216258	8.235046	8.252533	8.268386	8.288795	8.302406	8.320072	8.336204	8.353347	8.367952	8.384761	8.400907	8.417144	8.42853	8.443696	8.459233	8.472087	8.486811	8.50015	8.514042	8.524338	8.538345	8.553255	8.563772	8.579211	8.592053	8.605393	8.619055	8.632824	8.668251	8.683343	8.69306	8.707401	8.717434	8.72701	8.742752	8.752847	8.766068	8.780771	8.790395	8.802619	8.812193	8.824549	8.837501	8.847766	8.856513
554	7.668291	7.716428	7.75488	7.790123	7.822548	7.850665	7.876178	7.90203	7.923605	7.948464	7.965702	7.989351	8.00827	8.028648	8.04497	8.063648	8.081819	8.09957	8.114884	8.135345	8.149063	8.166938	8.182554	8.200239	8.214751	8.231421	8.247216	8.263103	8.275403	8.290582	8.306183	8.318877	8.333807	8.346218	8.360269	8.371624	8.386063	8.400141	8.411118	8.426538	8.439084	8.45256	8.465837	8.479411	8.51531	8.530605	8.540024	8.554412	8.564608	8.574378	8.589364	8.60033	8.613388	8.628052	8.638413	8.650648	8.660387	8.672152	8.685025	8.695995	8.704916
555	7.519873	7.56724	7.604973	7.640254	7.672576	7.700438	7.7255	7.75179	7.772594	7.797576	7.816106	7.838616	7.857274	7.878458	7.894079	7.913525	7.931087	7.9491	7.963885	7.984394	7.998217	8.016298	8.031409	8.049624	8.064047	8.08058	8.09603	8.111571	8.124772	8.139962	8.155626	8.168162	8.183294	8.194794	8.209001	8.221399	8.23626	8.249521	8.26095	8.276353	8.288608	8.302217	8.315115	8.328497	8.364861	8.380357	8.389482	8.403915	8.41427	8.424232	8.438474	8.450296	8.463195	8.477819	8.488909	8.501151	8.511055	8.522237	8.535032	8.546698	8.555789
556	7.373854	7.420461	7.457487	7.492805	7.525028	7.552637	7.577255	7.603977	7.624022	7.649124	7.668926	7.690316	7.708715	7.730695	7.745625	7.765827	7.782792	7.801061	7.815323	7.835881	7.849807	7.86809	7.882705	7.901444	7.915776	7.932177	7.947287	7.962488	7.976574	7.991775	8.0075	8.019882	8.035213	8.045815	8.060175	8.073601	8.088878	8.101334	8.113207	8.128593	8.140562	8.154301	8.166826	8.180021	8.216843	8.232534	8.241371	8.255848	8.266362	8.276511	8.290021	8.302687	8.315427	8.330015	8.341818	8.35407	8.364135	8.374743	8.387463	8.399811	8.40907
557	7.234167	7.279878	7.316607	7.351485	7.383548	7.410212	7.435459	7.461431	7.481913	7.506294	7.526586	7.547321	7.565994	7.588034	7.603446	7.62341	7.640212	7.65829	7.672682	7.692883	7.7067	7.724658	7.739943	7.758394	7.772606	7.788707	7.803988	7.819022	7.832818	7.848257	7.863674	7.876328	7.891607	7.902641	7.916863	7.930711	7.945634	7.957801	7.970594	7.984962	7.997349	8.011425	8.023512	8.036428	8.072691	8.088505	8.097658	8.111732	8.122129	8.133103	8.146557	8.158949	8.171779	8.186001	8.197802	8.210187	8.220199	8.230885	8.244032	8.255732	8.265161
558	7.097868	7.142643	7.179214	7.2135	7.245386	7.27088	7.297108	7.321943	7.343256	7.366642	7.387159	7.407402	7.426522	7.448378	7.464657	7.484055	7.500843	7.518579	7.533316	7.553029	7.566668	7.584128	7.600465	7.61836	7.632445	7.648191	7.663813	7.678739	7.691854	7.707605	7.722595	7.73566	7.750804	7.762709	7.776698	7.790764	7.805078	7.817131	7.830995	7.844016	7.857055	7.871531	7.883162	7.895774	7.931142	7.947054	7.956725	7.970247	7.980438	7.992444	8.006064	8.017813	8.030815	8.044565	8.056122	8.068683	8.07857	8.089548	8.103289	8.1139	8.1235
559	6.963512	7.007365	7.04378	7.07748	7.109191	7.133533	7.160729	7.184442	7.206574	7.22898	7.249718	7.269475	7.289036	7.310711	7.327845	7.346684	7.363457	7.380857	7.395936	7.415168	7.42863	7.445598	7.462973	7.480322	7.49428	7.509679	7.525634	7.540453	7.552899	7.568958	7.583527	7.596996	7.612006	7.624772	7.638528	7.652809	7.666523	7.678463	7.693383	7.705079	7.718759	7.733631	7.744812	7.757124	7.791611	7.80762	7.817797	7.830779	7.840765	7.853786	7.867574	7.878686	7.891859	7.905143	7.916461	7.929194	7.93896	7.950227	7.964551	7.97409	7.983857
560	6.834538	6.877393	6.913754	6.94688	6.978347	7.002425	7.029871	7.053056	7.075416	7.097454	7.118186	7.137568	7.157382	7.178623	7.196123	7.214726	7.23127	7.248502	7.263777	7.282668	7.296089	7.312578	7.330763	7.347632	7.361314	7.376553	7.392435	7.407671	7.419723	7.435586	7.449893	7.463504	7.478494	7.491859	7.505458	7.519481	7.532904	7.544739	7.560285	7.571488	7.585333	7.600001	7.611174	7.623333	7.657616	7.673243	7.683653	7.696409	7.706262	7.719797	7.733373	7.744328	7.757515	7.770587	7.781695	7.79454	7.804189	7.815556	7.83021	7.839463	7.849147
561	6.712306	6.754047	6.790499	6.823062	6.854185	6.879283	6.905941	6.929453	6.951185	6.973739	6.994139	7.0133	7.033099	7.053537	7.070699	7.089525	7.105529	7.12284	7.1381	7.15685	7.170424	7.186451	7.205122	7.221604	7.234789	7.250143	7.26536	7.281773	7.29383	7.308768	7.32304	7.336415	7.351546	7.365142	7.378684	7.391769	7.405344	7.417081	7.432637	7.444551	7.457871	7.471466	7.483271	7.495486	7.530547	7.545095	7.555339	7.568328	7.578147	7.591471	7.604291	7.615777	7.628755	7.641982	7.652918	7.66579	7.675327	7.686523	7.70114	7.711245	7.720482
562	6.59154	6.632181	6.668724	6.70073	6.731512	6.757618	6.7835	6.807333	6.828444	6.851507	6.871579	6.890522	6.910305	6.929952	6.946778	6.965827	6.981297	6.998683	7.01393	7.032542	7.046265	7.061836	7.080987	7.097088	7.10978	7.125249	7.139808	7.157384	7.169447	7.183471	7.19771	7.210848	7.22612	7.239945	7.253431	7.265588	7.279313	7.290954	7.306519	7.319134	7.331936	7.344471	7.356901	7.369172	7.405001	7.418483	7.428561	7.441782	7.45157	7.464684	7.476758	7.488767	7.501538	7.514917	7.525685	7.538583	7.548012	7.559037	7.573619	7.584564	7.59336
563	6.472919	6.512561	6.549113	6.580623	6.611068	6.638045	6.663178	6.687255	6.707801	6.731333	6.751084	6.769828	6.789581	6.808464	6.824992	6.84424	6.859263	6.876677	6.891897	6.910337	6.924215	6.939374	6.958879	6.974658	6.986979	7.002533	7.016496	7.035109	7.047157	7.060319	7.074549	7.087467	7.10283	7.116815	7.13024	7.141569	7.155434	7.167003	7.182521	7.19577	7.208098	7.219689	7.232706	7.245017	7.281505	7.293995	7.303984	7.317375	7.327115	7.340051	7.351389	7.363863	7.376452	7.389991	7.40059	7.413496	7.422837	7.433679	7.448207	7.459892	7.468361
564	6.36618	6.406167	6.441525	6.473321	6.503447	6.529384	6.5541	6.577307	6.59797	6.621474	6.640965	6.659759	6.679277	6.697673	6.714392	6.733534	6.749316	6.766049	6.781057	6.798813	6.81292	6.828276	6.846325	6.862602	6.876282	6.891497	6.905688	6.923613	6.935366	6.948278	6.962889	6.975735	6.990454	7.00365	7.016925	7.028779	7.042669	7.054506	7.069098	7.082123	7.094536	7.106724	7.1199	7.132016	7.167669	7.180089	7.191067	7.203749	7.213232	7.226403	7.237042	7.249193	7.261943	7.275764	7.286178	7.298809	7.30838	7.318806	7.333026	7.344087	7.353857
565	6.260604	6.30093	6.335109	6.367187	6.396997	6.421907	6.446209	6.468556	6.489334	6.512813	6.532045	6.550889	6.570174	6.58809	6.604996	6.624034	6.640565	6.656624	6.671426	6.688502	6.702836	6.718388	6.734996	6.751766	6.76679	6.781668	6.796087	6.813332	6.824793	6.837458	6.852444	6.865221	6.879303	6.891717	6.904845	6.917216	6.931132	6.943234	6.95691	6.969713	6.982211	6.994992	7.008323	7.020246	7.055072	7.067425	7.079381	7.091361	7.100589	7.113993	7.123941	7.135772	7.148681	7.162781	7.173012	7.185371	7.195168	7.205184	7.219098	7.229542	7.240602
566	6.156171	6.196832	6.229844	6.262202	6.291698	6.315593	6.339487	6.360982	6.381874	6.405326	6.424304	6.443196	6.462251	6.479692	6.496783	6.515719	6.532992	6.548385	6.56298	6.579384	6.593942	6.609687	6.624871	6.64213	6.658484	6.673028	6.687671	6.704244	6.715416	6.727836	6.743194	6.755903	6.769354	6.780996	6.793978	6.80686	6.820802	6.833166	6.845937	6.858519	6.8711	6.884466	6.897953	6.909686	6.943693	6.95598	6.968904	6.980189	6.989165	7.002799	7.012064	7.023579	7.036644	7.051021	7.06107	7.073162	7.083183	7.09279	7.106403	7.116237	7.128571
567	6.061768	6.101568	6.134359	6.165814	6.194834	6.218959	6.242712	6.263824	6.284043	6.306955	6.32603	6.345232	6.363723	6.381081	6.398309	6.417041	6.434152	6.449868	6.464048	6.48048	6.494959	6.510341	6.525151	6.542016	6.558029	6.572557	6.587591	6.603216	6.614413	6.627608	6.642419	6.654938	6.66842	6.679736	6.692795	6.705774	6.719764	6.73223	6.744418	6.756948	6.76931	6.782738	6.796311	6.807462	6.841539	6.853838	6.866262	6.877442	6.88695	6.900275	6.909733	6.92058	6.93303	6.947666	6.957812	6.969497	6.979474	6.989767	7.00267	7.012608	7.024908
568	5.971722	6.010209	6.043141	6.073249	6.101729	6.126562	6.150275	6.171186	6.190435	6.212613	6.231921	6.251529	6.269333	6.286757	6.304101	6.322594	6.339198	6.355612	6.369299	6.386026	6.400312	6.415121	6.429959	6.446094	6.461133	6.475767	6.491251	6.505828	6.517172	6.531525	6.545443	6.557725	6.571493	6.582655	6.595875	6.608791	6.622839	6.635344	6.647075	6.65962	6.671649	6.684937	6.698569	6.708993	6.74348	6.755819	6.767186	6.778487	6.788822	6.801633	6.811621	6.821667	6.833209	6.8481	6.858445	6.869675	6.879504	6.890895	6.902938	6.913252	6.92502
569	5.882539	5.919724	5.952797	5.981569	6.009516	6.035049	6.058723	6.079435	6.097723	6.119174	6.138713	6.158724	6.175847	6.193337	6.210796	6.229052	6.245154	6.262259	6.275459	6.292478	6.306571	6.320813	6.33568	6.351092	6.365164	6.379902	6.395835	6.409373	6.420861	6.436361	6.449393	6.461444	6.475492	6.486502	6.499882	6.512737	6.526843	6.539387	6.550664	6.563224	6.574921	6.588071	6.601762	6.611466	6.64636	6.658738	6.669059	6.680479	6.691633	6.703937	6.714447	6.723701	6.734343	6.749485	6.760029	6.77081	6.780492	6.792969	6.804161	6.814847	6.826087
570	5.797444	5.833288	5.866173	5.894166	5.921595	5.947446	5.970986	5.991452	6.009421	6.030403	6.049896	6.069741	6.086514	6.104243	6.121429	6.13955	6.155386	6.172563	6.185856	6.20288	6.216731	6.230687	6.245568	6.260392	6.273972	6.288668	6.304749	6.317713	6.329273	6.345195	6.357644	6.36944	6.383819	6.394756	6.408083	6.420816	6.434955	6.447486	6.458159	6.470887	6.482215	6.495269	6.508799	6.518486	6.553493	6.565701	6.575821	6.586961	6.598472	6.610622	6.621215	6.630258	6.640415	6.655587	6.666247	6.676669	6.686256	6.698813	6.709952	6.720767	6.731562
571	5.718339	5.752765	5.784934	5.81304	5.839969	5.865524	5.888777	5.908918	5.927606	5.948532	5.967531	5.986291	6.003245	6.021497	6.03778	6.055929	6.071877	6.088126	6.102451	6.119016	6.132544	6.146667	6.16154	6.175986	6.189835	6.204252	6.22	6.233137	6.244652	6.259823	6.272175	6.283679	6.298472	6.309464	6.322397	6.334908	6.349041	6.361475	6.371294	6.384442	6.395332	6.408361	6.421371	6.432178	6.466829	6.478522	6.489809	6.500021	6.511142	6.523714	6.533674	6.543445	6.553785	6.568628	6.579272	6.589481	6.599057	6.610064	6.622439	6.632991	6.643474
572	5.63984	5.672859	5.704316	5.732535	5.758969	5.78423	5.807198	5.827016	5.846417	5.867287	5.885797	5.90348	5.920614	5.939384	5.954772	5.972949	5.989007	6.004336	6.019685	6.035794	6.049	6.06329	6.078156	6.092227	6.106342	6.120483	6.135901	6.149208	6.160679	6.175105	6.187362	6.198577	6.213778	6.224827	6.237366	6.249658	6.263786	6.276123	6.285096	6.298658	6.309114	6.322119	6.334612	6.34653	6.380828	6.392011	6.404455	6.413745	6.42448	6.437471	6.446804	6.457297	6.467819	6.482335	6.492963	6.502961	6.512524	6.521993	6.535596	6.545887	6.556061
573	5.562236	5.593856	5.624622	5.652918	5.678886	5.703829	5.726504	5.746042	5.766074	5.786899	5.804932	5.821581	5.838882	5.85813	5.872644	5.890853	5.907013	5.921449	5.937782	5.953427	5.966333	5.980793	5.995628	6.009358	6.023705	6.037592	6.052668	6.066128	6.077569	6.091283	6.103468	6.114416	6.129984	6.141088	6.153271	6.165332	6.179443	6.191665	6.199865	6.213806	6.223852	6.236803	6.248797	6.261782	6.295717	6.306406	6.319925	6.328372	6.338737	6.352098	6.360862	6.372046	6.382721	6.396909	6.407522	6.417315	6.426877	6.434885	6.449619	6.459687	6.469547
574	5.49277	5.522954	5.553429	5.580883	5.607062	5.631002	5.653144	5.673426	5.69208	5.713158	5.73094	5.747489	5.764638	5.783414	5.797469	5.815792	5.831828	5.845902	5.862404	5.87727	5.890405	5.905111	5.919365	5.93349	5.947282	5.961443	5.97579	5.988989	6.000761	6.014431	6.027187	6.038369	6.05328	6.064447	6.077128	6.088641	6.10244	6.11404	6.123213	6.136622	6.146808	6.158988	6.170824	6.183939	6.217184	6.227743	6.240392	6.249885	6.260143	6.272782	6.282322	6.293546	6.303676	6.31743	6.328084	6.337773	6.347622	6.355824	6.369442	6.380207	6.389624
575	5.423734	5.452489	5.482676	5.509292	5.535682	5.558626	5.580238	5.601258	5.618544	5.639873	5.657405	5.673855	5.690855	5.709158	5.722757	5.741193	5.757107	5.770823	5.787492	5.801584	5.814945	5.829897	5.843574	5.858092	5.871331	5.885764	5.899387	5.912327	5.924426	5.938054	5.951378	5.962792	5.97705	5.98828	6.001456	6.012423	6.025913	6.036894	6.047034	6.059917	6.070241	6.081655	6.093333	6.106578	6.139137	6.149567	6.161351	6.171883	6.182036	6.193956	6.204268	6.21553	6.225119	6.238442	6.249136	6.258722	6.268857	6.277252	6.289759	6.30122	6.310195
576	5.355122	5.382458	5.412358	5.438143	5.464742	5.486695	5.507782	5.529535	5.54546	5.567039	5.584322	5.600674	5.617524	5.635361	5.648507	5.667055	5.682847	5.696206	5.713042	5.726364	5.739951	5.755147	5.768249	5.783158	5.795847	5.810551	5.823455	5.836137	5.848562	5.862148	5.876036	5.887681	5.90129	5.912582	5.926249	5.936675	5.949857	5.960224	5.971325	5.983684	5.994145	6.004799	6.016319	6.029693	6.061571	6.071872	6.082797	6.094361	6.104411	6.115616	6.126695	6.137995	6.147045	6.159941	6.170675	6.180159	6.190577	6.199163	6.210567	6.22272	6.231256
577	5.290511	5.316772	5.346559	5.371885	5.398323	5.419575	5.440605	5.462348	5.47782	5.499072	5.51587	5.53257	5.549183	5.56638	5.579756	5.597723	5.613523	5.626821	5.64328	5.656567	5.670386	5.684912	5.697804	5.712893	5.725213	5.739508	5.752291	5.765347	5.777398	5.790448	5.805023	5.816956	5.830046	5.840971	5.854465	5.865214	5.877646	5.888701	5.899556	5.911621	5.922025	5.932667	5.943871	5.957079	5.988839	5.99937	6.010237	6.021862	6.031816	6.043005	6.053696	6.06489	6.074268	6.086595	6.097375	6.107117	6.117219	6.126002	6.136954	6.148626	6.157134
578	5.227758	5.253096	5.282844	5.307875	5.333992	5.354669	5.375847	5.397254	5.412671	5.433347	5.449555	5.466797	5.483134	5.499621	5.513523	5.530609	5.546471	5.559837	5.575682	5.589255	5.60331	5.616769	5.629609	5.644787	5.656816	5.670405	5.683331	5.697033	5.708408	5.720708	5.736023	5.748268	5.760897	5.771269	5.7843	5.79575	5.80724	5.819548	5.829633	5.841504	5.851765	5.862722	5.873541	5.886456	5.91834	5.929259	5.940416	5.951679	5.961539	5.973019	5.98282	5.993845	6.003926	6.015625	6.026454	6.036609	6.046135	6.055117	6.065901	6.076584	6.085243
579	5.165271	5.18969	5.219398	5.244137	5.269934	5.290038	5.311364	5.332437	5.347796	5.367901	5.383522	5.401304	5.417367	5.433146	5.447569	5.463779	5.479703	5.493137	5.508372	5.522229	5.536518	5.548915	5.561704	5.576971	5.588709	5.601596	5.614663	5.629009	5.639711	5.651264	5.667316	5.679871	5.69204	5.701862	5.714433	5.726579	5.737132	5.750688	5.760006	5.771683	5.781803	5.793073	5.803509	5.816132	5.848141	5.859446	5.870892	5.881794	5.891561	5.903328	5.912243	5.923101	5.933882	5.944955	5.955834	5.9664	5.975353	5.984532	5.995149	6.004848	6.013657
580	5.105801	5.129245	5.158765	5.183219	5.208505	5.228275	5.249671	5.270216	5.285771	5.305227	5.320532	5.338647	5.354239	5.369843	5.384337	5.399881	5.415959	5.429118	5.44409	5.458191	5.472321	5.484276	5.496857	5.512327	5.523621	5.536399	5.549127	5.56401	5.574071	5.585409	5.601607	5.614324	5.626126	5.635623	5.647587	5.660245	5.670444	5.684418	5.693298	5.704779	5.714675	5.726135	5.736515	5.748886	5.780879	5.792207	5.80364	5.814382	5.824187	5.835992	5.844519	5.85513	5.866281	5.876955	5.887828	5.898535	5.907252	5.916656	5.927264	5.936284	5.945227
581	5.051524	5.07389	5.102946	5.127136	5.151556	5.171425	5.19275	5.21241	5.22862	5.247289	5.26277	5.280842	5.295601	5.312006	5.32574	5.341004	5.357401	5.369659	5.384999	5.399277	5.412529	5.425166	5.437255	5.453141	5.463703	5.47745	5.488966	5.504193	5.513669	5.525762	5.541032	5.55364	5.565237	5.57482	5.585908	5.598745	5.609653	5.622532	5.631572	5.642848	5.652376	5.663799	5.674719	5.686909	5.718629	5.729321	5.740191	5.751137	5.76122	5.772605	5.781651	5.791866	5.80279	5.813477	5.824243	5.834603	5.843694	5.853376	5.86426	5.873151	5.882205
582	4.997362	5.018651	5.047246	5.07117	5.094726	5.114695	5.135949	5.154727	5.17159	5.189473	5.205129	5.223159	5.237088	5.254289	5.267267	5.282252	5.298966	5.310325	5.326032	5.340487	5.352863	5.366181	5.377779	5.394078	5.403911	5.418626	5.428932	5.444503	5.453393	5.46624	5.480585	5.493083	5.504477	5.514144	5.52436	5.537375	5.548989	5.560778	5.569975	5.581048	5.590206	5.601593	5.613053	5.625063	5.65651	5.666568	5.676876	5.688026	5.698386	5.709352	5.718915	5.728736	5.739432	5.750133	5.760791	5.770805	5.78027	5.790229	5.801389	5.810151	5.819315
583	4.943382	4.963607	4.991737	5.015405	5.038108	5.058164	5.079347	5.097255	5.114762	5.131863	5.147691	5.16567	5.178784	5.196767	5.208996	5.223709	5.240728	5.25121	5.267267	5.28189	5.293408	5.307394	5.318513	5.335213	5.344332	5.359991	5.369115	5.385005	5.393333	5.406921	5.420346	5.432734	5.443924	5.453673	5.463035	5.476217	5.488523	5.499237	5.508589	5.519463	5.528255	5.539607	5.551596	5.563427	5.594597	5.604042	5.613789	5.625138	5.635769	5.646315	5.656384	5.665824	5.676292	5.687006	5.697555	5.707225	5.717066	5.727289	5.738719	5.747355	5.756627
584	4.895222	4.915345	4.942631	4.966698	4.989371	5.008536	5.029546	5.047521	5.06495	5.081449	5.097225	5.114554	5.127927	5.145571	5.157557	5.172553	5.188801	5.200093	5.215166	5.229186	5.2413	5.2549	5.266613	5.282518	5.292209	5.306979	5.316985	5.331341	5.34079	5.354206	5.367126	5.379295	5.390243	5.399727	5.409731	5.42224	5.434088	5.44487	5.454124	5.465115	5.473809	5.485182	5.496904	5.508684	5.539151	5.549598	5.55884	5.569947	5.580431	5.590449	5.60018	5.610168	5.620298	5.631056	5.641315	5.650744	5.6613	5.67061	5.68199	5.690767	5.699893
585	4.847088	4.86711	4.893551	4.918018	4.940661	4.958937	4.979773	4.997815	5.015168	5.031064	5.046787	5.063466	5.077098	5.094402	5.106146	5.121424	5.136903	5.149005	5.163093	5.176512	5.18922	5.202433	5.214741	5.229853	5.240115	5.253995	5.264884	5.277706	5.288275	5.301521	5.313934	5.325886	5.336591	5.345809	5.356456	5.368293	5.379683	5.390534	5.39969	5.410796	5.419393	5.430786	5.442242	5.45397	5.483737	5.495184	5.503922	5.514787	5.525125	5.534613	5.544007	5.554542	5.564334	5.575138	5.585107	5.594294	5.605564	5.613963	5.625293	5.63421	5.64319
586	4.798981	4.818902	4.844499	4.869366	4.891979	4.909364	4.930027	4.948136	4.965413	4.980707	4.996378	5.012407	5.026298	5.043262	5.054764	5.070324	5.085035	5.097946	5.11105	5.123868	5.137169	5.149996	5.162899	5.177217	5.18805	5.201043	5.212812	5.224101	5.235791	5.248866	5.260773	5.272507	5.282969	5.291923	5.303212	5.314375	5.325308	5.336228	5.345286	5.356508	5.365007	5.376421	5.387611	5.399289	5.428353	5.440802	5.449035	5.459658	5.469849	5.478809	5.487866	5.498947	5.508403	5.51925	5.52893	5.537875	5.549859	5.557348	5.568626	5.577685	5.586519
587	4.755079	4.774604	4.800076	4.824666	4.846957	4.86431	4.884571	4.902708	4.919693	4.935065	4.950596	4.965935	4.979629	4.996327	5.008136	5.023283	5.03752	5.050943	5.063807	5.076302	5.089788	5.102219	5.115418	5.128824	5.139689	5.152408	5.16444	5.175707	5.187162	5.199865	5.21177	5.22305	5.233613	5.24301	5.254403	5.265188	5.275958	5.286696	5.295948	5.307085	5.315762	5.327059	5.337956	5.349221	5.377983	5.390831	5.398724	5.409094	5.418664	5.428365	5.436753	5.447778	5.45727	5.467896	5.477579	5.486447	5.498079	5.505622	5.517096	5.525804	5.534111
588	4.713206	4.732191	4.75789	4.781871	4.803694	4.821439	4.841184	4.85933	4.875916	4.891703	4.907051	4.92168	4.93495	4.951417	4.963806	4.978196	4.992105	5.005893	5.018882	5.031193	5.044662	5.056693	5.070042	5.082473	5.093105	5.105855	5.117845	5.129834	5.140387	5.152617	5.164767	5.175479	5.18631	5.196501	5.207732	5.218284	5.229035	5.239468	5.249059	5.260011	5.269003	5.280114	5.290706	5.301378	5.330035	5.342984	5.350619	5.360731	5.369445	5.380514	5.388069	5.398741	5.408453	5.418725	5.428557	5.437429	5.448182	5.456254	5.468045	5.476159	5.483754
589	4.67129	4.689735	4.715662	4.739033	4.760389	4.778526	4.797754	4.815908	4.832097	4.848298	4.863462	4.877381	4.890226	4.906462	4.919432	4.933063	4.946644	4.960798	4.973914	4.986038	4.999491	5.011121	5.02462	5.036076	5.046474	5.059254	5.071203	5.083916	5.093565	5.105323	5.117717	5.127861	5.13896	5.149946	5.161016	5.171333	5.182065	5.192192	5.202124	5.212889	5.222197	5.233122	5.243408	5.253488	5.282039	5.29509	5.302465	5.312319	5.320176	5.332615	5.339336	5.349655	5.359587	5.369505	5.379485	5.388363	5.398235	5.406838	5.418945	5.426466	5.433346
590	4.630843	4.649003	4.674641	4.697464	4.718483	4.736681	4.755736	4.773717	4.78941	4.805977	4.820828	4.834448	4.847062	4.863072	4.876282	4.889441	4.902768	4.916948	4.930281	4.94231	4.955616	4.966958	4.980314	4.991261	5.001483	5.014274	5.025996	5.039164	5.048255	5.059592	5.072253	5.082041	5.093453	5.104563	5.115568	5.125607	5.136467	5.146416	5.156479	5.167234	5.176516	5.187235	5.197266	5.206943	5.235415	5.248148	5.255548	5.265469	5.272832	5.285971	5.292173	5.302196	5.312211	5.321825	5.33195	5.340881	5.35015	5.359005	5.371191	5.378503	5.385063
591	4.593399	4.611802	4.636088	4.65849	4.679446	4.697023	4.71661	4.734044	4.74904	4.765872	4.780147	4.794315	4.807092	4.822886	4.835637	4.848911	4.862139	4.875645	4.889381	4.901501	4.914395	4.925683	4.938292	4.949687	4.959852	4.972615	4.983731	4.996799	5.006049	5.017066	5.030034	5.039909	5.051722	5.061577	5.072719	5.08239	5.093674	5.10371	5.113476	5.124584	5.133136	5.143608	5.153485	5.163153	5.191596	5.20315	5.211161	5.221817	5.22943	5.241893	5.248226	5.258071	5.267885	5.277298	5.287558	5.296647	5.305882	5.314415	5.326187	5.334085	5.341136
592	4.555841	4.574489	4.597418	4.619398	4.64029	4.657245	4.677367	4.69425	4.708549	4.725647	4.739342	4.754061	4.767001	4.782579	4.794868	4.808259	4.821386	4.834217	4.848359	4.860569	4.87305	4.884283	4.896142	4.907987	4.918096	4.93083	4.941338	4.954306	4.963713	4.974411	4.987687	4.99765	5.009865	5.018462	5.029741	5.039042	5.050751	5.060874	5.070343	5.081804	5.089624	5.099848	5.109573	5.119231	5.147645	5.158016	5.166639	5.178031	5.185897	5.197682	5.204144	5.213813	5.223425	5.232636	5.243032	5.25228	5.261481	5.26969	5.281047	5.289535	5.297076
593	4.518169	4.537062	4.558631	4.580187	4.601014	4.617346	4.638003	4.654334	4.667933	4.685298	4.698413	4.713683	4.726787	4.742149	4.753975	4.767483	4.78051	4.792661	4.807209	4.819511	4.831579	4.842756	4.853863	4.866159	4.876211	4.888917	4.898815	4.911683	4.921248	4.931626	4.945211	4.955261	4.967879	4.975214	4.986631	4.995562	5.007697	5.017908	5.027079	5.038894	5.04598	5.055954	5.065526	5.075175	5.10356	5.112743	5.121982	5.134113	5.142231	5.153337	5.159929	5.169419	5.178831	5.187839	5.19837	5.207776	5.216943	5.224828	5.23577	5.244848	5.252882
594	4.482465	4.499804	4.522232	4.543209	4.563602	4.579716	4.599235	4.615824	4.629267	4.646573	4.659174	4.674882	4.687769	4.702344	4.714417	4.727588	4.740727	4.753456	4.766391	4.778852	4.790976	4.802166	4.812655	4.82514	4.835438	4.848255	4.858582	4.870799	4.88035	4.890638	4.9042	4.913831	4.926377	4.934098	4.944768	4.95465	4.965998	4.97572	4.985463	4.996679	5.004134	5.013995	5.023405	5.03287	5.061988	5.07078	5.079867	5.090763	5.099386	5.110518	5.117514	5.126367	5.136043	5.145054	5.155431	5.164489	5.173661	5.181876	5.191967	5.201296	5.209815
595	4.446557	4.462306	4.485632	4.506023	4.525975	4.541875	4.560223	4.577085	4.590378	4.607619	4.619705	4.635852	4.648514	4.66229	4.67462	4.687447	4.700702	4.714029	4.725312	4.737935	4.750124	4.761325	4.771195	4.783866	4.794416	4.807348	4.81812	4.829675	4.839209	4.84941	4.862943	4.872146	4.884612	4.892746	4.902651	4.913511	4.924048	4.933269	4.943602	4.954201	4.962043	4.971791	4.981038	4.990316	5.020184	5.028593	5.037516	5.04714	5.056276	5.067445	5.074851	5.083055	5.093004	5.10202	5.112238	5.120938	5.130116	5.138673	5.147901	5.157479	5.166486
596	4.410413	4.424562	4.44879	4.468593	4.4881	4.503786	4.520954	4.53809	4.551233	4.568409	4.579976	4.596565	4.609002	4.621972	4.634562	4.647042	4.660414	4.674344	4.683962	4.696749	4.709002	4.720216	4.729463	4.742321	4.753124	4.766171	4.777392	4.78828	4.797798	4.80791	4.821414	4.830186	4.842572	4.851122	4.860259	4.872101	4.881823	4.890539	4.901464	4.911442	4.919676	4.929309	4.938392	4.947483	4.978105	4.986129	4.994886	5.00323	5.012881	5.024086	5.031907	5.039456	5.049682	5.058704	5.068761	5.077101	5.086285	5.095186	5.103544	5.113373	5.122871
597	4.372627	4.386273	4.410532	4.430163	4.449299	4.465014	4.481636	4.498495	4.511871	4.528947	4.540251	4.556683	4.568996	4.581918	4.59451	4.606761	4.619834	4.633109	4.643006	4.65595	4.667601	4.67896	4.688324	4.700846	4.711582	4.724771	4.736105	4.746581	4.756072	4.766338	4.779274	4.788151	4.800134	4.808637	4.817571	4.829391	4.839224	4.847816	4.858607	4.868249	4.876615	4.886486	4.895347	4.90438	4.934919	4.943157	4.951692	4.959976	4.969856	4.980604	4.988688	4.996323	5.006457	5.015474	5.025204	5.033799	5.04254	5.051589	5.059722	5.069275	5.078899
598	4.333744	4.347498	4.3713	4.390994	4.409797	4.42568	4.442103	4.458375	4.472203	4.489157	4.50034	4.516281	4.528525	4.541822	4.554274	4.566357	4.578901	4.590813	4.602076	4.615175	4.625847	4.637429	4.647324	4.659215	4.669703	4.683048	4.69431	4.704513	4.713972	4.724529	4.73659	4.745874	4.757273	4.765471	4.774517	4.785751	4.796216	4.804894	4.815145	4.824609	4.832962	4.843269	4.851874	4.860923	4.890911	4.899699	4.907977	4.916886	4.926834	4.936844	4.945111	4.953246	4.96308	4.972089	4.981396	4.990592	4.998636	5.007725	5.015993	5.024975	5.034517
599	4.294517	4.308382	4.331723	4.351479	4.369946	4.385997	4.402223	4.417902	4.432185	4.449018	4.460076	4.475521	4.487698	4.501373	4.513682	4.525598	4.537607	4.548143	4.560785	4.57404	4.583726	4.595531	4.605962	4.617217	4.627456	4.640958	4.652147	4.662075	4.671502	4.682351	4.693531	4.703224	4.714034	4.721923	4.731082	4.741727	4.752829	4.761595	4.7713	4.780584	4.788925	4.799671	4.808019	4.817083	4.846514	4.855857	4.863876	4.873416	4.883432	4.8927	4.90115	4.909789	4.919322	4.928321	4.937201	4.947004	4.954346	4.963474	4.971877	4.980284	4.989746
600	4.253947	4.267902	4.290915	4.310721	4.328964	4.345075	4.36126	4.376761	4.3911	4.407782	4.418733	4.43371	4.445826	4.459609	4.471962	4.483799	4.495366	4.505002	4.518552	4.531727	4.54062	4.55272	4.563602	4.574417	4.584429	4.597979	4.609118	4.618769	4.628442	4.639333	4.649879	4.659733	4.67018	4.677917	4.687057	4.697175	4.708652	4.717469	4.726648	4.735998	4.744402	4.7551	4.763346	4.772583	4.801508	4.811092	4.818956	4.8289	4.838965	4.84776	4.856322	4.865215	4.874551	4.883467	4.892021	4.902147	4.909205	4.917906	4.926669	4.934556	4.943937
601	4.210683	4.224681	4.247682	4.267509	4.285791	4.301706	4.318218	4.334514	4.347979	4.364444	4.375324	4.389901	4.401976	4.415229	4.428065	4.440034	4.451384	4.46124	4.474583	4.487126	4.495689	4.508245	4.519379	4.530221	4.540059	4.553401	4.564543	4.573919	4.584483	4.594831	4.605328	4.614758	4.62538	4.633327	4.64214	4.651885	4.663119	4.671905	4.680607	4.690598	4.699241	4.708748	4.717258	4.727037	4.75558	4.764665	4.772616	4.782434	4.792499	4.80146	4.809964	4.818528	4.827909	4.83657	4.845042	4.854818	4.862582	4.86976	4.87941	4.886913	4.896215
602	4.166999	4.18104	4.204027	4.223876	4.242198	4.257916	4.274757	4.291857	4.304439	4.320684	4.331492	4.345666	4.357699	4.370419	4.383742	4.395844	4.406974	4.417053	4.430186	4.442091	4.450322	4.463338	4.474726	4.485596	4.495257	4.508389	4.519536	4.528633	4.540097	4.549896	4.560344	4.569346	4.580144	4.588305	4.596786	4.606154	4.617144	4.625897	4.634117	4.644756	4.653641	4.661947	4.670722	4.681048	4.709206	4.717785	4.725825	4.735517	4.74558	4.75471	4.763156	4.771387	4.780813	4.789217	4.797606	4.80703	4.815506	4.821145	4.831691	4.838806	4.84803
603	4.122887	4.136971	4.159945	4.179816	4.198177	4.213696	4.230871	4.248782	4.260473	4.276496	4.287231	4.300999	4.31299	4.325169	4.338984	4.35122	4.362129	4.372433	4.385354	4.396615	4.40451	4.417991	4.429635	4.440534	4.450016	4.462936	4.474088	4.482903	4.495276	4.504521	4.51492	4.523489	4.534466	4.542842	4.550989	4.559975	4.570717	4.579439	4.587173	4.598465	4.607595	4.614686	4.623731	4.634609	4.662378	4.670447	4.678577	4.68814	4.698202	4.707502	4.715889	4.723784	4.733257	4.7414	4.749704	4.758774	4.767968	4.772055	4.783505	4.790229	4.799372
604	4.070349	4.08584	4.108535	4.127971	4.14698	4.162113	4.179292	4.196816	4.208755	4.224707	4.235744	4.24969	4.261361	4.273345	4.286723	4.299178	4.309973	4.320323	4.332799	4.343906	4.352396	4.36551	4.377061	4.388581	4.397825	4.410203	4.421129	4.430811	4.441695	4.451725	4.461627	4.470791	4.481573	4.48948	4.498393	4.507808	4.517346	4.526582	4.534541	4.545055	4.55401	4.561538	4.570651	4.581083	4.608598	4.617208	4.626024	4.634481	4.644603	4.653461	4.662432	4.670052	4.679464	4.687844	4.695377	4.704901	4.71377	4.718318	4.728807	4.735878	4.744711
605	4.017075	4.034041	4.056443	4.075422	4.09511	4.109846	4.127014	4.144099	4.156337	4.172223	4.18358	4.197731	4.209066	4.220869	4.233767	4.246446	4.25713	4.26752	4.279538	4.29051	4.299639	4.312347	4.323792	4.335962	4.344963	4.356782	4.367471	4.378075	4.387356	4.398233	4.407618	4.417423	4.427993	4.4354	4.445129	4.45501	4.463295	4.473072	4.481289	4.490959	4.49972	4.507757	4.516929	4.52687	4.554136	4.563335	4.572867	4.580168	4.590354	4.598739	4.608326	4.615672	4.625019	4.633658	4.640386	4.650401	4.658899	4.663995	4.673437	4.680888	4.689402
606	3.963395	3.981847	4.003953	4.022472	4.042844	4.057179	4.074337	4.09098	4.103518	4.119338	4.131018	4.145374	4.156374	4.167992	4.180406	4.193312	4.203884	4.214314	4.22587	4.236706	4.246479	4.25878	4.270115	4.28294	4.291697	4.302952	4.313403	4.324935	4.332603	4.344333	4.353195	4.363647	4.374004	4.380906	4.391459	4.401809	4.408832	4.419153	4.42763	4.436448	4.445014	4.453565	4.462797	4.472243	4.499258	4.509051	4.519304	4.52544	4.53569	4.543601	4.553808	4.560876	4.570158	4.579059	4.584974	4.595484	4.60361	4.609257	4.617644	4.62548	4.63367
607	3.913598	3.932507	3.954612	3.973078	3.993618	4.007774	4.025111	4.04142	4.05403	4.069377	4.081308	4.095892	4.106778	4.118298	4.13056	4.14321	4.154024	4.164248	4.175975	4.186965	4.196859	4.209021	4.220128	4.233084	4.241333	4.252971	4.263221	4.274814	4.282061	4.293713	4.30275	4.313056	4.323127	4.330428	4.340952	4.35134	4.35844	4.368687	4.377119	4.38575	4.394302	4.403046	4.412143	4.421539	4.448294	4.458566	4.468593	4.47448	4.484471	4.492714	4.502593	4.509834	4.518805	4.527789	4.53389	4.544134	4.551923	4.558217	4.566274	4.574316	4.582049
608	3.866183	3.884909	3.907197	3.925861	3.946249	3.960363	3.977998	3.994042	4.006581	4.0212	4.03334	4.048164	4.059077	4.070549	4.082867	4.094962	4.106236	4.116104	4.128395	4.139718	4.149407	4.161599	4.172402	4.18516	4.192741	4.205352	4.215424	4.226534	4.234106	4.245098	4.254744	4.264413	4.274151	4.282414	4.292378	4.302536	4.310547	4.320334	4.328533	4.337389	4.346038	4.354779	4.363618	4.373241	4.399731	4.410411	4.419621	4.425828	4.435359	4.44444	4.453399	4.461092	4.4696	4.478556	4.485462	4.494967	4.502444	4.509441	4.517621	4.525759	4.53295
609	3.818532	3.837075	3.859547	3.87841	3.898644	3.912716	3.930651	3.946428	3.958896	3.972785	3.985133	4.000199	4.011139	4.022563	4.034937	4.046474	4.05821	4.067719	4.080578	4.092236	4.101719	4.113941	4.124439	4.136998	4.143908	4.157497	4.167389	4.178015	4.185913	4.196241	4.2065	4.215528	4.224932	4.234162	4.243562	4.25349	4.262416	4.271741	4.279705	4.288787	4.297535	4.306272	4.314851	4.324703	4.350926	4.362017	4.370405	4.376935	4.386005	4.395926	4.403961	4.412108	4.420152	4.429078	4.436794	4.445554	4.452718	4.460424	4.468726	4.476961	4.483607
610	3.777676	3.796303	3.818865	3.837844	3.857752	3.872146	3.890233	3.905622	3.918169	3.931595	3.9441	3.959253	3.970103	3.981728	3.993871	4.005176	4.017168	4.026538	4.039821	4.051683	4.061097	4.073218	4.083638	4.095901	4.102495	4.116579	4.12635	4.136607	4.144765	4.154579	4.165207	4.173935	4.183022	4.192772	4.201795	4.211679	4.221364	4.230145	4.238088	4.247282	4.255968	4.26479	4.273261	4.283197	4.30927	4.320563	4.328208	4.3353	4.34381	4.354465	4.361945	4.370268	4.377899	4.387033	4.395312	4.403563	4.410367	4.418667	4.427011	4.435206	4.441756
611	3.755095	3.774513	3.79692	3.815791	3.834926	3.850592	3.868442	3.883131	3.896152	3.909823	3.922342	3.937178	3.947629	3.960114	3.971269	3.983202	3.994899	4.004716	4.018039	4.02976	4.039467	4.051139	4.062083	4.073795	4.081012	4.094316	4.104123	4.114314	4.122558	4.132255	4.142612	4.151939	4.160754	4.169848	4.178983	4.189314	4.199343	4.207363	4.215854	4.224853	4.233061	4.2422	4.250963	4.260602	4.286832	4.297777	4.304892	4.313172	4.32087	4.331974	4.339871	4.347639	4.354996	4.364961	4.373147	4.38151	4.387833	4.396424	4.404598	4.412391	4.420026
612	3.732466	3.752675	3.774927	3.79369	3.812049	3.828992	3.846604	3.860589	3.874088	3.888005	3.900537	3.915056	3.925107	3.938453	3.948619	3.96118	3.972582	3.982846	3.996209	4.00779	4.017789	4.029012	4.040481	4.051641	4.059483	4.072004	4.081848	4.091973	4.100303	4.109881	4.119968	4.129897	4.138437	4.146874	4.156121	4.1669	4.177274	4.184533	4.193572	4.202375	4.210104	4.219562	4.228617	4.237958	4.264345	4.274942	4.281525	4.290996	4.29788	4.309433	4.31775	4.324961	4.332043	4.342841	4.350934	4.359408	4.36525	4.374134	4.382136	4.389526	4.398248
613	3.709788	3.730791	3.752887	3.771541	3.789123	3.807344	3.824718	3.837999	3.851975	3.866139	3.878684	3.892885	3.902535	3.916744	3.925918	3.939111	3.950216	3.960929	3.974333	3.985772	3.996064	4.006836	4.018833	4.029439	4.037906	4.049644	4.059525	4.069583	4.077999	4.08746	4.097274	4.107805	4.116073	4.12385	4.13321	4.144438	4.155158	4.161652	4.171241	4.179848	4.187098	4.196873	4.206222	4.215264	4.241808	4.252057	4.258108	4.268772	4.27484	4.286842	4.295581	4.302234	4.30904	4.320673	4.328672	4.337258	4.342617	4.351794	4.359625	4.366611	4.376424
614	3.708636	3.730187	3.752288	3.770616	3.788693	3.806919	3.823718	3.837236	3.851238	3.864787	3.877569	3.891311	3.901556	3.91572	3.925258	3.937959	3.949185	3.960066	3.973324	3.984941	3.994913	4.006203	4.017701	4.028315	4.036868	4.04831	4.058261	4.068864	4.076826	4.087285	4.096357	4.106923	4.115458	4.122852	4.132625	4.143589	4.154399	4.160698	4.170319	4.17927	4.186317	4.196183	4.205137	4.213797	4.240413	4.250659	4.256769	4.267362	4.273784	4.285017	4.293683	4.300899	4.308117	4.319007	4.327285	4.336308	4.341129	4.350056	4.358738	4.365817	4.375479
615	3.708985	3.731067	3.753185	3.771171	3.789832	3.807972	3.824174	3.837995	3.851991	3.864866	3.8779	3.891173	3.902083	3.916138	3.926135	3.938265	3.94964	3.960672	3.973769	3.985587	3.995195	4.007072	4.018	4.028661	4.037261	4.048442	4.058466	4.069656	4.077127	4.08866	4.096957	4.107519	4.116359	4.123391	4.133595	4.144247	4.15513	4.161272	4.170889	4.180222	4.187086	4.197024	4.205539	4.213809	4.240491	4.25076	4.256969	4.267404	4.27426	4.284641	4.293201	4.301055	4.308734	4.318771	4.327353	4.336835	4.341115	4.349756	4.359359	4.366563	4.37599
616	3.709334	3.731946	3.75408	3.771726	3.790969	3.809026	3.82463	3.838753	3.852743	3.864945	3.878231	3.891036	3.902609	3.916556	3.927011	3.938571	3.950096	3.961277	3.974214	3.986233	3.995477	4.00794	4.018299	4.029007	4.037655	4.048574	4.058671	4.070447	4.077427	4.090034	4.097558	4.108115	4.11726	4.123929	4.134566	4.144906	4.155861	4.161846	4.171459	4.181173	4.187855	4.197866	4.20594	4.213822	4.24057	4.250859	4.257169	4.267446	4.274736	4.284265	4.292718	4.301212	4.30935	4.318535	4.327422	4.337362	4.341101	4.349456	4.35998	4.36731	4.376502
617	3.718961	3.741808	3.763969	3.78147	3.800868	3.818839	3.83438	3.848564	3.862201	3.87471	3.887565	3.900531	3.912314	3.926521	3.936556	3.94851	3.959717	3.970946	3.983682	3.99583	4.005023	4.017359	4.02787	4.038417	4.047258	4.058043	4.06825	4.080052	4.086991	4.099412	4.10748	4.117536	4.127068	4.133978	4.144718	4.15466	4.165221	4.171638	4.181026	4.190716	4.197651	4.207269	4.215109	4.223098	4.25001	4.259855	4.266502	4.276779	4.283887	4.293972	4.302083	4.310538	4.318929	4.327879	4.336758	4.346782	4.350509	4.358632	4.369503	4.376661	4.385793
618	3.734899	3.757779	3.779974	3.797468	3.816725	3.83461	3.850455	3.864534	3.877582	3.891065	3.903025	3.91658	3.928264	3.94298	3.951998	3.965004	3.975575	3.986783	3.999289	4.011515	4.02087	4.032593	4.04375	4.053996	4.063126	4.073864	4.084205	4.095652	4.102859	4.114232	4.123744	4.132961	4.142935	4.150498	4.161115	4.170602	4.180451	4.187701	4.196712	4.206101	4.213587	4.222495	4.230244	4.238678	4.26582	4.274903	4.28205	4.292435	4.29894	4.310541	4.318151	4.326102	4.334605	4.343743	4.3524	4.36225	4.366329	4.374257	4.385081	4.391868	4.401059
619	3.750776	3.773688	3.795917	3.813403	3.832522	3.850321	3.866467	3.880442	3.892903	3.907356	3.918424	3.932567	3.944151	3.959376	3.96738	3.981434	3.991372	4.002557	4.014835	4.02714	4.036655	4.04777	4.059567	4.069512	4.078932	4.089625	4.100098	4.111191	4.118666	4.128994	4.139944	4.148327	4.158741	4.166954	4.177448	4.186482	4.195623	4.203702	4.212337	4.221428	4.229461	4.237662	4.245319	4.254197	4.281567	4.289892	4.297536	4.308029	4.313934	4.327046	4.334156	4.341606	4.35022	4.359546	4.367981	4.377659	4.382088	4.389822	4.4006	4.407015	4.416265
620	3.770251	3.793249	3.815385	3.832925	3.85194	3.869594	3.885924	3.899783	3.911826	3.927109	3.937598	3.952184	3.963639	3.979079	3.98659	4.001162	4.010835	4.021994	4.033885	4.04621	4.055984	4.066471	4.07866	4.08859	4.098176	4.108908	4.119388	4.130257	4.137987	4.147547	4.159507	4.167361	4.178017	4.18659	4.197008	4.205575	4.214468	4.223066	4.231408	4.240247	4.248802	4.256539	4.264141	4.273282	4.300783	4.308682	4.316709	4.327079	4.332698	4.346602	4.353409	4.360563	4.369373	4.378873	4.387065	4.396567	4.4014	4.408969	4.419708	4.425899	4.435158
621	3.800432	3.823671	3.845341	3.863119	3.882137	3.899468	3.915633	3.929338	3.941461	3.957169	3.967999	3.982604	3.993837	4.008634	4.017182	4.030707	4.041207	4.052323	4.063355	4.075531	4.085852	4.095664	4.107502	4.118256	4.127654	4.138673	4.148782	4.159813	4.167768	4.177367	4.189077	4.197308	4.207618	4.215701	4.226181	4.234232	4.244233	4.252443	4.260727	4.269456	4.278461	4.286448	4.294096	4.302974	4.330318	4.338771	4.346843	4.356411	4.362669	4.37525	4.382335	4.389791	4.39905	4.408691	4.416573	4.425886	4.431284	4.438773	4.449496	4.455892	4.465014
622	3.830381	3.85386	3.875067	3.89308	3.912101	3.929114	3.945115	3.958666	3.970869	3.986998	3.998165	4.012791	4.023803	4.037962	4.047539	4.060026	4.071345	4.082419	4.092599	4.104628	4.11549	4.124632	4.136121	4.147694	4.156905	4.168211	4.177952	4.189143	4.19732	4.206958	4.218421	4.227026	4.236992	4.244589	4.25513	4.26267	4.27377	4.281595	4.289822	4.298441	4.307892	4.316127	4.323821	4.332437	4.359626	4.368629	4.376746	4.385518	4.392409	4.403677	4.411039	4.418795	4.4285	4.438281	4.445854	4.45498	4.460938	4.468348	4.479056	4.485654	4.49464
623	3.860101	3.883818	3.904567	3.922813	3.941837	3.958532	3.974372	3.98777	4.000052	4.016599	4.028101	4.042747	4.05354	4.067066	4.077665	4.089121	4.101254	4.112285	4.12162	4.133502	4.144903	4.153379	4.164522	4.176908	4.185931	4.197523	4.206899	4.218249	4.226646	4.236324	4.247541	4.256515	4.266142	4.273256	4.283857	4.290889	4.303082	4.310524	4.318693	4.327205	4.337099	4.345579	4.353319	4.361676	4.388711	4.398258	4.40642	4.414402	4.421923	4.431888	4.439523	4.447578	4.457724	4.467645	4.474911	4.48385	4.490367	4.497697	4.508389	4.51519	4.524041
624	3.905667	3.929172	3.950002	3.968219	3.986847	4.003265	4.018935	4.032928	4.045261	4.061412	4.073103	4.087601	4.098401	4.111929	4.123034	4.133827	4.146418	4.15667	4.16676	4.178765	4.18987	4.199008	4.20996	4.22157	4.230655	4.242476	4.251622	4.263329	4.271142	4.281058	4.292004	4.301225	4.311126	4.317757	4.327933	4.33608	4.347726	4.355561	4.363557	4.371865	4.381758	4.390614	4.397642	4.406719	4.433792	4.44271	4.451025	4.458883	4.466749	4.476764	4.484302	4.492259	4.502016	4.512434	4.518799	4.527572	4.534477	4.542639	4.55299	4.559782	4.567991
625	3.952409	3.975662	3.996625	4.014787	4.032984	4.049129	4.064632	4.079288	4.091666	4.107347	4.119212	4.133545	4.144373	4.157968	4.169523	4.179695	4.192705	4.202112	4.213108	4.22526	4.235991	4.245914	4.256694	4.267377	4.276548	4.288592	4.297523	4.309604	4.316758	4.32693	4.337602	4.347059	4.357291	4.363443	4.373149	4.38256	4.393506	4.401806	4.409617	4.417713	4.427563	4.436805	4.443053	4.45294	4.480069	4.488248	4.496727	4.504525	4.512706	4.522902	4.530308	4.53813	4.547419	4.558367	4.563779	4.572389	4.579664	4.588739	4.59872	4.605481	4.613005
626	3.998743	4.021745	4.042841	4.060949	4.078718	4.094594	4.10993	4.125243	4.137667	4.152881	4.164918	4.17909	4.189945	4.203604	4.215607	4.225162	4.238587	4.247159	4.259051	4.271349	4.281711	4.292411	4.303019	4.312785	4.32204	4.334305	4.343023	4.355474	4.361975	4.372401	4.382803	4.392492	4.403053	4.408731	4.417972	4.428635	4.438886	4.447648	4.455275	4.463162	4.472969	4.482594	4.488068	4.498757	4.525942	4.533389	4.54203	4.54977	4.558263	4.568638	4.575912	4.5836	4.592426	4.603898	4.608367	4.616814	4.624455	4.634437	4.64405	4.650782	4.657627
627	4.059596	4.082163	4.10288	4.12103	4.138485	4.153951	4.169245	4.184504	4.197126	4.212284	4.224434	4.23802	4.249253	4.263186	4.275152	4.284531	4.298255	4.306446	4.318563	4.330694	4.340927	4.351649	4.36234	4.371886	4.381012	4.393086	4.401888	4.414027	4.420627	4.431149	4.441351	4.451114	4.46166	4.467473	4.476265	4.487337	4.497307	4.506511	4.513927	4.521831	4.531509	4.54116	4.546473	4.557237	4.584078	4.59187	4.600628	4.608153	4.616743	4.626929	4.634367	4.64188	4.650259	4.661924	4.666402	4.674828	4.682436	4.692426	4.70214	4.708982	4.715448
628	4.13114	4.153137	4.173093	4.191357	4.208584	4.223536	4.238884	4.253555	4.266489	4.281898	4.294116	4.306802	4.318674	4.333036	4.344602	4.354136	4.368068	4.376221	4.388062	4.399792	4.410077	4.420257	4.431219	4.441067	4.449904	4.46148	4.470586	4.481906	4.489166	4.499664	4.509722	4.51944	4.529716	4.536119	4.544477	4.555325	4.565323	4.574953	4.582139	4.590228	4.599714	4.609123	4.614732	4.625028	4.651229	4.660169	4.66901	4.676205	4.684731	4.694451	4.702274	4.70958	4.717526	4.729139	4.734335	4.742846	4.750124	4.759452	4.769614	4.776672	4.782985
629	4.202034	4.223464	4.242668	4.261045	4.278047	4.292489	4.307889	4.321978	4.335221	4.35088	4.363165	4.374959	4.387463	4.402252	4.413421	4.423108	4.437246	4.445363	4.456928	4.468262	4.478598	4.488241	4.499472	4.509619	4.51817	4.529252	4.53866	4.549167	4.557081	4.567556	4.577471	4.587144	4.597152	4.604139	4.612067	4.622694	4.632721	4.642773	4.649729	4.658003	4.667298	4.676468	4.682371	4.692203	4.71777	4.727847	4.73677	4.743638	4.752101	4.76136	4.769564	4.776665	4.784183	4.795742	4.801651	4.810246	4.817196	4.825868	4.836475	4.843746	4.849908
630	4.27955	4.300187	4.318812	4.337058	4.353849	4.367894	4.38332	4.396956	4.410373	4.426197	4.438532	4.449583	4.462493	4.477565	4.488282	4.498209	4.512237	4.520456	4.531785	4.54282	4.553114	4.562426	4.57378	4.584107	4.592499	4.603219	4.612772	4.622787	4.631206	4.641586	4.651497	4.660716	4.670784	4.678128	4.685835	4.696177	4.706261	4.716571	4.723417	4.731774	4.740893	4.749838	4.756199	4.765411	4.790719	4.801651	4.81055	4.817134	4.825385	4.834371	4.842865	4.849808	4.857124	4.868522	4.874986	4.88356	4.890275	4.898437	4.909358	4.916695	4.922763
631	4.380891	4.39996	4.418582	4.435877	4.452502	4.466513	4.481877	4.495481	4.508624	4.524334	4.536668	4.547454	4.560019	4.574908	4.584972	4.595444	4.608294	4.617088	4.628297	4.63936	4.649295	4.658959	4.66995	4.680064	4.688714	4.699512	4.708685	4.719268	4.7277	4.737746	4.748127	4.755508	4.766727	4.773675	4.781863	4.7917	4.801937	4.811961	4.819096	4.8272	4.836184	4.844946	4.852328	4.860383	4.886682	4.897544	4.906067	4.912502	4.920038	4.929376	4.93786	4.944799	4.952669	4.963533	4.970044	4.978242	4.985027	4.993155	5.003958	5.010877	5.017041
632	4.481406	4.498918	4.517537	4.533889	4.550349	4.564328	4.579628	4.593201	4.606073	4.62167	4.634002	4.644526	4.65675	4.671456	4.680873	4.691884	4.703567	4.712932	4.724022	4.735113	4.744692	4.754704	4.765336	4.775239	4.784144	4.795019	4.803815	4.814961	4.823407	4.833121	4.843969	4.849527	4.861887	4.868443	4.877107	4.886442	4.896832	4.906573	4.913994	4.921846	4.930697	4.939278	4.947671	4.954578	4.981861	4.992655	5.000804	5.007091	5.013918	5.023605	5.032079	5.039014	5.047433	5.057768	5.064325	5.072151	5.079005	5.087101	5.097786	5.10429	5.11055
633	4.581103	4.597072	4.615688	4.631105	4.647402	4.661347	4.676585	4.690128	4.70273	4.718215	4.730546	4.740809	4.752694	4.76722	4.775996	4.78754	4.798066	4.807996	4.818969	4.830087	4.839314	4.84967	4.859946	4.86964	4.878798	4.88975	4.898172	4.909876	4.918336	4.927721	4.939032	4.942781	4.956274	4.962442	4.971576	4.980416	4.990956	5.000416	5.008121	5.015724	5.024443	5.032844	5.042241	5.048009	5.076266	5.086992	5.094771	5.100912	5.107035	5.11707	5.125533	5.132463	5.141428	5.151238	5.157842	5.165297	5.17222	5.180283	5.190853	5.196943	5.203299
634	4.714583	4.728226	4.746069	4.7613	4.777346	4.790249	4.805378	4.818925	4.831359	4.846643	4.858835	4.869578	4.880455	4.894839	4.903692	4.914819	4.925231	4.93473	4.945278	4.956542	4.96545	4.975564	4.986135	4.995953	5.004668	5.015409	5.024217	5.035078	5.043326	5.052736	5.063494	5.068632	5.080979	5.087153	5.096594	5.105228	5.115866	5.124672	5.132411	5.140095	5.148329	5.157094	5.165918	5.172036	5.200524	5.210681	5.218356	5.225511	5.231113	5.241076	5.249047	5.25628	5.264921	5.273879	5.281281	5.287716	5.295313	5.303052	5.313241	5.31974	5.326367
635	4.851686	4.862915	4.879892	4.895032	4.910816	4.922556	4.93757	4.951127	4.963405	4.978478	4.990517	5.001829	5.01162	5.025867	5.034887	5.045478	5.055909	5.064853	5.07494	5.086364	5.094958	5.104755	5.115705	5.125687	5.133874	5.144368	5.153655	5.163502	5.171511	5.18099	5.19107	5.197993	5.208914	5.215142	5.224868	5.233334	5.244061	5.252172	5.259912	5.267719	5.275425	5.284622	5.292677	5.299329	5.327953	5.337482	5.345087	5.353397	5.358504	5.368342	5.375763	5.383336	5.391544	5.399613	5.407907	5.413243	5.421586	5.428967	5.438744	5.445753	5.452673
636	4.988018	4.996846	5.012962	5.028011	5.043536	5.054117	5.069018	5.082584	5.094708	5.109571	5.121457	5.133335	5.142045	5.156157	5.165342	5.175402	5.185852	5.194243	5.203871	5.215454	5.223738	5.23322	5.244545	5.25469	5.262352	5.272601	5.282365	5.291203	5.298975	5.308522	5.317928	5.326626	5.336128	5.34241	5.352421	5.360718	5.371535	5.378953	5.386696	5.394624	5.401806	5.411432	5.418722	5.425906	5.454664	5.463568	5.471104	5.480563	5.485177	5.494892	5.501766	5.509676	5.517454	5.524639	5.533819	5.538064	5.547148	5.554174	5.563541	5.571055	5.578268
637	5.148565	5.154282	5.16958	5.183732	5.198268	5.208543	5.222508	5.235862	5.247726	5.262029	5.273159	5.285729	5.29366	5.307283	5.316356	5.326038	5.336347	5.344484	5.354003	5.365429	5.373214	5.382432	5.393581	5.403545	5.410834	5.421162	5.430926	5.439225	5.446467	5.455949	5.46511	5.474251	5.48312	5.489436	5.49889	5.507512	5.518127	5.525241	5.53298	5.540684	5.547729	5.557438	5.564379	5.571655	5.600339	5.608916	5.616259	5.626415	5.630555	5.640143	5.646856	5.654418	5.662402	5.669027	5.678549	5.682495	5.691726	5.698561	5.70737	5.714823	5.722176
638	5.329369	5.331381	5.345901	5.358485	5.371431	5.382099	5.394451	5.407408	5.418925	5.432377	5.442254	5.455621	5.463017	5.475863	5.484591	5.494025	5.504059	5.512187	5.521886	5.532894	5.540026	5.549018	5.559535	5.569035	5.576077	5.586751	5.596123	5.60427	5.610739	5.620045	5.629314	5.637801	5.646684	5.653016	5.661219	5.670571	5.680746	5.687875	5.695605	5.7028	5.710028	5.719535	5.726468	5.733474	5.76191	5.770407	5.777455	5.787933	5.791615	5.801074	5.807947	5.814594	5.823308	5.829639	5.839055	5.843354	5.852241	5.859021	5.867153	5.874071	5.88144
639	5.509769	5.508086	5.521826	5.532848	5.544207	5.555268	5.566009	5.578571	5.589741	5.602345	5.61097	5.625133	5.631998	5.644066	5.652451	5.661635	5.671395	5.679515	5.689394	5.699984	5.706465	5.715233	5.725119	5.734155	5.740951	5.75197	5.76095	5.768945	5.774645	5.783772	5.79315	5.800985	5.809882	5.816231	5.823185	5.833265	5.843	5.850145	5.857866	5.864553	5.871964	5.881269	5.888195	5.89493	5.923121	5.931536	5.938291	5.94909	5.952316	5.961645	5.968677	5.974411	5.983854	5.989892	5.999202	6.003853	6.012397	6.019121	6.026577	6.032964	6.040348
640	5.699981	5.694288	5.706886	5.716402	5.72627	5.737422	5.746649	5.758704	5.769427	5.781175	5.78866	5.803148	5.809583	5.820907	5.828889	5.837815	5.84716	5.855202	5.865138	5.8752	5.881196	5.88968	5.898994	5.907582	5.914195	5.925355	5.933939	5.941751	5.946911	5.955827	5.965167	5.972404	5.981137	5.987595	5.993453	6.004025	6.013355	6.020392	6.028025	6.034262	6.041663	6.050709	6.057703	6.064002	6.092167	6.100461	6.106916	6.117828	6.120741	6.129876	6.136938	6.14198	6.151852	6.157708	6.1668	6.171747	6.179923	6.186507	6.193287	6.1992	6.206716
641	5.929871	5.918923	5.928964	5.937181	5.945919	5.955989	5.96406	5.975179	5.985059	5.995916	6.002673	6.01568	6.022075	6.032771	6.040121	6.04875	6.057131	6.064826	6.074347	6.083445	6.089593	6.097565	6.106534	6.114729	6.121399	6.131907	6.140073	6.147586	6.153088	6.161659	6.170392	6.177233	6.185121	6.19204	6.197383	6.207541	6.216597	6.223048	6.230287	6.236293	6.242942	6.251501	6.258862	6.264072	6.293065	6.301085	6.307216	6.317426	6.320583	6.329277	6.335873	6.341064	6.350211	6.356315	6.364751	6.369777	6.377487	6.383605	6.389702	6.39536	6.40346
642	6.160416	6.144198	6.151673	6.158589	6.166193	6.175179	6.182091	6.19227	6.201304	6.211269	6.217295	6.228816	6.235173	6.245239	6.251955	6.260285	6.2677	6.275047	6.284151	6.292283	6.298583	6.306041	6.314665	6.322466	6.329193	6.339046	6.346795	6.354009	6.359852	6.368078	6.376202	6.382647	6.389685	6.397069	6.401894	6.411636	6.420418	6.426281	6.433125	6.4389	6.444794	6.452863	6.460594	6.464713	6.494535	6.50228	6.508084	6.517593	6.520993	6.529246	6.535374	6.540716	6.549135	6.555486	6.563266	6.568369	6.575614	6.581262	6.586675	6.592079	6.600764
643	6.391619	6.370117	6.375019	6.380629	6.387096	6.394994	6.400744	6.409981	6.418167	6.427238	6.43253	6.442561	6.448879	6.458314	6.464393	6.472425	6.478868	6.485868	6.494555	6.501718	6.50817	6.515112	6.52339	6.530795	6.53758	6.546778	6.554107	6.56102	6.567206	6.575085	6.582599	6.588646	6.594834	6.602682	6.606988	6.616314	6.624822	6.630095	6.636542	6.642087	6.647223	6.654801	6.662902	6.665926	6.69658	6.704049	6.709528	6.718333	6.721976	6.729787	6.735444	6.740938	6.748628	6.755226	6.762347	6.767531	6.774307	6.779485	6.784213	6.789361	6.798632
644	6.671616	6.642135	6.644315	6.648228	6.653023	6.659342	6.664122	6.671782	6.677925	6.686423	6.691403	6.699786	6.704912	6.713437	6.718534	6.726318	6.731943	6.738105	6.746573	6.752337	6.758744	6.765118	6.772852	6.779934	6.785459	6.794552	6.801657	6.807988	6.813574	6.820617	6.827551	6.83352	6.838986	6.846401	6.850918	6.85903	6.866777	6.871799	6.878044	6.882929	6.887914	6.894721	6.90169	6.905426	6.935904	6.943128	6.948432	6.956481	6.959897	6.967939	6.972636	6.978353	6.985197	6.99218	6.997944	7.003423	7.009199	7.013788	7.018831	7.023688	7.031715
645	6.960873	6.922947	6.922367	6.924511	6.927539	6.932196	6.936027	6.942004	6.945904	6.953875	6.958606	6.965307	6.969054	6.976619	6.980673	6.988218	6.993043	6.998286	7.006565	7.010856	7.017188	7.022979	7.030137	7.036904	7.040955	7.050029	7.056941	7.062642	7.067475	7.073603	7.079957	7.085897	7.09066	7.097497	7.102341	7.109107	7.116012	7.120834	7.126906	7.131061	7.13599	7.141976	7.147573	7.152307	7.18245	7.189432	7.194585	7.201865	7.20498	7.213361	7.217013	7.222965	7.228941	7.236331	7.240622	7.246431	7.25112	7.255097	7.260612	7.265173	7.271662
646	7.251994	7.205567	7.202209	7.202573	7.203825	7.206806	7.209684	7.213966	7.215609	7.223051	7.227532	7.23254	7.234898	7.241498	7.244503	7.251807	7.255826	7.260145	7.268232	7.271039	7.277296	7.282501	7.289079	7.295531	7.298097	7.307152	7.313869	7.318936	7.323013	7.328219	7.33399	7.3399	7.343955	7.350209	7.355383	7.360795	7.366853	7.371473	7.377371	7.380792	7.385665	7.390825	7.395039	7.400779	7.430584	7.437322	7.442323	7.44883	7.451641	7.460362	7.462965	7.469152	7.474254	7.482056	7.484863	7.491004	7.494597	7.49796	7.503952	7.508214	7.513154
647	7.574823	7.519285	7.512337	7.510171	7.509494	7.510433	7.511869	7.51465	7.514301	7.520718	7.523537	7.527415	7.528963	7.533818	7.535958	7.541981	7.545319	7.548822	7.555757	7.557696	7.563217	7.5678	7.573606	7.579437	7.581006	7.589603	7.595427	7.600179	7.603419	7.607891	7.613332	7.618237	7.621974	7.627201	7.632379	7.636698	7.641982	7.646289	7.65143	7.654533	7.658855	7.663288	7.666456	7.672258	7.701728	7.708278	7.712797	7.718657	7.720705	7.729293	7.731372	7.737178	7.741645	7.749228	7.751218	7.757252	7.760037	7.76296	7.769157	7.772903	7.776617
648	7.92746	7.862227	7.850938	7.845549	7.842799	7.841356	7.840899	7.842354	7.84025	7.845186	7.845047	7.84831	7.849571	7.851965	7.853409	7.857194	7.859962	7.862751	7.867646	7.869278	7.87346	7.87738	7.882239	7.88717	7.888187	7.895921	7.900213	7.904937	7.907267	7.911174	7.916518	7.919521	7.923298	7.927089	7.931973	7.935434	7.940013	7.943898	7.947749	7.950914	7.954233	7.958028	7.960455	7.965455	7.994595	8.001002	8.004739	8.010065	8.010927	8.018946	8.020986	8.025844	8.029892	8.03668	8.038461	8.043985	8.046223	8.048868	8.055017	8.058052	8.060832
649	8.283248	8.208234	8.192566	8.183924	8.179084	8.175237	8.172872	8.172987	8.169112	8.172554	8.169431	8.172072	8.173047	8.172956	8.173697	8.175224	8.177418	8.179486	8.182324	8.183644	8.186477	8.18973	8.193631	8.197657	8.198115	8.204979	8.207725	8.21242	8.213831	8.217168	8.222414	8.223498	8.227317	8.229657	8.234245	8.236841	8.240707	8.24417	8.246716	8.249945	8.252251	8.255404	8.257083	8.261273	8.290078	8.296345	8.29929	8.304077	8.303746	8.311188	8.313189	8.317089	8.320716	8.326702	8.328271	8.333283	8.334968	8.33733	8.343434	8.345749	8.347588
650	8.650846	8.56556	8.545251	8.533201	8.526122	8.519716	8.515259	8.513902	8.508221	8.510041	8.504137	8.50604	8.506174	8.503917	8.503527	8.503052	8.504512	8.505626	8.506617	8.507455	8.508933	8.511359	8.514242	8.517183	8.517053	8.523193	8.524362	8.528857	8.529256	8.532036	8.536775	8.536283	8.539853	8.540816	8.544888	8.546794	8.549909	8.552904	8.554218	8.557383	8.558687	8.561245	8.56209	8.565473	8.593929	8.599906	8.602128	8.6063	8.604941	8.611645	8.613392	8.616547	8.619707	8.62495	8.626209	8.63056	8.631864	8.633739	8.639661	8.641245	8.642411
651	9.060511	8.963061	8.937071	8.921021	8.911107	8.901526	8.894224	8.890832	8.883241	8.88292	8.875229	8.87588	8.872727	8.86979	8.866382	8.865114	8.865149	8.864291	8.864422	8.864031	8.864182	8.865089	8.866704	8.867809	8.866961	8.873064	8.872558	8.876092	8.875082	8.877385	8.879803	8.879309	8.881342	8.881297	8.883885	8.8859	8.88812	8.890467	8.890898	8.893437	8.89381	8.896012	8.895651	8.898263	8.926317	8.931366	8.93318	8.936413	8.934799	8.940058	8.940603	8.943975	8.946486	8.951266	8.951791	8.954831	8.956538	8.957016	8.962157	8.962983	8.964701
652	9.474986	9.36523	9.333493	9.313396	9.300614	9.287819	9.27764	9.272189	9.262663	9.260179	9.250676	9.250064	9.243586	9.23996	9.233499	9.231427	9.230021	9.227169	9.22643	9.224793	9.223603	9.222976	9.223306	9.222552	9.220977	9.227041	9.224842	9.227402	9.22497	9.22679	9.226859	9.226361	9.226842	9.225777	9.226864	9.228991	9.230302	9.231992	9.231529	9.233438	9.232869	9.234712	9.233129	9.234962	9.262608	9.266716	9.268118	9.270401	9.268528	9.272327	9.271658	9.275248	9.277102	9.281413	9.281195	9.282911	9.285026	9.284088	9.28844	9.2885	9.290774
653	9.894358	9.772148	9.734597	9.710405	9.694721	9.678676	9.665585	9.658051	9.646568	9.641892	9.630558	9.628667	9.618824	9.614502	9.604951	9.602068	9.599202	9.594333	9.592714	9.589818	9.58727	9.585088	9.58412	9.581487	9.579177	9.585201	9.581288	9.582864	9.578992	9.580321	9.578016	9.577515	9.576422	9.574326	9.573894	9.576133	9.576527	9.57755	9.576186	9.577456	9.575933	9.577412	9.574594	9.575637	9.602872	9.60603	9.607014	9.608334	9.606201	9.608521	9.606623	9.610434	9.611624	9.615459	9.61449	9.614867	9.617393	9.615025	9.618577	9.617862	9.620699
654	10.350462	10.213516	10.169915	10.140752	10.121242	10.101842	10.084957	10.074827	10.060577	10.053453	10.039968	10.036082	10.023685	10.017958	10.006345	10.001427	9.997171	9.990282	9.98654	9.982305	9.978978	9.975416	9.97224	9.968705	9.964822	9.968255	9.964011	9.96342	9.958645	9.958948	9.955834	9.953608	9.95137	9.948464	9.947005	9.947913	9.947655	9.94743	9.945557	9.944097	9.942926	9.942781	9.93916	9.939468	9.965986	9.967819	9.968041	9.969111	9.965291	9.966604	9.964567	9.967177	9.967482	9.970349	9.969278	9.968766	9.969775	9.96766	9.969679	9.96852	9.97059
655	10.817768	10.665521	10.615767	10.581424	10.557875	10.535073	10.514193	10.501346	10.484153	10.474506	10.458792	10.452757	10.437936	10.430655	10.417151	10.409954	10.404305	10.395378	10.38926	10.383659	10.379656	10.374731	10.369158	10.364893	10.359267	10.359608	10.355289	10.35229	10.346703	10.345869	10.34223	10.33794	10.334628	10.330944	10.328542	10.327835	10.326968	10.325376	10.323061	10.318454	10.317885	10.315866	10.311516	10.311091	10.336829	10.337255	10.336644	10.337594	10.331802	10.332187	10.330215	10.331347	10.330717	10.332512	10.331461	10.330135	10.329253	10.327707	10.328043	10.326498	10.327541
656	11.290591	11.122859	11.066881	11.027295	10.999663	10.973417	10.948493	10.932899	10.912729	10.90053	10.88256	10.874351	10.857074	10.848224	10.832808	10.823302	10.816247	10.805255	10.796735	10.78975	10.785062	10.778759	10.770761	10.765759	10.758368	10.75558	10.751185	10.74575	10.73934	10.737356	10.733187	10.726811	10.722408	10.717941	10.714581	10.712242	10.710759	10.707782	10.705022	10.69723	10.697268	10.693355	10.688266	10.687101	10.712049	10.711053	10.709598	10.710426	10.70264	10.702085	10.700176	10.699814	10.698239	10.698951	10.697918	10.69577	10.692974	10.692005	10.690637	10.688702	10.688707
657	11.785839	11.602313	11.539158	11.494708	11.462244	11.431853	11.403629	11.38471	11.361942	11.346411	11.325872	11.315075	11.295458	11.284527	11.266878	11.255076	11.245911	11.233076	11.222578	11.21373	11.20792	11.199601	11.189861	11.183244	11.174095	11.169423	11.163669	11.157025	11.148941	11.14591	11.140428	11.132561	11.126669	11.12138	11.116574	11.113114	11.110501	11.106216	11.102835	11.09304	11.092257	11.087331	11.081132	11.07888	11.103093	11.100879	11.098492	11.09903	11.089406	11.088288	11.085773	11.083911	11.08116	11.081071	11.079553	11.076366	11.072331	11.071053	11.068868	11.066044	11.065064
658	12.303503	12.103872	12.032589	11.983652	11.945611	11.910379	11.879592	11.856772	11.831784	11.812142	11.788725	11.774928	11.753082	11.739562	11.719362	11.705275	11.693298	11.678843	11.666787	11.655595	11.648231	11.63726	11.626458	11.617354	11.606451	11.601134	11.592744	11.586113	11.575508	11.571531	11.563956	11.555193	11.547411	11.541266	11.534527	11.530452	11.526202	11.520681	11.516506	11.505881	11.502851	11.497794	11.490116	11.486435	11.509966	11.506733	11.503328	11.503406	11.492102	11.490797	11.487005	11.483637	11.479478	11.478875	11.476369	11.471928	11.467328	11.464856	11.462736	11.45853	11.456617
659	12.82734	12.611411	12.531905	12.478425	12.434744	12.39461	12.361229	12.334465	12.307228	12.283428	12.257098	12.240265	12.216165	12.200024	12.177241	12.160842	12.146022	12.129925	12.116294	12.102729	12.093793	12.08014	12.068263	12.056643	12.043964	12.037993	12.026937	12.020317	12.007162	12.002228	11.992535	11.982864	11.97317	11.966161	11.957463	11.952767	11.94686	11.940087	11.935111	11.923645	11.918344	11.913152	11.903977	11.898849	11.921691	11.917428	11.912992	11.912602	11.8996	11.898108	11.893023	11.888131	11.882548	11.881423	11.877917	11.872205	11.867035	11.863356	11.8613	11.855696	11.852839
660	13.361676	13.129141	13.041386	12.983065	12.933821	12.888824	12.852608	12.82186	12.791997	12.764337	12.73506	12.715207	12.688693	12.669772	12.644418	12.625705	12.607974	12.590175	12.574924	12.559053	12.548237	12.532041	12.518981	12.504968	12.49052	12.483562	12.470061	12.463121	12.447584	12.441518	12.429842	12.419114	12.407664	12.3996	12.389142	12.383451	12.375974	12.367805	12.361849	12.34961	12.342169	12.336617	12.325898	12.319505	12.341549	12.336327	12.330722	12.329639	12.315182	12.313253	12.306874	12.30068	12.293662	12.291944	12.287339	12.28045	12.274688	12.269809	12.267491	12.260592	12.256886
661	13.923599	13.673674	13.577956	13.513496	13.459374	13.409945	13.369791	13.335063	13.300776	13.270959	13.238703	13.216059	13.186455	13.164064	13.136307	13.115385	13.094561	13.074821	13.057804	13.040082	13.025896	13.008007	12.993272	12.977602	12.961496	12.951901	12.93722	12.928273	12.911331	12.90329	12.890418	12.877922	12.865593	12.855567	12.844445	12.835889	12.82737	12.817136	12.809333	12.796709	12.787912	12.780859	12.768425	12.761758	12.78249	12.776713	12.769292	12.766393	12.751799	12.748207	12.740583	12.734276	12.725825	12.723179	12.717028	12.709494	12.70307	12.697087	12.692841	12.685246	12.681203
662	14.492163	14.224646	14.12087	14.0502	13.991143	13.937227	13.89309	13.854331	13.815568	13.783571	13.748303	13.722834	13.690101	13.664201	13.634009	13.610855	13.586903	13.565198	13.546392	13.526797	13.509207	13.489602	13.473169	13.455825	13.43804	13.425777	13.409903	13.398923	13.380565	13.370522	13.35644	13.342157	13.328937	13.316925	13.305131	13.293674	13.284105	13.271777	13.26211	13.249095	13.238926	13.230353	13.216186	13.209242	13.228646	13.222307	13.213047	13.208312	13.193578	13.188304	13.179423	13.172997	13.163098	13.159515	13.151796	13.143613	13.136517	13.129416	13.12322	13.114922	13.110537
663	15.067495	14.782171	14.670242	14.593289	14.529239	14.470781	14.422615	14.379779	14.336488	14.302282	14.263966	14.235638	14.199737	14.170289	14.137636	14.112219	14.085099	14.061409	14.040793	14.019304	13.998264	13.976926	13.958777	13.939736	13.920255	13.905293	13.888208	13.875173	13.855378	13.843314	13.828007	13.811913	13.797791	13.783772	13.771297	13.756907	13.746272	13.73183	13.720274	13.70686	13.695307	13.685197	13.669271	13.662047	13.680108	13.673202	13.662084	13.65549	13.640614	13.633637	13.623481	13.616939	13.605576	13.601039	13.591737	13.582894	13.575119	13.566889	13.558719	13.549707	13.544978
664	15.660985	15.359071	15.237811	15.153655	15.084396	15.020786	14.96841	14.92144	14.874354	14.835845	14.794276	14.76239	14.723401	14.691307	14.655723	14.627679	14.598562	14.571217	14.548644	14.524652	14.502248	14.478456	14.458375	14.436785	14.415348	14.398712	14.380075	14.364472	14.343405	14.329489	14.313049	14.295326	14.279695	14.263309	14.249566	14.233796	14.222364	14.205866	14.193476	14.177849	14.165216	14.154427	14.136924	14.127727	14.145355	14.13669	14.124325	14.117405	14.101656	14.093077	14.082089	14.073606	14.061128	14.055836	14.045143	14.035533	14.026466	14.016862	14.007743	13.998045	13.992158
665	16.262268	15.943911	15.813008	15.721409	15.64686	15.577934	15.521279	15.470137	15.419388	15.376102	15.331215	15.295599	15.25352	15.218952	15.180317	15.149551	15.118672	15.087296	15.062722	15.036077	15.012746	14.98633	14.964258	14.939922	14.916462	14.898358	14.878087	14.85979	14.83748	14.821731	14.804175	14.784845	14.767565	14.748727	14.733582	14.71675	14.704572	14.686018	14.67301	14.654772	14.641116	14.629823	14.610772	14.59923	14.616614	14.60593	14.592439	14.585513	14.568731	14.558561	14.546828	14.536004	14.522479	14.516468	14.504416	14.494016	14.483513	14.472474	14.462619	14.452235	14.44501
666	16.868916	16.533966	16.393333	16.294224	16.21434	16.140049	16.079081	16.023727	15.969284	15.921179	15.872944	15.833566	15.788364	15.751303	15.709591	15.67608	15.643421	15.607979	15.581385	15.552065	15.527797	15.498735	15.474653	15.447548	15.422045	15.402462	15.380539	15.359526	15.335958	15.318365	15.299684	15.278734	15.259788	15.23847	15.221913	15.204012	15.191078	15.170452	15.156822	15.135947	15.121264	15.109462	15.088846	15.07494	15.092079	15.079357	15.06473	15.057799	15.039974	15.028199	15.015714	15.002528	14.987948	14.981212	14.967786	14.956586	14.944638	14.932151	14.921552	14.910479	14.9019
667	17.485632	17.133657	16.984085	16.876961	16.791409	16.711838	16.646503	16.586548	16.528488	16.476486	16.424536	16.38187	16.333788	16.293781	16.248684	16.212524	16.17761	16.139116	16.110125	16.077909	16.05216	16.021088	15.994674	15.964995	15.937522	15.916094	15.891997	15.869172	15.843948	15.824497	15.803968	15.781391	15.760955	15.737475	15.718636	15.700041	15.685502	15.663342	15.648447	15.626225	15.610121	15.596909	15.574877	15.55939	15.575636	15.561184	15.545305	15.538115	15.518527	15.506157	15.492043	15.477739	15.461975	15.453868	15.439216	15.427059	15.413743	15.400124	15.388349	15.37652	15.366496
668	18.111158	17.741753	17.584103	17.468452	17.376896	17.29215	17.222414	17.157448	17.095869	17.04096	16.984917	16.93948	16.888773	16.84535	16.796556	16.75786	16.720196	16.679728	16.647949	16.612614	16.584816	16.552412	16.523329	16.491291	16.461927	16.438276	16.411459	16.387783	16.360489	16.339169	16.316036	16.291828	16.270088	16.244785	16.222754	16.203863	16.186819	16.163708	16.146877	16.124674	16.106739	16.09116	16.067877	16.051643	16.066309	16.050465	16.033216	16.025488	16.003382	15.991494	15.974823	15.960725	15.943644	15.933482	15.917762	15.90449	15.889891	15.875475	15.862073	15.849426	15.837855
669	18.740154	18.353216	18.18745	18.063223	17.965631	17.875683	17.801517	17.731508	17.666395	17.608566	17.548401	17.500179	17.446833	17.399979	17.347467	17.306219	17.265791	17.223335	17.188753	17.150282	17.120424	17.086681	17.054909	17.020502	16.989239	16.96335	16.9338	16.909271	16.87989	16.856693	16.830948	16.805096	16.782049	16.754908	16.729668	16.71048	16.690918	16.666845	16.648067	16.625883	16.606106	16.588152	16.563608	16.546627	16.5597	16.542458	16.523829	16.515564	16.490927	16.479523	16.460279	16.446386	16.427984	16.415756	16.39896	16.384563	16.368677	16.353462	16.338419	16.324949	16.311831
670	19.373056	18.968536	18.794437	18.662153	18.558409	18.46331	18.384699	18.309765	18.241076	18.180269	18.116137	18.064962	18.008926	17.958611	17.902529	17.85853	17.815506	17.77092	17.733606	17.692221	17.660149	17.62504	17.590769	17.553844	17.520748	17.492615	17.46048	17.434984	17.403507	17.378397	17.350206	17.322636	17.298109	17.269302	17.241148	17.221333	17.199421	17.174294	17.153589	17.131174	17.109692	17.089518	17.063744	17.045866	17.057306	17.038874	17.018835	17.009834	16.982899	16.971596	16.949917	16.936047	16.916414	16.902359	16.884344	16.868904	16.851643	16.83552	16.819046	16.804646	16.790058
671	20.01119	19.589287	19.405869	19.268684	19.158298	19.058483	18.975431	18.896368	18.823997	18.75996	18.692837	18.637852	18.578894	18.52504	18.466339	18.418516	18.373936	18.32645	18.286879	18.243937	18.208832	18.172234	18.136614	18.096399	18.061899	18.031527	17.997746	17.970646	17.937059	17.90988	17.880297	17.850628	17.823677	17.794214	17.764914	17.742603	17.719368	17.692661	17.670198	17.64613	17.623758	17.602345	17.575539	17.555962	17.56554	17.547184	17.525576	17.514702	17.486866	17.473497	17.45022	17.435339	17.415041	17.400547	17.380533	17.364519	17.345451	17.327824	17.311153	17.295221	17.279678
672	20.651859	20.2125	20.019726	19.877623	19.760565	19.656015	19.568508	19.485298	19.409231	19.341951	19.271822	19.213013	19.151123	19.093721	19.032387	18.980724	18.934578	18.884184	18.842348	18.797846	18.759689	18.721598	18.684622	18.641104	18.605194	18.572577	18.537144	18.50843	18.472729	18.443472	18.412491	18.380714	18.351332	18.321209	18.290756	18.265944	18.241375	18.213085	18.188856	18.163126	18.139866	18.117207	18.089363	18.068079	18.075792	18.057508	18.034327	18.021572	17.992834	17.97739	17.952507	17.936615	17.915646	17.900715	17.878693	17.862099	17.841217	17.822079	17.80521	17.787746	17.771242
673	21.29508	20.838194	20.636026	20.488987	20.365234	20.25593	20.163948	20.076572	19.996796	19.92626	19.853117	19.790464	19.725632	19.664663	19.600687	19.54517	19.497456	19.444139	19.400032	19.353958	19.312744	19.273155	19.234816	19.187979	19.150656	19.115784	19.07869	19.048359	19.010534	18.979191	18.946808	18.912912	18.88109	18.850304	18.818697	18.791367	18.765467	18.735584	18.709581	18.682184	18.658028	18.634119	18.605234	18.582235	18.588076	18.569866	18.545105	18.53046	18.50082	18.483288	18.456795	18.439886	18.418247	18.402874	18.378838	18.36166	18.338961	18.318302	18.301239	18.28223	18.264763
674	21.938347	21.4669	21.257414	21.103403	20.974901	20.86039	20.763081	20.672445	20.58857	20.514751	20.437717	20.372307	20.303589	20.239761	20.173384	20.115608	20.065317	20.008894	19.96273	19.914757	19.870249	19.828444	19.787586	19.739447	19.699352	19.662907	19.624443	19.592001	19.551554	19.518881	19.484713	19.448938	19.414803	19.382887	19.350546	19.320807	19.29343	19.262691	19.234756	19.205309	19.179899	19.154427	19.124365	19.100029	19.104544	19.085629	19.059216	19.043905	19.012199	18.993042	18.965807	18.947763	18.925253	18.908369	18.883114	18.864977	18.841919	18.819252	18.801344	18.781639	18.763273
675	22.58346	22.098095	21.881756	21.720282	21.587467	21.467628	21.364775	21.271084	21.18301	21.105892	21.024755	20.956829	20.883995	20.817465	20.748735	20.689064	20.635956	20.576378	20.528204	20.478241	20.430378	20.386183	20.342529	20.29356	20.250364	20.212503	20.172729	20.138054	20.094866	20.061031	20.024984	19.987383	19.950956	19.917799	19.884821	19.85269	19.823805	19.792376	19.762465	19.730873	19.704121	19.677008	19.645735	19.620142	19.623455	19.603651	19.575571	19.559872	19.525824	19.50515	19.477364	19.458162	19.434729	19.416082	19.38979	19.370602	19.347528	19.322727	19.303823	19.283615	19.26436
676	23.230999	22.731665	22.508448	22.339481	22.202341	22.077152	21.968737	21.871977	21.779688	21.699255	21.614002	21.543552	21.466587	21.397343	21.326254	21.264679	21.208746	21.145996	21.095804	21.043848	20.992617	20.946026	20.899561	20.849756	20.803452	20.764168	20.72308	20.686165	20.640221	20.605223	20.567289	20.527857	20.48913	20.454723	20.421104	20.386574	20.356174	20.324053	20.292156	20.258411	20.230316	20.201553	20.169065	20.142214	20.144321	20.123625	20.093866	20.077782	20.041384	20.01918	19.990849	19.970482	19.946121	19.925707	19.898371	19.87813	19.85504	19.828098	19.808197	19.787479	19.767336
677	23.876326	23.36356	23.132963	22.957594	22.815655	22.686197	22.572859	22.472963	22.376913	22.292978	22.204189	22.131227	22.051003	21.979326	21.905537	21.84185	21.782875	21.718065	21.665483	21.610786	21.557108	21.508091	21.458956	21.408514	21.359495	21.318596	21.276178	21.237225	21.189114	21.152493	21.112669	21.071594	21.031561	20.995541	20.959946	20.923872	20.892258	20.858711	20.825533	20.79001	20.760254	20.730389	20.696775	20.668373	20.669716	20.647264	20.616766	20.59973	20.561657	20.538292	20.508444	20.486727	20.461271	20.439486	20.411161	20.389772	20.365671	20.338041	20.316719	20.295143	20.273846
678	24.518705	23.993116	23.754589	23.574032	23.426769	23.294249	23.176714	23.073614	22.974304	22.886667	22.794992	22.71953	22.637016	22.563229	22.486359	22.420328	22.358074	22.292437	22.237059	22.178787	22.123693	22.072218	22.020569	21.969709	21.918427	21.875687	21.83193	21.79117	21.741543	21.702784	21.661072	21.618574	21.578335	21.540291	21.501238	21.464579	21.432083	21.396297	21.362619	21.325741	21.29397	21.263615	21.228977	21.198704	21.199772	21.174601	21.144411	21.125799	21.086805	21.062683	21.030245	21.006969	20.980227	20.957521	20.928265	20.905622	20.879408	20.852699	20.829491	20.806664	20.783918
679	25.163237	24.624779	24.378292	24.192533	24.039932	23.904339	23.782591	23.676271	23.573696	23.482342	23.387772	23.309803	23.224991	23.149086	23.069126	23.00074	22.935202	22.868734	22.810551	22.748692	22.692177	22.638233	22.584061	22.532785	22.479229	22.434647	22.389544	22.346972	22.295818	22.254921	22.211309	22.167385	22.12694	22.086868	22.044346	22.007095	21.973715	21.935684	21.901505	21.863262	21.829475	21.798626	21.76296	21.73081	21.731604	21.703703	21.673822	21.653631	21.613712	21.588831	21.553787	21.528952	21.500919	21.477289	21.447098	21.423201	21.394867	21.36908	21.343977	21.319895	21.2957
680	25.807514	25.256733	25.002533	24.81164	24.653942	24.51502	24.389143	24.279501	24.173655	24.078876	23.981459	23.900871	23.813599	23.735592	23.652822	23.581944	23.513243	23.445723	23.384745	23.319613	23.261681	23.205189	23.148687	23.09672	23.041027	22.994692	22.948132	22.903715	22.851173	22.808308	22.762907	22.717533	22.676485	22.634615	22.589001	22.550995	22.516588	22.476536	22.441673	22.402126	22.366467	22.335014	22.298168	22.264303	22.264675	22.234341	22.204439	22.182795	22.141899	22.11619	22.079008	22.052582	22.023367	21.998825	21.967768	21.94248	21.912313	21.887026	21.860336	21.834843	21.809397
681	26.43841	25.878975	25.61874	25.42322	25.262079	25.118294	24.988873	24.87529	24.766203	24.669945	24.570019	24.486168	24.395454	24.315462	24.23173	24.157515	24.086506	24.016542	23.952877	23.886526	23.827248	23.767744	23.710171	23.655779	23.59885	23.551373	23.502703	23.456259	23.403208	23.359512	23.313028	23.266098	23.221945	23.179773	23.133547	23.093718	23.057407	23.016806	22.980095	22.939638	22.903072	22.870331	22.831358	22.796839	22.795879	22.765007	22.732985	22.710732	22.668535	22.641602	22.605232	22.577082	22.547384	22.522036	22.490549	22.463066	22.432917	22.405434	22.379126	22.351269	22.325846
682	27.070868	26.502762	26.236475	26.03632	25.871727	25.723064	25.590092	25.472557	25.36022	25.262482	25.160042	25.072914	24.978754	24.896774	24.812073	24.734514	24.661192	24.588779	24.522421	24.454849	24.394217	24.331692	24.273048	24.216223	24.158056	24.10944	24.058649	24.010174	23.956612	23.912081	23.864511	23.816023	23.768757	23.726282	23.679443	23.637785	23.599567	23.558416	23.519852	23.478481	23.44101	23.406977	23.36587	23.330696	23.328402	23.296991	23.262844	23.239977	23.196478	23.168316	23.132763	23.10288	23.072702	23.046545	23.014629	22.984943	22.954813	22.925129	22.899204	22.868977	22.843578
683	27.704891	27.128092	26.85574	26.650938	26.482883	26.329332	26.192799	26.071304	25.955709	25.856485	25.751526	25.661118	25.563499	25.479525	25.393856	25.312943	25.237305	25.162434	25.093376	25.024578	24.962593	24.897039	24.83732	24.778057	24.718649	24.668886	24.615973	24.56546	24.511389	24.466022	24.417364	24.367313	24.316925	24.274147	24.226694	24.183201	24.143072	24.101366	24.060946	24.01866	23.98028	23.944952	23.901707	23.865875	23.862244	23.830292	23.794014	23.770536	23.725729	23.696335	23.661602	23.629984	23.599323	23.572353	23.54001	23.508116	23.478003	23.44611	23.42057	23.387966	23.362593
684	28.314838	27.73037	27.454393	27.246002	27.075354	26.918749	26.779905	26.656189	26.538137	26.436108	26.328552	26.235607	26.136993	26.050097	25.961912	25.879389	25.801949	25.726166	25.655392	25.585281	25.521385	25.453716	25.393787	25.33209	25.271374	25.220594	25.165977	25.114382	25.059015	25.011297	24.961233	24.909882	24.858036	24.813435	24.765675	24.720743	24.679625	24.636005	24.595009	24.552116	24.512461	24.475851	24.431704	24.394587	24.389435	24.35729	24.319429	24.294876	24.249092	24.218676	24.183353	24.151323	24.119347	24.090883	24.05761	24.024784	23.994059	23.961346	23.934893	23.902037	23.876074
685	28.919268	28.327387	28.048399	27.836683	27.663651	27.504454	27.363617	27.238113	27.117802	27.012634	26.902462	26.807165	26.708174	26.61812	26.527033	26.443333	26.36422	26.28791	26.21566	26.144222	26.078268	26.008711	25.948799	25.884655	25.822617	25.770851	25.714636	25.662193	25.605339	25.55488	25.503332	25.450745	25.397858	25.351051	25.303062	25.256788	25.214916	25.169033	25.127783	25.084362	25.043339	25.005445	24.960712	24.922144	24.915428	24.883179	24.843866	24.818127	24.771442	24.740059	24.703791	24.671684	24.638178	24.608047	24.573719	24.540285	24.508785	24.475603	24.447903	24.415331	24.388624
686	29.524561	28.925259	28.643253	28.428204	28.252789	28.090996	27.948162	27.820864	27.69829	27.589979	27.47719	27.379536	27.280167	27.186956	27.092955	27.00808	26.927292	26.850452	26.776731	26.703953	26.635948	26.564499	26.504597	26.438013	26.374643	26.321894	26.264074	26.210785	26.152441	26.099241	26.046202	25.992378	25.938448	25.889433	25.841215	25.793596	25.750967	25.70282	25.66132	25.617365	25.574974	25.535797	25.490475	25.450457	25.442175	25.409815	25.369055	25.342121	25.294542	25.262186	25.224972	25.192785	25.157749	25.12595	25.090567	25.056522	25.024244	24.990595	24.961645	24.929358	24.901907
687	30.114019	29.510359	29.224813	29.006327	28.828516	28.664488	28.519825	28.390249	28.265715	28.154663	28.039894	27.940121	27.840006	27.744526	27.648119	27.562815	27.480665	27.402466	27.327833	27.253717	27.184177	27.111462	27.050823	26.982418	26.917818	26.864586	26.804886	26.751173	26.691601	26.636761	26.582565	26.527748	26.473066	26.422871	26.373669	26.324934	26.281393	26.232302	26.189657	26.144907	26.101196	26.061005	26.014454	25.973654	25.964069	25.930956	25.889683	25.861431	25.813091	25.77981	25.741657	25.709072	25.673052	25.640409	25.604132	25.569311	25.536215	25.501871	25.472099	25.439436	25.411263
688	30.684984	30.080545	29.790852	29.568804	29.388582	29.222742	29.07645	28.944027	28.817881	28.704554	28.588545	28.486929	28.385643	28.288937	28.190718	28.105843	28.022707	27.942181	27.867287	27.791824	27.721361	27.648111	27.585855	27.516361	27.450645	27.397507	27.335606	27.281961	27.221474	27.166281	27.111317	27.055779	27.000692	26.950508	26.899448	26.849863	26.805225	26.756737	26.711905	26.666054	26.621077	26.580181	26.531664	26.490858	26.480288	26.445665	26.404974	26.375246	26.326307	26.29216	26.253084	26.219711	26.183357	26.150829	26.11385	26.078049	26.044088	26.008791	25.978687	25.944878	25.916014
689	31.256897	30.651676	30.357832	30.132208	29.949574	29.781918	29.633995	29.49872	29.370958	29.255358	29.138103	29.034641	28.93218	28.834248	28.734217	28.649775	28.565645	28.482786	28.407633	28.330824	28.259432	28.185648	28.121775	28.051189	27.984354	27.931313	27.867207	27.813629	27.752224	27.696678	27.640938	27.584684	27.529188	27.479019	27.4261	27.375662	27.329926	27.282042	27.235016	27.188063	27.141819	27.100218	27.049732	27.008919	26.99736	26.961227	26.921118	26.889908	26.84037	26.805357	26.76535	26.731199	26.694506	26.66209	26.624409	26.587626	26.552799	26.51655	26.486115	26.451159	26.421598
690	31.824076	31.218094	30.920706	30.691967	30.50695	30.337425	30.187956	30.050114	29.92082	29.803118	29.684507	29.57955	29.476019	29.376884	29.275146	29.190666	29.105663	29.020605	28.945053	28.866995	28.794703	28.72047	28.65501	28.583509	28.515604	28.462416	28.396364	28.342709	28.280359	28.224459	28.167915	28.110958	28.055038	28.004642	27.950245	27.898869	27.852118	27.80463	27.755705	27.707668	27.660263	27.617943	27.565788	27.524857	27.512386	27.474857	27.435204	27.402735	27.352507	27.316544	27.275763	27.240988	27.203756	27.17149	27.133003	27.095461	27.059708	27.022625	26.991674	26.955816	26.925608
691	32.352703	31.746086	31.449492	31.220779	31.033642	30.861887	30.711466	30.573055	30.442822	30.324251	30.20351	30.099514	29.995655	29.895496	29.792843	29.705053	29.619986	29.533688	29.456738	29.378145	29.30513	29.231098	29.164272	29.093107	29.024454	28.969435	28.903282	28.848549	28.785061	28.728783	28.671217	28.613657	28.557253	28.50494	28.451738	28.398838	28.351688	28.303158	28.254366	28.205368	28.157568	28.114429	28.062742	28.020882	28.008041	27.969923	27.929878	27.897665	27.846107	27.808666	27.768162	27.733925	27.694733	27.662861	27.62286	27.586102	27.549038	27.511925	27.479216	27.444172	27.413664
692	32.882099	32.274845	31.979042	31.750366	31.561098	31.387117	31.235746	31.096754	30.965588	30.846146	30.723269	30.620235	30.516047	30.414864	30.311295	30.220186	30.135059	30.047522	29.969168	29.890045	29.816299	29.742468	29.674274	29.603455	29.534048	29.477194	29.410934	29.355129	29.290501	29.233843	29.175255	29.117092	29.060196	29.005968	28.95396	28.899536	28.85199	28.802412	28.753754	28.703794	28.655592	28.611639	28.560421	28.517633	28.504416	28.465712	28.425274	28.393312	28.340431	28.301504	28.261276	28.227579	28.18642	28.154949	28.113434	28.077463	28.03908	28.00194	27.967468	27.933239	27.90243
693	33.412262	32.804371	32.509365	32.280712	32.089314	31.913107	31.760784	31.621212	31.489109	31.368795	31.243778	31.141706	31.037193	30.93498	30.830494	30.736069	30.650879	30.562098	30.48234	30.402681	30.328209	30.254576	30.185015	30.114534	30.044376	29.985683	29.919321	29.862436	29.796669	29.739634	29.680019	29.621252	29.563866	29.507721	29.456907	29.400957	29.35301	29.302389	29.25386	29.202942	29.154337	29.109568	29.058817	29.0151	29.001511	28.962215	28.921383	28.889683	28.83547	28.795055	28.755108	28.721943	28.678822	28.647745	28.604713	28.56953	28.529829	28.492662	28.456425	28.423014	28.391901
694	33.906441	33.301743	33.006866	32.777367	32.585072	32.408222	32.255207	32.116035	31.983772	31.862698	31.737391	31.634489	31.529301	31.42717	31.322596	31.227688	31.142265	31.052876	30.972586	30.893112	30.817858	30.743656	30.673111	30.602274	30.53191	30.472206	30.405621	30.347422	30.281809	30.22472	30.164692	30.105268	30.048183	29.990614	29.939041	29.883638	29.835728	29.784336	29.735249	29.68358	29.634613	29.590437	29.537884	29.494249	29.479683	29.440016	29.398314	29.366022	29.312737	29.271799	29.231417	29.197411	29.154396	29.121784	29.079489	29.043558	29.004305	28.965973	28.930405	28.89641	28.864101
695	34.391708	33.791237	33.496315	33.265732	33.072861	32.895794	32.742165	32.603649	32.471436	32.349625	32.22451	32.120312	32.014347	31.912603	31.808155	31.713528	31.627831	31.537989	31.457401	31.378305	31.302246	31.22728	31.155855	31.084475	31.014044	30.95356	30.886713	30.827137	30.762028	30.704969	30.644693	30.584595	30.528015	30.469158	30.416302	30.361998	30.314243	30.262161	30.212322	30.15996	30.110636	30.067432	30.01247	29.969189	29.953484	29.9135	29.870806	29.837694	29.785931	29.744732	29.703724	29.668507	29.626156	29.591488	29.550535	29.513445	29.475111	29.43531	29.401058	29.366102	29.332357
696	34.87788	34.281628	33.986664	33.754997	33.561558	33.384274	33.230019	33.092167	32.959999	32.83746	32.71254	32.607033	32.500294	32.398933	32.294617	32.200264	32.114292	32.024002	31.943119	31.864395	31.787539	31.711792	31.639492	31.567568	31.49707	31.435797	31.36869	31.307741	31.243134	31.18611	31.125576	31.064806	31.008736	30.948591	30.894444	30.841244	30.793644	30.74086	30.690273	30.637213	30.587536	30.545309	30.487928	30.445007	30.42816	30.387857	30.344164	30.310234	30.260002	30.218538	30.176905	30.140472	30.098782	30.062059	30.022442	29.984194	29.946783	29.905514	29.872578	29.836664	29.801479
697	35.342892	34.751534	34.457607	34.226089	34.032085	33.85482	33.700813	33.562832	33.430241	33.307735	33.183174	33.076744	32.969505	32.868458	32.764233	32.669914	32.583466	32.492935	32.412384	32.333652	32.256378	32.180672	32.108017	32.035507	31.964371	31.903229	31.835567	31.774374	31.710026	31.652855	31.591722	31.531036	31.474903	31.414646	31.359741	31.30641	31.258987	31.205984	31.154955	31.101126	31.051952	31.009705	30.951441	30.907812	30.890665	30.850176	30.805847	30.771357	30.721401	30.680462	30.638329	30.600864	30.559334	30.522228	30.482796	30.443876	30.406574	30.364817	30.331635	30.295404	30.259911
698	35.782532	35.196869	34.9053	34.6754	34.48085	34.303902	34.151169	34.012127	33.878532	33.756981	33.63298	33.526096	33.418674	33.317856	33.213684	33.119091	33.031933	32.941418	32.861961	32.782757	32.705513	32.630833	32.558475	32.485329	32.412846	32.352943	32.284374	32.224308	32.159927	32.102394	32.040249	31.980545	31.923655	31.864729	31.809689	31.754728	31.707521	31.654873	31.603771	31.549076	31.50144	31.457979	31.400677	31.355072	31.338629	31.298113	31.25358	31.218847	31.167671	31.128199	31.08572	31.047436	31.005457	30.969992	30.929352	30.890348	30.852175	30.811119	30.77581	30.740032	30.705589
699	36.223396	35.643444	35.35424	35.125969	34.930859	34.75423	34.602783	34.462673	34.328068	34.207481	34.084042	33.976692	33.869099	33.768505	33.664387	33.569519	33.481644	33.391144	33.312798	33.233112	33.155899	33.082245	33.010181	32.936394	32.862572	32.803917	32.734428	32.675491	32.611076	32.553181	32.490013	32.431305	32.373661	32.316059	32.260887	32.204296	32.157307	32.105007	32.053837	31.998276	31.952185	31.907499	31.851164	31.803572	31.787849	31.747299	31.702566	31.667591	31.615177	31.577175	31.534353	31.495258	31.452826	31.419006	31.377146	31.338062	31.299015	31.258667	31.221214	31.185896	31.152508
700	36.659504	36.085571	35.798775	35.57206	35.376705	35.200558	35.050293	34.909466	34.774063	34.654392	34.531609	34.423832	34.316071	34.21571	34.111538	34.016495	33.928143	33.837704	33.760151	33.680069	33.602852	33.530144	33.458466	33.384212	33.309235	33.251526	33.181404	33.123466	33.058907	33.000652	32.936661	32.878906	32.820557	32.764183	32.709011	32.650993	32.60421	32.552017	32.500927	32.444851	32.400051	32.354172	32.298729	32.249458	32.234444	32.193913	32.148895	32.11377	32.060169	32.023415	31.980303	31.940519	31.897684	31.865246	31.82239	31.783268	31.743431	31.703741	31.66453	31.629484	31.597115
701	37.052311	36.48658	36.202522	35.976761	35.783451	35.609047	35.459133	35.320259	35.185631	35.066528	34.945099	34.837116	34.729256	34.629181	34.524181	34.429714	34.342686	34.252625	34.173515	34.093658	34.01614	33.943783	33.873196	33.799709	33.725052	33.666046	33.597382	33.539421	33.473892	33.415329	33.351952	33.29491	33.236286	33.18034	33.126137	33.068207	33.021618	32.967674	32.917789	32.863842	32.818439	32.771561	32.716434	32.667809	32.653473	32.613316	32.567413	32.53286	32.47842	32.44125	32.398216	32.358715	32.315876	32.282825	32.240589	32.201782	32.161743	32.122334	32.08429	32.048122	32.016468
702	37.44622	36.888714	36.607407	36.382599	36.191349	36.018677	35.869129	35.732212	35.598354	35.479824	35.359756	35.25156	35.143608	35.043816	34.937988	34.844093	34.758389	34.668716	34.588043	34.508423	34.430592	34.358585	34.289089	34.216381	34.142044	34.081734	34.01453	33.956547	33.890041	33.831173	33.768417	33.71209	33.653179	33.597668	33.544437	33.486595	33.440193	33.384502	33.335823	33.284012	33.23801	33.190128	33.135323	33.08733	33.073692	33.033897	32.98711	32.953133	32.897846	32.860256	32.817303	32.778091	32.735245	32.70158	32.659962	32.621471	32.581234	32.542114	32.505234	32.467934	32.437004
703	37.841244	37.291985	37.013432	36.789589	36.600395	36.429474	36.280277	36.145325	36.012249	35.894291	35.775585	35.667183	35.559128	35.459621	35.352959	35.259647	35.175274	35.085983	35.00375	34.924351	34.84621	34.774559	34.706158	34.634228	34.560211	34.498589	34.432861	34.374851	34.307373	34.248188	34.186058	34.13044	34.071251	34.016174	33.963921	33.906166	33.859955	33.802509	33.755035	33.705372	33.658764	33.609879	33.555393	33.508038	33.495094	33.455669	33.40799	33.374588	33.318459	33.280445	33.237579	33.19865	33.155796	33.121521	33.080524	33.042343	33.001907	32.963074	32.927364	32.888931	32.858723
704	38.196339	37.654423	37.380314	37.159122	36.972393	36.80357	36.654709	36.522408	36.389641	36.273708	36.154972	36.048241	35.940655	35.841732	35.735382	35.643974	35.559223	35.470997	35.389374	35.310234	35.233398	35.161556	35.092972	35.022079	34.948444	34.887131	34.822281	34.764503	34.696491	34.63797	34.576202	34.519978	34.461571	34.406559	34.354366	34.297497	34.250221	34.193924	34.146503	34.096832	34.050037	34.001652	33.948215	33.900455	33.887081	33.847961	33.800716	33.767845	33.712067	33.674042	33.63076	33.591553	33.549923	33.515221	33.473442	33.436085	33.396114	33.357067	33.321613	33.284004	33.252594
705	38.54121	38.006409	37.737225	37.519154	37.334999	37.168388	37.019859	36.8904	36.757816	36.644321	36.525173	36.420631	36.313675	36.21542	36.109695	36.020561	35.934959	35.847992	35.767574	35.688713	35.613636	35.541447	35.472328	35.40255	35.329308	35.268749	35.20462	35.147156	35.078712	35.021122	34.95966	34.902466	34.845127	34.790085	34.737694	34.681927	34.633236	34.578907	34.531204	34.480949	34.434078	34.386612	34.334431	34.285961	34.271858	34.233013	34.186577	34.154224	34.099129	34.061214	34.01738	33.977737	33.937664	33.902596	33.859631	33.823246	33.78392	33.74453	33.709072	33.672829	33.639687
706	38.887196	38.359535	38.095284	37.880344	37.698784	37.534393	37.386192	37.259575	37.127182	37.016136	36.896561	36.794224	36.687893	36.590305	36.485214	36.398369	36.311913	36.2262	36.147003	36.068405	35.995094	35.922565	35.852905	35.784241	35.711395	35.6516	35.588196	35.531036	35.46217	35.405514	35.344349	35.286182	35.229923	35.17485	35.122257	35.067604	35.017494	34.96513	34.917152	34.866299	34.819355	34.772812	34.721886	34.672718	34.657875	34.619308	34.573685	34.541847	34.487431	34.449635	34.405239	34.365162	34.326653	34.29121	34.24707	34.211651	34.172977	34.133236	34.097782	34.062908	34.028027
707	39.211452	38.69178	38.431252	38.219746	38.040569	37.878204	37.731754	37.607315	37.476627	37.366989	37.247974	37.147598	37.042538	36.944672	36.841904	36.755764	36.669689	36.58519	36.506798	36.428761	36.35643	36.284447	36.215542	36.147293	36.074894	36.016598	35.953079	35.896427	35.827374	35.771358	35.711212	35.652618	35.597233	35.54248	35.489285	35.436432	35.385902	35.334721	35.286816	35.235722	35.189049	35.143349	35.092525	35.044182	35.029011	34.990356	34.945103	34.913643	34.859299	34.822304	34.777668	34.737854	34.699604	34.664181	34.619774	34.584736	34.545883	34.50666	34.471401	34.437187	34.402008
708	39.508602	38.997959	38.739655	38.531963	38.354919	38.194336	38.05138	37.928284	37.801174	37.691673	37.574413	37.475708	37.372711	37.273388	37.175037	37.087666	37.003471	36.92012	36.842052	36.764908	36.692589	36.622257	36.555691	36.487011	36.415108	36.35923	36.294567	36.238663	36.16972	36.113972	36.055721	35.997391	35.942616	35.888622	35.834312	35.784111	35.734402	35.683441	35.636044	35.58514	35.539173	35.494213	35.442059	35.396427	35.381439	35.342247	35.296818	35.265533	35.210522	35.175194	35.130699	35.091999	35.052414	35.01749	34.973934	34.93856	34.898514	34.860863	34.826046	34.791607	34.7579
709	39.806576	39.304985	39.048908	38.845032	38.670124	38.511326	38.37188	38.250137	38.12661	38.017242	37.901749	37.80471	37.703781	37.603012	37.509079	37.420471	37.338177	37.255966	37.178223	37.101978	37.029682	36.960999	36.896778	36.827656	36.756264	36.702801	36.63699	36.581841	36.513004	36.45752	36.401169	36.343105	36.288944	36.235706	36.180298	36.132748	36.083858	36.033115	35.986225	35.935505	35.890259	35.846039	35.792557	35.749641	35.734833	35.695099	35.64949	35.618397	35.562702	35.529049	35.484692	35.447121	35.406189	35.371761	35.329063	35.293358	35.252102	35.216042	35.181664	35.147007	35.114773
710	40.099739	39.607494	39.354115	39.154068	38.981491	38.824558	38.688477	38.567978	38.447678	38.338825	38.225014	38.129547	38.030579	37.928944	37.83884	37.749481	37.668983	37.587975	37.510647	37.435276	37.36314	37.296047	37.233978	37.16468	37.093918	37.042454	36.975925	36.921276	36.852966	36.79771	36.743034	36.685394	36.631741	36.579254	36.523014	36.477837	36.429718	36.379242	36.332966	36.282425	36.237797	36.194317	36.139767	36.099239	36.084568	36.044483	35.998833	35.96785	35.911732	35.879417	35.835335	35.798931	35.756901	35.722878	35.681004	35.645054	35.602898	35.568256	35.534275	35.499405	35.468422
711	40.350471	39.869667	39.622551	39.426304	39.257534	39.102974	38.969124	38.849037	38.729145	38.62368	38.510944	38.416203	38.318394	38.220436	38.129459	38.043125	37.963696	37.884258	37.808022	37.733311	37.662506	37.596432	37.534981	37.467499	37.398323	37.345657	37.281696	37.225578	37.161045	37.105698	37.050961	36.99498	36.941006	36.889179	36.834251	36.789196	36.741425	36.691578	36.64669	36.596298	36.55159	36.508808	36.455257	36.414509	36.399651	36.360672	36.316036	36.284588	36.229954	36.196426	36.15361	36.118729	36.077507	36.043186	36.001839	35.966339	35.925598	35.891121	35.857189	35.822193	35.790653
712	40.601768	40.13242	39.89159	39.699154	39.534187	39.382023	39.250408	39.130733	39.011253	38.909176	38.797523	38.703514	38.606853	38.512589	38.420731	38.33744	38.259068	38.181213	38.106068	38.032021	37.962547	37.897488	37.836662	37.771004	37.703419	37.649544	37.588158	37.530563	37.469814	37.414379	37.359573	37.30526	37.250969	37.199802	37.146194	37.101261	37.053837	37.004627	36.961124	36.910877	36.866089	36.824009	36.771458	36.730499	36.71545	36.677574	36.633949	36.602039	36.548897	36.514153	36.472614	36.43924	36.398842	36.36422	36.323402	36.288353	36.249039	36.214718	36.180832	36.145718	36.113621
713	40.853645	40.395779	40.161247	39.972622	39.811481	39.661705	39.532337	39.413074	39.294006	39.195328	39.084759	38.991474	38.895977	38.805408	38.712666	38.632423	38.555111	38.478844	38.404793	38.331417	38.263275	38.199238	38.139034	38.075203	38.009216	37.954121	37.895317	37.836246	37.779293	37.723759	37.6689	37.616249	37.561634	37.511131	37.458847	37.414036	37.366962	37.318386	37.276276	37.22617	37.181309	37.139927	37.088383	37.047203	37.031963	36.995201	36.952595	36.920212	36.868568	36.832603	36.792339	36.760487	36.720905	36.685989	36.645699	36.611099	36.573208	36.539055	36.505215	36.469971	36.437325
714	41.075932	40.629124	40.399609	40.21524	40.057091	39.91045	39.782875	39.665825	39.549461	39.451454	39.343384	39.250614	39.156429	39.068676	38.977272	38.89743	38.822193	38.746548	38.674828	38.602036	38.534809	38.471531	38.412819	38.349182	38.283558	38.228859	38.171207	38.11459	38.056976	38.003506	37.949512	37.897797	37.845078	37.79414	37.742401	37.697155	37.651878	37.604782	37.563038	37.514256	37.469883	37.428871	37.378998	37.33812	37.321793	37.287296	37.244587	37.212418	37.161598	37.12595	37.086277	37.054234	37.014912	36.980965	36.941868	36.90736	36.869484	36.836128	36.802368	36.767586	36.734901
715	41.290249	40.854382	40.629524	40.449543	40.294155	40.150871	40.02496	39.910629	39.797619	39.699516	39.594345	39.502037	39.409203	39.32402	39.234581	39.1544	39.081516	39.006233	38.937183	38.86496	38.798534	38.735947	38.678967	38.61507	38.549469	38.495609	38.438713	38.385647	38.326134	38.27533	38.222466	38.171482	38.121281	38.069603	38.018181	37.972347	37.929283	37.8839	37.842228	37.795109	37.751381	37.710648	37.662632	37.622208	37.604534	37.572636	37.52951	37.497742	37.447567	37.412659	37.373386	37.340675	37.301464	37.268837	37.231113	37.196602	37.158348	37.125973	37.092289	37.058144	37.025566
716	41.504963	41.08007	40.859879	40.684292	40.531673	40.39175	40.267509	40.155899	40.046249	39.948051	39.845787	39.753941	39.66246	39.579853	39.492382	39.411865	39.341339	39.266415	39.200047	39.128387	39.062767	39.00087	38.945629	38.881462	38.815887	38.762875	38.70673	38.657227	38.595806	38.547665	38.495934	38.445683	38.39801	38.345589	38.294498	38.248062	38.207211	38.163548	38.121952	38.076488	38.033421	37.992962	37.946815	37.906841	37.887821	37.858521	37.814976	37.783611	37.734077	37.699924	37.661041	37.627663	37.588558	37.557262	37.52092	37.486401	37.447762	37.41637	37.382771	37.349247	37.316792
717	41.70409	41.290165	41.075047	40.903419	40.75404	40.617279	40.495445	40.385799	40.278908	40.181904	40.08165	39.991291	39.901562	39.820869	39.735191	39.655346	39.585873	39.512669	39.447632	39.377274	39.312603	39.251347	39.196968	39.133453	39.069206	39.016525	38.961281	38.913811	38.852364	38.805492	38.75486	38.705109	38.659145	38.607231	38.557011	38.510471	38.471378	38.428219	38.386501	38.342361	38.300026	38.260365	38.215622	38.176147	38.156921	38.128445	38.085579	38.055237	38.005768	37.972588	37.934441	37.90044	37.861778	37.831547	37.796234	37.761879	37.723736	37.692669	37.65963	37.626484	37.595448
718	41.883934	41.480972	41.271431	41.103218	40.957672	40.823822	40.705292	40.596676	40.491806	40.397587	40.298233	40.210636	40.12315	40.043552	39.95945	39.881508	39.811497	39.741688	39.676308	39.608158	39.544632	39.483936	39.429352	39.367619	39.306313	39.253338	39.199154	39.15184	39.092693	39.045364	38.99577	38.946255	38.900986	38.851128	38.802444	38.756401	38.71851	38.674343	38.632256	38.58902	38.547535	38.509308	38.465408	38.426502	38.408463	38.37862	38.337795	38.309246	38.259106	38.227192	38.190186	38.155628	38.117813	38.088329	38.053619	38.019627	37.983059	37.951527	37.919636	37.886536	37.858536
719	42.064205	41.67223	41.468273	41.30349	41.161781	41.030849	40.915634	40.808052	40.7052	40.613781	40.51532	40.430496	40.345257	40.266754	40.184242	40.108212	40.037647	39.971237	39.905525	39.839584	39.777203	39.717079	39.662285	39.602337	39.543976	39.490707	39.437588	39.390419	39.333584	39.285793	39.237247	39.187965	39.143398	39.0956	39.04845	39.002903	38.966217	38.92104	38.878586	38.836258	38.795628	38.758831	38.715782	38.677437	38.660603	38.629387	38.590603	38.563847	38.513039	38.482395	38.446537	38.411411	38.374454	38.345722	38.311604	38.277981	38.242996	38.210987	38.180248	38.147202	38.122242
720	42.241314	41.860073	41.661674	41.500507	41.362526	41.234486	41.122513	41.016201	40.915432	40.826603	40.729271	40.647202	40.564026	40.486645	40.40575	40.331615	40.26078	40.197365	40.131523	40.067684	40.00647	39.946968	39.892132	39.833988	39.77821	39.724964	39.672916	39.625862	39.571194	39.523186	39.475765	39.426804	39.3829	39.336876	39.291351	39.246292	39.210674	39.164665	39.122044	39.080605	39.040802	39.005337	38.962982	38.925247	38.909653	38.877159	38.840374	38.815174	38.764027	38.734474	38.699734	38.664314	38.628094	38.600258	38.566528	38.533302	38.499847	38.467331	38.43771	38.404827	38.382542
721	42.391361	42.018719	41.825542	41.669334	41.53426	41.40884	41.29953	41.196259	41.097961	41.010174	40.915691	40.836212	40.753658	40.677563	40.598507	40.526157	40.457138	40.393566	40.329189	40.266563	40.20668	40.148212	40.094589	40.038422	39.982403	39.931564	39.880619	39.833385	39.779732	39.733437	39.687763	39.639725	39.596203	39.549774	39.506454	39.461838	39.426224	39.380737	39.339546	39.298805	39.259644	39.224682	39.181866	39.145065	39.131058	39.097996	39.062809	39.037334	38.988365	38.958565	38.924702	38.891037	38.854614	38.828793	38.793789	38.761246	38.728905	38.695614	38.666786	38.634983	38.612511
722	42.541595	42.177563	41.98962	41.838367	41.706207	41.583412	41.476768	41.376545	41.280716	41.193981	41.102345	41.025467	40.943523	40.868725	40.791504	40.720943	40.65374	40.590012	40.527115	40.465691	40.407139	40.349712	40.29731	40.243107	40.186852	40.138428	40.088581	40.041176	39.988529	39.943954	39.900024	39.852917	39.809776	39.762939	39.721832	39.677654	39.642044	39.597084	39.55732	39.517277	39.478764	39.444305	39.40102	39.365158	39.352745	39.319103	39.28553	39.259773	39.212982	39.182934	39.149944	39.118038	39.081417	39.057617	39.021339	38.989479	38.958244	38.924179	38.896145	38.865433	38.84277
723	42.692028	42.336617	42.153908	42.007626	41.87838	41.758209	41.65424	41.557068	41.463707	41.378025	41.289242	41.214958	41.13364	41.060127	40.984756	40.915985	40.850601	40.786713	40.725292	40.665081	40.607857	40.551472	40.50029	40.448059	40.391571	40.345554	40.296814	40.249229	40.197601	40.154747	40.11256	40.066383	40.023624	39.976379	39.937489	39.893742	39.858143	39.813705	39.775379	39.736034	39.698166	39.664207	39.620461	39.585537	39.574715	39.540501	39.508537	39.482502	39.437893	39.407593	39.375488	39.345333	39.308517	39.286739	39.249187	39.218002	39.187885	39.153038	39.125805	39.096176	39.073326
724	42.824547	42.478268	42.300663	42.157612	42.031624	41.914391	41.813156	41.718559	41.626186	41.542561	41.455872	41.382248	41.303844	41.231667	41.158218	41.090984	41.026958	40.964596	40.904728	40.845863	40.789776	40.735538	40.685108	40.633751	40.577484	40.532482	40.485088	40.43898	40.388153	40.344654	40.304409	40.259174	40.216553	40.171165	40.13279	40.091072	40.05505	40.011604	39.974781	39.935581	39.8988	39.865349	39.821953	39.787834	39.777401	39.744537	39.712841	39.686604	39.643894	39.613987	39.582428	39.553101	39.517147	39.495163	39.45908	39.428806	39.398308	39.364243	39.336552	39.307545	39.285286
725	42.952171	42.615181	42.442631	42.30233	42.179707	42.065491	41.967014	41.874859	41.783066	41.701771	41.616974	41.543468	41.468628	41.397789	41.326298	41.260521	41.197727	41.137348	41.079063	41.021572	40.966572	40.914795	40.864986	40.814194	40.758282	40.713905	40.667923	40.623753	40.573662	40.528862	40.49062	40.446327	40.403778	40.360882	40.322548	40.283291	40.246738	40.204411	40.169117	40.129902	40.09433	40.061394	40.018562	39.985218	39.974842	39.943859	39.912064	39.885639	39.844753	39.815414	39.784317	39.755554	39.720753	39.697945	39.664097	39.634804	39.603508	39.570652	39.542168	39.513641	39.492191
726	43.079887	42.75219	42.584705	42.447151	42.327892	42.216698	42.120983	42.031273	41.94006	41.861092	41.778191	41.704803	41.633518	41.564026	41.494492	41.430176	41.368614	41.310223	41.253517	41.197407	41.143501	41.094173	41.044991	40.994762	40.939217	40.895466	40.850891	40.808655	40.759308	40.713207	40.676956	40.633617	40.591137	40.550732	40.512447	40.475651	40.43856	40.39735	40.36359	40.32436	40.290001	40.257576	40.215309	40.182747	40.172421	40.143322	40.111427	40.08482	40.045757	40.016991	39.986343	39.958157	39.924507	39.900879	39.869259	39.840946	39.808853	39.77721	39.747929	39.719887	39.699249
727	43.19619	42.87709	42.714294	42.580631	42.464085	42.355656	42.262222	42.175457	42.085754	42.008766	41.927425	41.854847	41.786236	41.719143	41.650772	41.587811	41.527931	41.470547	41.414894	41.360901	41.308556	41.261097	41.212643	41.162964	41.108261	41.065582	41.022079	40.981163	40.932961	40.887146	40.85141	40.809078	40.767868	40.728718	40.690941	40.655605	40.6185	40.57856	40.545609	40.507011	40.473602	40.440605	40.4002	40.367924	40.358006	40.33028	40.298374	40.27206	40.234253	40.206123	40.176037	40.148571	40.116165	40.092327	40.061707	40.034111	40.002403	39.971786	39.94276	39.915405	39.894562
728	43.298615	42.987267	42.828697	42.700321	42.585686	42.479721	42.387974	42.30476	42.217712	42.142265	42.062092	41.991146	41.924141	41.860725	41.792564	41.730835	41.673176	41.615593	41.56036	41.50938	41.459171	41.412865	41.365261	41.316124	41.262856	41.221794	41.178947	41.138599	41.092041	41.048424	41.011387	40.97015	40.931667	40.892265	40.855553	40.820465	40.783989	40.745495	40.712467	40.675285	40.642506	40.607632	40.570652	40.538067	40.528999	40.502018	40.470219	40.444771	40.407528	40.380116	40.350719	40.324146	40.293102	40.269806	40.238678	40.211479	40.181599	40.151787	40.124302	40.097866	40.075581
729	43.401119	43.09753	42.943192	42.820107	42.707375	42.603886	42.513821	42.434166	42.34977	42.275867	42.196857	42.127548	42.062157	42.002419	41.934467	41.873974	41.818531	41.760757	41.705936	41.657974	41.609905	41.564747	41.518002	41.469398	41.417568	41.378124	41.33593	41.29615	41.25124	41.209824	41.17149	41.13134	41.095589	41.055943	41.02029	40.985455	40.949604	40.912552	40.879459	40.843697	40.811539	40.774784	40.741238	40.708347	40.700119	40.673889	40.642197	40.617607	40.580936	40.554245	40.525539	40.499859	40.470173	40.447426	40.415783	40.388985	40.360931	40.331928	40.305973	40.280464	40.256741
730	43.50172	43.205868	43.055923	42.937771	42.827015	42.726185	42.637821	42.561363	42.479534	42.407314	42.32975	42.262085	42.198231	42.14172	42.074265	42.01511	41.961765	41.904011	41.849838	41.804363	41.758327	41.714306	41.668533	41.62051	41.570179	41.532101	41.490788	41.451519	41.408005	41.368736	41.329391	41.290409	41.256958	41.217308	41.182781	41.148125	41.113041	41.077305	41.044281	41.009869	40.978268	40.940254	40.909569	40.876472	40.869137	40.843639	40.812141	40.788525	40.752209	40.726284	40.698128	40.673401	40.644802	40.622696	40.590904	40.564518	40.538044	40.509663	40.485199	40.46051	40.435661
731	43.588005	43.299698	43.155354	43.039486	42.93111	42.834366	42.74778	42.671921	42.592022	42.522438	42.44833	42.382404	42.319592	42.26292	42.198078	42.141048	42.088837	42.032711	41.980839	41.934048	41.889236	41.846241	41.802341	41.755188	41.706783	41.668243	41.62941	41.590263	41.54631	41.508831	41.470535	41.433254	41.398994	41.36113	41.328125	41.29319	41.259827	41.224445	41.192574	41.159012	41.127419	41.092682	41.060722	41.028164	41.022076	40.997169	40.96653	40.944653	40.907116	40.882313	40.853699	40.830326	40.800835	40.780056	40.750698	40.72485	40.698185	40.669052	40.645744	40.621155	40.597458
732	43.674408	43.393661	43.254917	43.141346	43.035351	42.942696	42.857895	42.782627	42.704662	42.637722	42.56707	42.502888	42.441113	42.384293	42.322063	42.267159	42.216087	42.161583	42.112015	42.063911	42.020329	41.978352	41.936325	41.890045	41.843567	41.804569	41.768223	41.729195	41.684803	41.649113	41.611877	41.57629	41.541214	41.505138	41.473667	41.438438	41.406815	41.371788	41.341064	41.308357	41.276775	41.245316	41.212078	41.180054	41.17522	41.150913	41.121128	41.10099	41.062225	41.038548	41.009476	40.987465	40.957077	40.937626	40.910706	40.885399	40.85854	40.828655	40.806499	40.782017	40.759472
733	43.760921	43.48774	43.35461	43.243328	43.139725	43.051163	42.968147	42.893471	42.817444	42.753159	42.685966	42.623528	42.56279	42.505814	42.446213	42.393433	42.343494	42.290627	42.243366	42.193943	42.151588	42.110638	42.070484	42.025082	41.980534	41.941067	41.907215	41.868309	41.823471	41.789577	41.753395	41.719513	41.683628	41.649338	41.619392	41.583885	41.553993	41.519321	41.48975	41.457901	41.426323	41.398151	41.363632	41.332142	41.32856	41.304855	41.275928	41.257534	41.217541	41.194992	41.165459	41.144806	41.113522	41.095406	41.070923	41.046154	41.019104	40.988468	40.967472	40.943085	40.921696
734	43.835144	43.569344	43.439575	43.331444	43.231129	43.144424	43.062817	42.990067	42.916592	42.854252	42.789234	42.728436	42.669571	42.613201	42.554764	42.503349	42.454201	42.403221	42.357185	42.309704	42.268024	42.227924	42.188148	42.144508	42.100315	42.063145	42.028694	41.99139	41.947784	41.914349	41.879719	41.846901	41.811665	41.777836	41.74733	41.713642	41.684456	41.651333	41.622108	41.590778	41.56044	41.532959	41.498802	41.467766	41.465027	41.442436	41.415005	41.395615	41.356831	41.33556	41.306805	41.285984	41.255352	41.237595	41.212883	41.188988	41.162701	41.133316	41.112579	41.08799	41.066727
735	43.906235	43.647785	43.52079	43.416035	43.319263	43.233826	43.153526	43.083057	43.012306	42.951736	42.888538	42.829369	42.772598	42.717041	42.659374	42.609127	42.56068	42.511662	42.466564	42.421894	42.380753	42.34145	42.301651	42.26001	42.215763	42.181625	42.145752	42.110455	42.068527	42.035191	42.002251	41.970329	41.936138	41.902409	41.870777	41.839485	41.810726	41.779472	41.750385	41.719482	41.690723	41.663235	41.62989	41.599281	41.597267	41.575943	41.550179	41.52906	41.492138	41.472183	41.444538	41.42313	41.393578	41.375916	41.350262	41.327332	41.302071	41.27446	41.253765	41.228874	41.20747
736	43.977512	43.726425	43.602203	43.500843	43.407623	43.32346	43.244461	43.176285	43.108261	43.049465	42.988102	42.930557	42.875885	42.82114	42.764248	42.715176	42.667431	42.620377	42.576218	42.534374	42.493763	42.455265	42.415447	42.375801	42.331505	42.300404	42.263107	42.22982	42.189571	42.156345	42.125095	42.09407	42.060921	42.027294	41.994537	41.965641	41.937321	41.907928	41.878986	41.848515	41.821335	41.793839	41.761303	41.731121	41.729847	41.709785	41.685692	41.662842	41.627781	41.609158	41.582623	41.560627	41.532154	41.514584	41.487988	41.46603	41.441792	41.41597	41.395302	41.370121	41.348568
737	44.040672	43.797119	43.675472	43.577309	43.487106	43.404423	43.328072	43.261414	43.195728	43.138371	43.07906	43.023067	42.969601	42.916306	42.8605	42.813206	42.766464	42.720387	42.677544	42.636974	42.597065	42.559574	42.520641	42.482632	42.438606	42.40974	42.372456	42.340096	42.301357	42.268841	42.238251	42.207863	42.175446	42.142643	42.10976	42.081978	42.054569	42.026611	41.99815	41.968033	41.942146	41.9156	41.883148	41.85466	41.853287	41.833942	41.810707	41.78804	41.754238	41.7356	41.710331	41.688244	41.660519	41.643524	41.616653	41.595646	41.572014	41.547703	41.52747	41.502457	41.481121
738	44.094296	43.858479	43.739162	43.643967	43.556156	43.475204	43.403069	43.337025	43.27322	43.216904	43.159927	43.105389	43.052055	43.000992	42.946609	42.901821	42.856434	42.810181	42.769081	42.727966	42.688957	42.652721	42.615749	42.578934	42.535557	42.508003	42.472412	42.439693	42.402267	42.371197	42.340046	42.309986	42.277916	42.246792	42.214962	42.186775	42.160847	42.133812	42.106239	42.076389	42.051456	42.026978	41.993759	41.96846	41.965988	41.946732	41.923386	41.90316	41.869907	41.84967	41.825859	41.804264	41.776894	41.761051	41.734688	41.714619	41.691086	41.667969	41.64864	41.624344	41.603642
739	44.148113	43.920055	43.803089	43.710873	43.625458	43.546249	43.478344	43.41291	43.350994	43.295727	43.241089	43.188015	43.134819	43.085991	43.033039	42.990765	42.946739	42.900311	42.860966	42.819302	42.781185	42.746208	42.711208	42.675594	42.632874	42.606621	42.572735	42.539661	42.503555	42.47393	42.442215	42.412479	42.38076	42.351326	42.320557	42.291962	42.267521	42.241405	42.214729	42.18515	42.161171	42.138771	42.104782	42.082684	42.079117	42.059937	42.036491	42.018703	41.986012	41.964169	41.941818	41.920712	41.893711	41.879017	41.853165	41.83403	41.8106	41.788681	41.77026	41.746681	41.726627
740	44.200642	43.979927	43.865536	43.776329	43.693363	43.61599	43.551819	43.487324	43.427242	43.373146	43.32058	43.268864	43.216049	43.169464	43.117966	43.077942	43.035229	42.988934	42.951118	42.909302	42.872108	42.838383	42.805042	42.770668	42.728672	42.70372	42.671143	42.637997	42.603115	42.574814	42.542763	42.513527	42.482105	42.454193	42.424538	42.395542	42.372559	42.347275	42.321507	42.292271	42.269184	42.248665	42.214142	42.194855	42.190536	42.171402	42.147888	42.132305	42.100086	42.077038	42.056038	42.035427	42.008766	41.995193	41.969883	41.951622	41.928272	41.90752	41.889866	41.867046	41.847458
741	44.243309	44.026978	43.916679	43.830612	43.750362	43.675476	43.611572	43.550186	43.491535	43.439476	43.387089	43.335991	43.285248	43.240894	43.190937	43.151352	43.109608	43.065517	43.027737	42.98843	42.952248	42.919693	42.885948	42.853065	42.812218	42.788513	42.754581	42.723259	42.688942	42.661106	42.630199	42.602581	42.571121	42.543648	42.515408	42.486076	42.464344	42.439236	42.414478	42.386059	42.363426	42.343391	42.309944	42.290791	42.288094	42.268738	42.245369	42.230381	42.198051	42.176464	42.156071	42.136002	42.109516	42.096863	42.072262	42.054466	42.031033	42.011208	41.993393	41.971527	41.951241
742	44.286175	44.074242	43.968056	43.885147	43.807621	43.735233	43.671597	43.613338	43.556126	43.506111	43.453899	43.403427	43.354763	43.31266	43.264248	43.225105	43.184334	43.142464	43.10471	43.067924	43.032753	43.001373	42.96722	42.935837	42.896141	42.873688	42.838402	42.808907	42.775166	42.747803	42.718037	42.692051	42.660545	42.633514	42.606693	42.577026	42.556553	42.531624	42.507877	42.480286	42.458103	42.438553	42.406189	42.387173	42.386101	42.36652	42.343311	42.328903	42.296474	42.276348	42.256561	42.237045	42.210732	42.199001	42.175117	42.15778	42.134266	42.115372	42.097401	42.076496	42.055504
743	44.329254	44.121735	44.01968	43.939941	43.865158	43.79528	43.731907	43.676792	43.621025	43.573074	43.52103	43.47118	43.424614	43.384762	43.337906	43.299206	43.259411	43.219765	43.182045	43.147793	43.113651	43.083443	43.048882	43.019005	42.980469	42.959274	42.922623	42.894966	42.861797	42.834908	42.806297	42.781948	42.750397	42.723808	42.698418	42.668407	42.6492	42.624454	42.601723	42.574959	42.553226	42.534172	42.502895	42.484013	42.484577	42.464771	42.441715	42.427902	42.395367	42.376709	42.357536	42.33857	42.312428	42.301624	42.278458	42.261589	42.237988	42.220032	42.2019	42.181961	42.160267
744	44.364151	44.162865	44.064636	43.986656	43.914597	43.845184	43.783039	43.730125	43.676411	43.628956	43.579514	43.530014	43.485336	43.446495	43.400444	43.362537	43.323971	43.285378	43.249825	43.216488	43.182301	43.152664	43.120148	43.090172	43.052998	43.031143	42.997284	42.970261	42.937092	42.910782	42.883816	42.859241	42.828831	42.803036	42.778423	42.749168	42.730694	42.705902	42.683853	42.658054	42.636082	42.616913	42.587578	42.56815	42.569809	42.550564	42.528202	42.514282	42.48283	42.46476	42.446072	42.427002	42.402733	42.390938	42.369347	42.352104	42.330109	42.311295	42.294266	42.274616	42.253788
745	44.397156	44.202587	44.108124	44.031536	43.962212	43.892757	43.832085	43.781151	43.729652	43.682304	43.636078	43.586861	43.544041	43.505894	43.460461	43.423439	43.386173	43.348335	43.315502	43.282665	43.248177	43.218971	43.189125	43.158634	43.122887	43.099895	43.069859	43.043182	43.009857	42.984165	42.958984	42.933712	42.904743	42.879837	42.855843	42.827614	42.809746	42.784855	42.763401	42.738609	42.716217	42.696781	42.669613	42.649471	42.652096	42.633598	42.61208	42.597881	42.567806	42.550106	42.531872	42.512543	42.49057	42.47731	42.457516	42.439686	42.419724	42.399597	42.383987	42.36446	42.344891
746	44.43034	44.242527	44.151859	44.076679	44.010101	43.940601	43.881409	43.832466	43.783195	43.735954	43.692966	43.644028	43.603069	43.565628	43.520813	43.48468	43.448727	43.411655	43.381554	43.349228	43.314423	43.285648	43.258484	43.227489	43.193169	43.169033	43.142853	43.11652	43.083038	43.057968	43.034573	43.008598	42.981083	42.957069	42.933697	42.906498	42.889244	42.86425	42.843395	42.819618	42.796803	42.777103	42.75211	42.731251	42.734844	42.71711	42.696426	42.68195	42.653267	42.635937	42.61816	42.598568	42.578907	42.564167	42.546173	42.527752	42.509838	42.488396	42.474216	42.454815	42.436508
747	44.459991	44.27821	44.189705	44.116699	44.051998	43.983837	43.926899	43.879181	43.831676	43.785236	43.743629	43.696381	43.657063	43.619781	43.576286	43.54073	43.506386	43.470062	43.441139	43.409504	43.375576	43.347252	43.321079	43.290333	43.257477	43.233536	43.20903	43.183674	43.150772	43.125526	43.103573	43.077747	43.051155	43.027733	43.004887	42.979412	42.961712	42.937584	42.916958	42.894085	42.871395	42.852295	42.828121	42.807564	42.811451	42.794548	42.774612	42.760284	42.732738	42.715351	42.697952	42.678841	42.66	42.645473	42.628048	42.609615	42.592613	42.571426	42.557709	42.538719	42.521645
748	44.485657	44.30909	44.220917	44.150944	44.087132	44.021877	43.968056	43.920708	43.874447	43.829582	43.787277	43.743298	43.705368	43.667641	43.626251	43.590912	43.558517	43.52293	43.493435	43.4627	43.430962	43.403126	43.376057	43.346394	43.315041	43.292809	43.267529	43.243847	43.21236	43.186031	43.165131	43.140404	43.114151	43.090992	43.068558	43.045574	43.026249	43.00407	42.983265	42.961163	42.93922	42.921692	42.896809	42.877697	42.881115	42.865128	42.845825	42.832153	42.805454	42.787533	42.770409	42.752632	42.732914	42.720524	42.702255	42.68446	42.66711	42.647934	42.633606	42.615341	42.599453
749	44.51149	44.34016	44.252316	44.185406	44.122486	44.060154	44.009472	43.962494	43.917484	43.87421	43.831192	43.790504	43.753975	43.715797	43.676525	43.641411	43.610973	43.576126	43.546055	43.51622	43.486694	43.459343	43.431374	43.402802	43.372959	43.352448	43.326393	43.304398	43.274326	43.246918	43.227077	43.203449	43.177544	43.154644	43.132626	43.112148	43.091187	43.070972	43.049984	43.02866	43.007465	42.991528	42.965923	42.948277	42.95121	42.93615	42.91748	42.904465	42.878624	42.860161	42.843323	42.826881	42.806278	42.796036	42.77692	42.759769	42.742062	42.724926	42.709972	42.69244	42.677746
750	44.535629	44.36972	44.282753	44.218628	44.156628	44.097118	44.049133	44.002846	43.959038	43.917336	43.873745	43.836113	43.800858	43.762486	43.725334	43.69062	43.661869	43.62775	43.597294	43.568253	43.540615	43.513844	43.485451	43.457817	43.429398	43.410522	43.383968	43.363342	43.334473	43.306465	43.287502	43.264915	43.239441	43.216915	43.195274	43.177021	43.154854	43.136269	43.11512	43.094639	43.074238	43.059437	43.033215	43.01696	43.019684	43.005417	42.987328	42.974903	42.949753	42.93103	42.91449	42.899113	42.87804	42.869518	42.849762	42.833195	42.815407	42.799995	42.784698	42.767723	42.754017
751	44.548981	44.389359	44.306484	44.243408	44.182465	44.125118	44.077106	44.033421	43.990482	43.950172	43.906845	43.87077	43.836018	43.798988	43.763916	43.730652	43.701839	43.668411	43.638714	43.609764	43.582066	43.556408	43.530422	43.502827	43.475266	43.457458	43.432068	43.410889	43.38187	43.35622	43.337013	43.315029	43.290512	43.269016	43.24752	43.229725	43.208954	43.189983	43.168816	43.149529	43.130161	43.113785	43.087543	43.072277	43.076317	43.062099	43.044231	43.031979	43.006508	42.98922	42.973087	42.957047	42.937988	42.928581	42.909435	42.893089	42.876896	42.861313	42.847309	42.829857	42.815861
752	44.562416	44.409119	44.330364	44.268349	44.208469	44.153301	44.105259	44.064186	44.022129	43.983223	43.940155	43.905655	43.871403	43.835728	43.80275	43.770947	43.742065	43.709328	43.680393	43.651539	43.623787	43.599239	43.575687	43.548122	43.521423	43.504696	43.480484	43.458744	43.429573	43.406292	43.386841	43.365459	43.341904	43.321449	43.300095	43.282772	43.263401	43.24403	43.222858	43.204765	43.186443	43.168484	43.14222	43.127945	43.133316	43.119144	43.101494	43.08942	43.063622	43.047783	43.032055	43.015354	42.998318	42.988022	42.969494	42.953369	42.938778	42.923023	42.910324	42.892384	42.878105
753	44.575943	44.429012	44.354401	44.293446	44.234638	44.181656	44.133587	44.095154	44.05397	44.016483	43.973679	43.940754	43.907009	43.8727	43.841831	43.811485	43.782555	43.750507	43.72234	43.693577	43.665768	43.642342	43.621235	43.593704	43.567879	43.552231	43.529202	43.506905	43.477577	43.45668	43.436985	43.41621	43.393631	43.374207	43.353008	43.336147	43.318188	43.298424	43.277248	43.260353	43.24308	43.223526	43.197243	43.183964	43.190678	43.176552	43.159122	43.147224	43.121101	43.106712	43.0914	43.074028	43.059029	43.04784	43.029926	43.01403	43.001049	42.985123	42.973736	42.955311	42.940739
754	44.591156	44.447689	44.376709	44.316586	44.258343	44.207058	44.160736	44.122684	44.081524	44.046177	44.004517	43.971088	43.939331	43.906918	43.87587	43.846497	43.818348	43.787582	43.760689	43.732391	43.704769	43.683002	43.662483	43.635342	43.61018	43.594315	43.572342	43.550915	43.522182	43.502701	43.481365	43.462032	43.440426	43.420944	43.400211	43.384651	43.367336	43.346577	43.326733	43.311047	43.293137	43.274395	43.248737	43.236042	43.241905	43.228279	43.212303	43.200104	43.174576	43.162186	43.145741	43.12994	43.115047	43.103359	43.086796	43.071602	43.058178	43.04195	43.030949	43.012936	42.998798
755	44.606842	44.466198	44.39875	44.339413	44.28162	44.231926	44.187771	44.149586	44.108261	44.075237	44.03492	44.000507	43.971092	43.940701	43.908958	43.880444	43.853291	43.823929	43.798431	43.770687	43.743313	43.723324	43.702984	43.676308	43.651772	43.635387	43.614456	43.594227	43.566261	43.547985	43.524693	43.506992	43.486366	43.466568	43.446384	43.43232	43.415466	43.393593	43.375378	43.360909	43.34198	43.3246	43.299721	43.287502	43.292027	43.279003	43.264774	43.252159	43.22744	43.217175	43.199253	43.185532	43.170307	43.158211	43.143169	43.128788	43.114452	43.097889	43.087067	43.069675	43.056141
756	44.622631	44.484829	44.42094	44.3624	44.305058	44.256962	44.214985	44.176674	44.135178	44.104492	44.065525	44.030128	44.003063	43.974712	43.94228	43.914623	43.888462	43.860523	43.83643	43.809242	43.78212	43.763924	43.743767	43.717556	43.693645	43.676746	43.65686	43.637833	43.610645	43.593578	43.568306	43.552254	43.532612	43.512505	43.49287	43.480309	43.463932	43.440926	43.424355	43.41111	43.391151	43.375145	43.351048	43.339317	43.342491	43.330078	43.317596	43.304562	43.280666	43.272533	43.253128	43.241501	43.225945	43.213436	43.199928	43.186367	43.171112	43.154213	43.14357	43.126801	43.113873
757	44.637241	44.502277	44.440651	44.383316	44.327492	44.280861	44.240295	44.202068	44.161541	44.131886	44.09441	44.059292	44.033016	44.005829	43.973713	43.947224	43.921478	43.894447	43.871582	43.844624	43.818508	43.801479	43.781609	43.756161	43.732609	43.716171	43.696274	43.678715	43.651657	43.634941	43.610157	43.594822	43.576275	43.556194	43.537167	43.52491	43.509109	43.486542	43.471031	43.457348	43.438065	43.423008	43.399734	43.387836	43.390995	43.378918	43.36702	43.354046	43.330677	43.323597	43.303715	43.293293	43.277756	43.265671	43.252663	43.239517	43.223579	43.207676	43.196678	43.180641	43.168472
758	44.650612	44.518486	44.457764	44.402073	44.348862	44.303574	44.263611	44.225685	44.187328	44.157318	44.121494	44.087967	44.060852	44.033913	44.003181	43.978161	43.952229	43.925579	43.903751	43.876671	43.852371	43.835838	43.816368	43.791988	43.768509	43.753578	43.732544	43.716736	43.689148	43.671871	43.650158	43.634548	43.617218	43.597538	43.579159	43.565952	43.55085	43.530354	43.515293	43.499435	43.48262	43.468071	43.445652	43.432896	43.437443	43.425415	43.412884	43.400459	43.377319	43.370155	43.350853	43.34071	43.325554	43.314766	43.301182	43.288025	43.271656	43.258129	43.246223	43.231041	43.219795
759	44.664078	44.534809	44.475002	44.420959	44.370388	44.326447	44.287098	44.249474	44.213303	44.18293	44.148769	44.116852	44.088886	44.062199	44.032864	44.009323	43.983208	43.956928	43.936153	43.908947	43.886475	43.870453	43.851376	43.828072	43.804668	43.791252	43.769081	43.755039	43.726913	43.709064	43.690453	43.674564	43.658459	43.639175	43.621456	43.607296	43.592884	43.57449	43.559872	43.541824	43.527489	43.513454	43.491901	43.478279	43.484226	43.472252	43.459076	43.447201	43.424297	43.417038	43.398327	43.388466	43.373695	43.36422	43.350056	43.33688	43.320076	43.308952	43.29612	43.281792	43.271484
760	44.677032	44.550674	44.491817	44.439369	44.391354	44.348553	44.30983	44.272797	44.238514	44.208057	44.175262	44.145004	44.116447	44.090012	44.061943	44.039513	44.013523	43.987621	43.967773	43.940636	43.919983	43.904167	43.885571	43.863358	43.840034	43.827984	43.804939	43.792255	43.763966	43.745728	43.729706	43.713676	43.69857	43.679722	43.662868	43.647694	43.634014	43.617416	43.603184	43.583492	43.571297	43.55761	43.536758	43.522552	43.529812	43.517994	43.504368	43.493137	43.470459	43.462952	43.445038	43.435112	43.420773	43.412457	43.397926	43.384762	43.367538	43.358326	43.344788	43.33139	43.321823
761	44.686996	44.563747	44.505985	44.454781	44.408844	44.366119	44.328087	44.293072	44.259117	44.22998	44.19698	44.168606	44.140774	44.114624	44.087093	44.063824	44.039616	44.014069	43.994434	43.968403	43.94949	43.93235	43.914574	43.89352	43.870304	43.858814	43.836288	43.822868	43.796314	43.778584	43.762501	43.747025	43.731739	43.713455	43.698536	43.682106	43.669304	43.652927	43.638744	43.620255	43.60836	43.594185	43.573196	43.55983	43.567932	43.556835	43.543728	43.5336	43.511127	43.502522	43.486439	43.474712	43.461018	43.453053	43.439301	43.426281	43.40871	43.398834	43.385719	43.373608	43.363823
762	44.697033	44.576912	44.520256	44.470303	44.426453	44.383808	44.346466	44.313492	44.279865	44.252056	44.218842	44.192375	44.165268	44.139412	44.112415	44.08831	44.065887	44.040699	44.021282	43.996368	43.979191	43.960728	43.943779	43.923889	43.900784	43.889854	43.867859	43.853691	43.828888	43.811668	43.795532	43.780598	43.765137	43.747425	43.734455	43.716766	43.704838	43.68869	43.674553	43.657265	43.645679	43.631012	43.60989	43.597363	43.606316	43.595947	43.583366	43.574345	43.552078	43.542366	43.528137	43.514587	43.501549	43.493931	43.480953	43.468082	43.450169	43.439625	43.426941	43.416111	43.406109
763	44.707138	44.590168	44.534618	44.485931	44.444187	44.401615	44.364975	44.334049	44.300751	44.274281	44.240856	44.216305	44.18993	44.164368	44.13792	44.112961	44.092342	44.067513	44.048313	44.024521	44.009102	43.989307	43.973186	43.954472	43.931477	43.921112	43.899643	43.884731	43.861683	43.844978	43.828793	43.814407	43.798767	43.781628	43.770622	43.751663	43.740612	43.724693	43.710609	43.69453	43.683262	43.668095	43.646835	43.635159	43.64497	43.635323	43.623276	43.615364	43.593315	43.582481	43.570114	43.554733	43.542351	43.535095	43.522896	43.51017	43.491909	43.48069	43.468445	43.45892	43.448685
764	44.715862	44.601376	44.547768	44.501022	44.460136	44.418423	44.382637	44.352257	44.319775	44.294121	44.261814	44.237663	44.211662	44.186081	44.16021	44.135887	44.116173	44.09214	44.07349	44.050995	44.035282	44.015648	43.999489	43.980911	43.958385	43.947926	43.92804	43.913773	43.890038	43.87471	43.858849	43.844837	43.830063	43.812141	43.801182	43.783173	43.772079	43.757336	43.743835	43.727913	43.716232	43.701241	43.681404	43.668953	43.679947	43.670742	43.659039	43.651237	43.630501	43.619831	43.606342	43.592854	43.579227	43.572979	43.560017	43.547146	43.530308	43.519272	43.507545	43.498631	43.488472
765	44.724377	44.612251	44.560749	44.516102	44.475822	44.435139	44.400227	44.370106	44.338551	44.313614	44.282677	44.258648	44.232948	44.207283	44.182007	44.1586	44.139626	44.116478	44.098438	44.077286	44.060879	44.041702	44.025326	44.006691	43.984707	43.974026	43.955933	43.942577	43.917679	43.903908	43.888443	43.874775	43.861073	43.842106	43.830822	43.814198	43.802876	43.789494	43.776691	43.760719	43.748486	43.733803	43.715698	43.702148	43.714394	43.705578	43.694191	43.686302	43.667099	43.656849	43.641651	43.630779	43.61554	43.610416	43.596397	43.583321	43.568256	43.557571	43.546387	43.53796	43.527927
766	44.732944	44.623199	44.573814	44.531277	44.491608	44.45195	44.417931	44.388062	44.357441	44.333233	44.303673	44.279762	44.254364	44.228622	44.203941	44.181454	44.163223	44.140968	44.123547	44.103741	44.086639	44.067917	44.051331	44.032635	44.011192	44.000278	43.983997	43.971565	43.945496	43.933289	43.918224	43.904896	43.892281	43.872253	43.860645	43.845417	43.83387	43.821857	43.80975	43.793728	43.780945	43.766567	43.750206	43.73555	43.749058	43.740635	43.729565	43.721588	43.70393	43.694099	43.677177	43.668945	43.652081	43.648098	43.633003	43.619732	43.606453	43.596115	43.585472	43.577538	43.567631
767	44.737919	44.630917	44.582966	44.541775	44.50264	44.464172	44.430786	44.401134	44.371246	44.34787	44.318855	44.294846	44.270714	44.245392	44.220943	44.199352	44.181408	44.160625	44.1436	44.124649	44.106503	44.088928	44.072063	44.053974	44.032726	44.021805	44.006676	43.994408	43.968834	43.956806	43.943192	43.930111	43.917255	43.898357	43.885498	43.872082	43.860352	43.848213	43.83659	43.821831	43.808739	43.79472	43.779037	43.764801	43.778564	43.770348	43.759716	43.75148	43.734249	43.724953	43.708565	43.701134	43.683502	43.679459	43.665131	43.651966	43.639549	43.629501	43.618927	43.611412	43.601055
768	44.739475	44.635563	44.588398	44.547821	44.509144	44.472008	44.439037	44.40955	44.380219	44.357765	44.328499	44.304184	44.282246	44.257809	44.233253	44.212528	44.194431	44.175686	44.158833	44.140278	44.120747	44.104992	44.08778	44.07093	44.049549	44.038822	44.024223	44.011406	43.987915	43.974751	43.963585	43.950657	43.936302	43.920612	43.905605	43.894413	43.882553	43.868855	43.857521	43.845264	43.832104	43.818493	43.802467	43.790092	43.803154	43.794975	43.784897	43.776245	43.758377	43.749733	43.736008	43.72765	43.71006	43.704803	43.692982	43.680229	43.667812	43.65799	43.647026	43.639874	43.628517
769	44.741043	44.64024	44.593864	44.553902	44.51569	44.479897	44.447342	44.418015	44.38924	44.367725	44.338203	44.313587	44.293846	44.270306	44.24564	44.225796	44.207539	44.190845	44.174164	44.156002	44.135082	44.121159	44.103603	44.087994	44.066483	44.055946	44.041885	44.028507	44.007118	43.992809	43.9841	43.971329	43.955471	43.943008	43.925842	43.916889	43.904892	43.889626	43.878578	43.868847	43.855618	43.842415	43.826046	43.815544	43.8279	43.819763	43.810234	43.801163	43.782661	43.77467	43.763622	43.75433	43.736782	43.730309	43.721012	43.708675	43.696247	43.686657	43.675297	43.66851	43.656151
770	44.742077	44.644157	44.598839	44.559429	44.521671	44.487305	44.455238	44.426258	44.398033	44.377132	44.347839	44.322865	44.305126	44.282684	44.258072	44.238888	44.220589	44.205421	44.188911	44.171024	44.149174	44.136921	44.119274	44.104664	44.083298	44.072815	44.059284	44.045483	44.026131	44.011063	44.004128	43.991566	43.974598	43.964561	43.946243	43.938869	43.926926	43.910446	43.89975	43.891819	43.878525	43.865921	43.849434	43.840183	43.852062	43.844116	43.834835	43.825569	43.806664	43.799271	43.790253	43.780277	43.763016	43.75563	43.748207	43.736401	43.724079	43.714569	43.703194	43.696404	43.68375
771	44.740822	44.644779	44.60162	44.562462	44.525131	44.4925	44.461239	44.433365	44.405663	44.383999	44.357025	44.331474	44.314816	44.294315	44.27047	44.250984	44.23315	44.217243	44.200867	44.18272	44.161972	44.150658	44.134026	44.119335	44.099293	44.088249	44.075195	44.061611	44.043953	44.029812	44.021641	44.009525	43.993191	43.982063	43.966919	43.958309	43.947205	43.931061	43.920986	43.91172	43.898407	43.887196	43.871532	43.860851	43.873222	43.866135	43.855808	43.847256	43.829006	43.821945	43.812111	43.802555	43.78664	43.779621	43.771259	43.760487	43.748745	43.738678	43.728893	43.720516	43.710655
772	44.739552	44.645401	44.604416	44.565517	44.528606	44.497726	44.467274	44.440521	44.413342	44.390915	44.366268	44.340134	44.324566	44.306026	44.282948	44.263165	44.245796	44.229145	44.212906	44.1945	44.174858	44.164486	44.14888	44.134098	44.115398	44.103794	44.091213	44.077847	44.061893	44.048683	44.039272	44.027607	44.011902	43.999691	43.987736	43.977882	43.967621	43.951817	43.94236	43.931751	43.918427	43.908619	43.89378	43.881649	43.894531	43.888298	43.876923	43.869095	43.851498	43.844776	43.834122	43.824993	43.810432	43.80378	43.794464	43.784744	43.773579	43.762955	43.754776	43.744789	43.737747
773	44.738274	44.64603	44.607239	44.568592	44.532116	44.503002	44.473358	44.447723	44.421078	44.397884	44.375584	44.348862	44.334393	44.317829	44.295521	44.275436	44.258533	44.241131	44.225029	44.206364	44.18784	44.17841	44.163841	44.148975	44.131622	44.119446	44.107353	44.094196	44.079964	44.067696	44.057037	44.045822	44.030754	44.017445	44.008701	43.997604	43.988194	43.972729	43.96389	43.951931	43.938591	43.930199	43.916195	43.902607	43.915993	43.910625	43.89819	43.891094	43.874161	43.867775	43.856285	43.847591	43.834393	43.828106	43.817841	43.80917	43.798595	43.787403	43.780842	43.769245	43.765038
774	44.735069	44.646969	44.608192	44.569759	44.533985	44.504807	44.476376	44.451828	44.425735	44.4039	44.381638	44.356148	44.342091	44.324673	44.303082	44.283142	44.267471	44.249996	44.233742	44.216354	44.198769	44.188614	44.173893	44.159195	44.142651	44.130932	44.119598	44.106686	44.092239	44.080482	44.071049	44.058968	44.042782	44.030285	44.022514	44.01247	44.002281	43.987637	43.978737	43.966499	43.953911	43.94585	43.93177	43.919285	43.932041	43.927917	43.915211	43.907726	43.891277	43.885117	43.873878	43.865814	43.852722	43.846668	43.836529	43.82814	43.817947	43.806438	43.800472	43.790333	43.784832
775	44.731548	44.647968	44.608868	44.570644	44.535622	44.506092	44.478943	44.455486	44.429951	44.409824	44.387238	44.36327	44.349514	44.330803	44.309921	44.290199	44.27589	44.258442	44.241993	44.22612	44.209469	44.198303	44.183262	44.16877	44.152954	44.141846	44.131336	44.118671	44.103695	44.092392	44.084576	44.071423	44.053844	44.042458	44.035316	44.026695	44.015469	44.00172	43.992661	43.980301	43.96859	43.960697	43.946392	43.935417	43.947365	43.94455	43.93169	43.923645	43.907661	43.901707	43.890892	43.883488	43.870312	43.86446	43.85461	43.846386	43.836548	43.824768	43.819244	43.811054	43.803604
776	44.727985	44.648964	44.609535	44.571529	44.537258	44.507378	44.481514	44.459167	44.434189	44.415775	44.392864	44.370438	44.356995	44.336971	44.316799	44.297302	44.284363	44.266945	44.250298	44.235958	44.220238	44.208057	44.192688	44.17841	44.16333	44.15284	44.14315	44.130733	44.115234	44.104385	44.098198	44.083958	44.06498	44.054714	44.04821	44.041016	44.028744	44.015911	44.00668	43.994205	43.983379	43.975647	43.961124	43.951668	43.962795	43.961304	43.948288	43.939678	43.924171	43.918423	43.908028	43.901295	43.888031	43.882389	43.872829	43.864777	43.855293	43.843231	43.838154	43.831928	43.822517
777	44.72543	44.649239	44.610016	44.57275	44.539589	44.509888	44.485493	44.46299	44.439281	44.421734	44.399162	44.378086	44.364243	44.344677	44.324196	44.306038	44.292786	44.27565	44.259953	44.245468	44.230381	44.217873	44.202694	44.189289	44.174431	44.164787	44.155342	44.143444	44.127892	44.117279	44.111069	44.097122	44.078281	44.068344	44.061623	44.055305	44.042233	44.03109	44.020935	44.008755	43.998127	43.99102	43.976406	43.967663	43.97908	43.977409	43.964817	43.956505	43.941154	43.935341	43.925224	43.918644	43.905712	43.900444	43.891125	43.882812	43.873947	43.862026	43.857521	43.851749	43.84201
778	44.723709	44.648895	44.610317	44.574245	44.542503	44.513432	44.490665	44.466942	44.445099	44.4277	44.406025	44.386158	44.371304	44.353695	44.332035	44.316177	44.301178	44.284527	44.270775	44.254704	44.240017	44.227745	44.2132	44.201241	44.186176	44.177559	44.167866	44.156712	44.141525	44.130959	44.123302	44.110836	44.093456	44.083164	44.0755	44.069588	44.055916	44.047142	44.035419	44.023888	44.012871	44.006771	43.992187	43.983463	43.996117	43.992989	43.981316	43.974037	43.958576	43.952461	43.942497	43.935658	43.923397	43.91864	43.909508	43.900585	43.892551	43.881145	43.877323	43.870716	43.862038
779	44.721973	44.64854	44.610615	44.575748	44.545441	44.517002	44.495876	44.470928	44.45097	44.433716	44.412949	44.394302	44.378426	44.362789	44.339947	44.326408	44.30965	44.293488	44.281693	44.264023	44.249733	44.237709	44.223801	44.213299	44.198029	44.190453	44.180508	44.170109	44.155285	44.144772	44.135658	44.124683	44.108768	44.098122	44.089508	44.084007	44.069725	44.063339	44.050041	44.039162	44.027756	44.022671	44.008114	43.999416	44.013317	44.00872	43.997967	43.991737	43.976158	43.969746	43.959934	43.952824	43.941246	43.937008	43.928066	43.918522	43.911327	43.900444	43.897308	43.889854	43.882256
780	44.721146	44.648975	44.611851	44.577927	44.548866	44.520901	44.500988	44.475628	44.456989	44.439842	44.419922	44.402126	44.385475	44.371414	44.347935	44.336254	44.318317	44.302589	44.292229	44.273426	44.259773	44.247833	44.234535	44.225052	44.209702	44.203171	44.192909	44.183247	44.168724	44.158413	44.148193	44.138233	44.12368	44.112759	44.103519	44.098049	44.083706	44.079025	44.064709	44.054447	44.043194	44.038574	44.024021	44.015457	44.030254	44.024452	44.014404	44.009056	43.993496	43.986866	43.977242	43.970211	43.959064	43.955425	43.94651	43.936386	43.929985	43.919781	43.916584	43.908772	43.902092
781	44.723576	44.652168	44.61636	44.582405	44.553921	44.52586	44.505589	44.482742	44.463371	44.446163	44.42688	44.408592	44.392048	44.378109	44.355999	44.344444	44.327461	44.311947	44.301117	44.282883	44.270687	44.258266	44.245472	44.235378	44.220413	44.214943	44.204144	44.195103	44.180664	44.171116	44.161037	44.150372	44.136753	44.125908	44.117157	44.110386	44.097942	44.09248	44.079174	44.069359	44.060226	44.054073	44.039433	44.031403	44.045845	44.039806	44.029663	44.02459	44.009518	44.002949	43.993645	43.987938	43.976318	43.973541	43.964058	43.953503	43.947712	43.938782	43.932789	43.926369	43.920059
782	44.72604	44.655403	44.62093	44.586937	44.559048	44.53088	44.510246	44.489941	44.469841	44.452557	44.433914	44.415146	44.398705	44.384892	44.364159	44.352741	44.33672	44.321426	44.310112	44.292458	44.281738	44.268833	44.256542	44.245842	44.231266	44.226856	44.215515	44.207104	44.192757	44.183968	44.174038	44.162651	44.149986	44.139214	44.130959	44.122879	44.11235	44.106106	44.093819	44.084461	44.077473	44.069771	44.055042	44.04755	44.061626	44.055347	44.045101	44.040314	44.025742	44.01923	44.01025	44.005882	43.993778	43.991882	43.981827	43.970825	43.965652	43.958012	43.9492	43.944183	43.938248
783	44.728531	44.65868	44.625557	44.591534	44.564228	44.535965	44.514961	44.497231	44.476387	44.459034	44.44104	44.421776	44.405441	44.39175	44.372414	44.361134	44.346092	44.331017	44.319225	44.302155	44.292923	44.279522	44.267742	44.256424	44.242249	44.238918	44.22702	44.219257	44.20499	44.196983	44.187199	44.175087	44.16338	44.152683	44.144932	44.135521	44.126938	44.119892	44.108639	44.099743	44.094925	44.085659	44.070835	44.063885	44.077595	44.071072	44.060738	44.056229	44.042156	44.035709	44.027054	44.024048	44.011452	44.010441	43.999805	43.988358	43.98381	43.977474	43.965801	43.962212	43.956657
784	44.724751	44.656261	44.621899	44.588978	44.562191	44.535618	44.514164	44.496834	44.476219	44.459755	44.442715	44.423378	44.407143	44.393436	44.373684	44.362846	44.347992	44.333504	44.32209	44.305	44.296055	44.281952	44.27169	44.261147	44.2467	44.24324	44.23159	44.223431	44.209808	44.202362	44.191872	44.181396	44.169399	44.15839	44.150608	44.142765	44.133789	44.126427	44.116837	44.107212	44.102051	44.092876	44.0788	44.071548	44.085655	44.080288	44.070099	44.065495	44.051853	44.04644	44.03698	44.033272	44.020672	44.019997	44.008644	43.99968	43.993664	43.987419	43.977333	43.972324	43.966774
785	44.720215	44.653175	44.617271	44.58559	44.559319	44.53466	44.512741	44.495571	44.475304	44.459843	44.44381	44.424438	44.408295	44.394566	44.37418	44.363827	44.349083	44.335228	44.324295	44.307121	44.298321	44.283493	44.274872	44.265278	44.250477	44.24675	44.235439	44.226765	44.213852	44.206947	44.195644	44.187099	44.174667	44.163303	44.155426	44.149494	44.139854	44.132236	44.124405	44.113903	44.108109	44.09922	44.085995	44.078335	44.09293	44.08889	44.078876	44.074135	44.060921	44.056664	44.046257	44.041615	44.029068	44.028671	44.016571	44.010456	44.002708	43.996422	43.988438	43.981678	43.976082
786	44.715618	44.650043	44.612579	44.582161	44.556408	44.533695	44.511303	44.494293	44.474377	44.459934	44.44492	44.425514	44.409473	44.395714	44.374691	44.36483	44.350197	44.336979	44.326534	44.309277	44.300625	44.285049	44.278103	44.269459	44.254314	44.250317	44.239346	44.230152	44.217957	44.211605	44.199478	44.19289	44.180012	44.168285	44.16032	44.156326	44.146015	44.138126	44.132076	44.120689	44.114258	44.105659	44.093288	44.085224	44.100315	44.097622	44.087784	44.082901	44.070126	44.067039	44.055679	44.050083	44.037586	44.037468	44.024609	44.021385	44.011887	44.005554	43.999706	43.991165	43.985538
787	44.711964	44.646854	44.610413	44.580143	44.554539	44.532566	44.510883	44.493698	44.47504	44.460598	44.445671	44.426254	44.410858	44.397232	44.376915	44.366829	44.352665	44.339973	44.328987	44.313015	44.303749	44.288887	44.282906	44.274612	44.259205	44.255375	44.244709	44.235397	44.223625	44.21661	44.20536	44.19994	44.187004	44.175194	44.167171	44.163342	44.1539	44.145969	44.140133	44.128887	44.121777	44.113533	44.102036	44.093208	44.108776	44.1063	44.09663	44.092392	44.079723	44.076172	44.065346	44.059437	44.046928	44.047173	44.034992	44.032654	44.022118	44.015511	44.010029	44.001865	43.996464
788	44.708984	44.643612	44.610111	44.57917	44.553429	44.531326	44.51123	44.493622	44.476894	44.461693	44.446182	44.42675	44.412415	44.399048	44.380428	44.369583	44.356167	44.343914	44.331619	44.317963	44.307507	44.29443	44.28891	44.28051	44.264908	44.261589	44.251198	44.242062	44.230476	44.221905	44.212788	44.207973	44.195255	44.183563	44.175518	44.170547	44.163113	44.155293	44.148518	44.138187	44.130371	44.12254	44.111912	44.102039	44.118099	44.11499	44.105495	44.102478	44.089668	44.084446	44.075249	44.069515	44.056942	44.057621	44.047169	44.044239	44.033188	44.026134	44.019711	44.013531	44.008549
789	44.705959	44.64032	44.609802	44.578186	44.552307	44.530067	44.511578	44.493542	44.478779	44.462803	44.446697	44.427258	44.414001	44.400883	44.383999	44.372379	44.35973	44.347919	44.334297	44.32299	44.311325	44.30006	44.295002	44.286503	44.270702	44.267902	44.257786	44.248833	44.237446	44.227283	44.220337	44.216133	44.203644	44.192078	44.183998	44.177864	44.172466	44.164768	44.157032	44.147633	44.139107	44.131676	44.121948	44.111019	44.127567	44.123821	44.114502	44.112724	44.099781	44.092842	44.085312	44.079746	44.067112	44.068233	44.059544	44.056007	44.044437	44.036926	44.029549	44.025383	44.020832
790	44.701782	44.63583	44.607456	44.575951	44.550156	44.527699	44.510403	44.492401	44.478783	44.462368	44.446121	44.426998	44.414593	44.401627	44.38625	44.374065	44.361546	44.350643	44.336052	44.32666	44.313961	44.304375	44.299484	44.290829	44.275211	44.272701	44.263031	44.254353	44.242641	44.232117	44.226116	44.222443	44.210396	44.199081	44.190964	44.18425	44.180183	44.17231	44.164127	44.155521	44.146374	44.139515	44.130341	44.118877	44.135773	44.13129	44.122471	44.121353	44.108444	44.100399	44.09399	44.088779	44.076363	44.077713	44.070263	44.06609	44.054585	44.046616	44.038631	44.035744	44.031525
791	44.69434	44.627964	44.599197	44.570141	44.545044	44.522171	44.504799	44.488186	44.473309	44.457413	44.442348	44.424496	44.412239	44.399124	44.384571	44.372429	44.358219	44.349537	44.335083	44.326271	44.313057	44.30471	44.299114	44.290165	44.275806	44.272949	44.264183	44.256054	44.242519	44.23521	44.226543	44.223129	44.212158	44.201481	44.193298	44.187698	44.182861	44.173962	44.166847	44.158611	44.149124	44.143314	44.133686	44.123234	44.140057	44.134575	44.127193	44.124992	44.112637	44.105259	44.098351	44.094013	44.08263	44.083584	44.075813	44.070946	44.061176	44.052773	44.045238	44.041435	44.037254
792	44.686775	44.619968	44.590805	44.56424	44.539848	44.516552	44.499104	44.483902	44.467747	44.452381	44.438519	44.421955	44.409855	44.396584	44.382877	44.370766	44.354839	44.348423	44.334099	44.325878	44.312141	44.305058	44.298748	44.28949	44.276421	44.273201	44.265366	44.257797	44.242397	44.238369	44.226986	44.223839	44.213959	44.203934	44.195675	44.191216	44.185593	44.175652	44.169632	44.161766	44.151939	44.147186	44.137108	44.127674	44.144421	44.137924	44.132004	44.128704	44.116913	44.11021	44.102795	44.09935	44.089016	44.089569	44.08147	44.07589	44.067894	44.059044	44.051968	44.047241	44.043095
793	44.679073	44.611828	44.582253	44.558228	44.534557	44.510834	44.493305	44.479542	44.462082	44.447254	44.43462	44.419369	44.407421	44.394001	44.381145	44.369076	44.351406	44.347279	44.333099	44.325474	44.311203	44.305412	44.29837	44.288807	44.277046	44.27346	44.266563	44.259567	44.242268	44.241573	44.227436	44.22456	44.21579	44.206421	44.198097	44.19479	44.188377	44.177364	44.172455	44.16497	44.154797	44.151119	44.140579	44.132187	44.148857	44.141331	44.13689	44.132477	44.12125	44.115246	44.107311	44.104774	44.095509	44.095657	44.087223	44.080921	44.074726	44.065426	44.058807	44.053139	44.049034
794	44.676186	44.607658	44.578819	44.554375	44.530994	44.507732	44.490578	44.477375	44.460606	44.446598	44.430298	44.417938	44.406067	44.39333	44.379662	44.367878	44.352104	44.346416	44.333286	44.32513	44.312229	44.307137	44.300236	44.290604	44.278099	44.275986	44.267914	44.261631	44.244347	44.243031	44.230091	44.226883	44.218029	44.209435	44.200493	44.196983	44.192341	44.180565	44.175495	44.168499	44.15992	44.15567	44.144081	44.137379	44.153206	44.147396	44.141655	44.137989	44.126194	44.121452	44.112534	44.110733	44.100487	44.099827	44.092648	44.08643	44.078644	44.071793	44.066315	44.059441	44.054623
795	44.673546	44.603664	44.575649	44.550575	44.527466	44.504745	44.487988	44.475307	44.45937	44.446217	44.425858	44.416546	44.404755	44.392769	44.378162	44.366688	44.353085	44.345547	44.333546	44.324776	44.313393	44.308975	44.302269	44.29258	44.27919	44.278702	44.269291	44.263748	44.246597	44.244389	44.232929	44.229343	44.220333	44.212528	44.202927	44.199116	44.196449	44.183914	44.1786	44.172108	44.165276	44.160339	44.147644	44.142708	44.157612	44.15374	44.146484	44.143703	44.13126	44.12785	44.117882	44.116833	44.105453	44.103951	44.098148	44.092056	44.082443	44.07827	44.074001	44.065876	44.060284
796	44.670868	44.599594	44.572426	44.546715	44.52388	44.501705	44.485359	44.473206	44.458111	44.445835	44.421341	44.415138	44.403423	44.392208	44.376644	44.365479	44.354095	44.344673	44.333824	44.324425	44.314587	44.310856	44.304352	44.294617	44.280319	44.281483	44.270702	44.265915	44.248901	44.245785	44.235832	44.231869	44.222683	44.215694	44.205421	44.201298	44.200653	44.187336	44.181778	44.175797	44.170746	44.165108	44.151283	44.148151	44.162125	44.160221	44.151424	44.149544	44.136436	44.134377	44.123352	44.123062	44.110527	44.108158	44.103767	44.097805	44.086315	44.084888	44.081848	44.072445	44.066067
797	44.667068	44.595589	44.568893	44.543457	44.520752	44.50032	44.483814	44.471237	44.456615	44.444397	44.420464	44.41399	44.402863	44.392185	44.375214	44.364758	44.354706	44.344231	44.334587	44.324745	44.315292	44.311733	44.304977	44.295128	44.281631	44.28286	44.27219	44.267376	44.251377	44.247524	44.238358	44.234146	44.225346	44.218143	44.208443	44.203373	44.202774	44.191013	44.184433	44.178417	44.174171	44.168758	44.155304	44.151443	44.165268	44.164299	44.156296	44.15377	44.141033	44.13958	44.127396	44.128437	44.114777	44.113247	44.108574	44.102943	44.091656	44.090755	44.087444	44.077614	44.072304
798	44.662529	44.591587	44.565128	44.540539	44.517879	44.499958	44.482933	44.469322	44.454941	44.442291	44.421852	44.412991	44.402771	44.392506	44.373821	44.364315	44.35508	44.344063	44.335659	44.325478	44.315697	44.311977	44.304684	44.294697	44.28307	44.283367	44.273731	44.268398	44.253967	44.249485	44.24065	44.236286	44.228226	44.220158	44.211815	44.205399	44.203613	44.194881	44.186771	44.180386	44.176331	44.171726	44.159603	44.153416	44.167572	44.166912	44.161148	44.157024	44.145294	44.143982	44.130577	44.133327	44.118538	44.118927	44.1129	44.107727	44.097939	44.09621	44.091682	44.081951	44.078861
799	44.657906	44.587509	44.561298	44.537575	44.514954	44.499596	44.482037	44.467373	44.453247	44.44014	44.423279	44.41198	44.402687	44.392834	44.37241	44.363876	44.355465	44.343895	44.336754	44.326241	44.316113	44.312241	44.30439	44.29427	44.284546	44.28389	44.275307	44.269447	44.256615	44.251492	44.243008	44.238472	44.231167	44.222225	44.215267	44.20747	44.204475	44.198833	44.189175	44.182404	44.178547	44.17477	44.16399	44.155437	44.169937	44.169586	44.166107	44.160351	44.149662	44.148491	44.133839	44.138321	44.122391	44.124729	44.117332	44.112621	44.104362	44.10178	44.096012	44.08638	44.085564
800	44.653091	44.583458	44.557861	44.53471	44.512157	44.498611	44.480633	44.465736	44.451279	44.438084	44.424015	44.410793	44.402451	44.392441	44.371765	44.363754	44.355919	44.34399	44.337898	44.327103	44.316875	44.312851	44.304764	44.294624	44.286133	44.284458	44.276886	44.270687	44.259113	44.253727	44.245461	44.2407	44.233646	44.224617	44.218399	44.209881	44.206291	44.20232	44.192078	44.184959	44.181065	44.177963	44.167831	44.15799	44.173046	44.172649	44.170605	44.16375	44.153526	44.152626	44.13755	44.142902	44.126488	44.129692	44.12146	44.117592	44.110111	44.106499	44.100578	44.091328	44.091671
801	44.647938	44.579559	44.555439	44.532169	44.509701	44.496174	44.478046	44.464859	44.448708	44.436272	44.423107	44.409218	44.401844	44.390343	44.372952	44.364368	44.356529	44.344673	44.339085	44.328178	44.318417	44.31427	44.30666	44.296822	44.28791	44.285088	44.278412	44.272346	44.261185	44.256428	44.248081	44.242939	44.234959	44.227703	44.220688	44.213017	44.210278	44.204605	44.196079	44.188679	44.184223	44.181408	44.17028	44.161713	44.177826	44.176525	44.173897	44.167213	44.156105	44.155769	44.142239	44.146389	44.131058	44.132553	44.124756	44.122593	44.114094	44.109066	44.105564	44.097351	44.096199
802	44.642677	44.575584	44.552975	44.529575	44.507198	44.49369	44.47541	44.463978	44.446095	44.434429	44.422188	44.407616	44.40123	44.388218	44.374165	44.364998	44.357155	44.345383	44.340309	44.329281	44.319992	44.31572	44.308609	44.299068	44.289738	44.285728	44.279972	44.274052	44.263302	44.25919	44.250755	44.245228	44.236309	44.230862	44.223034	44.216221	44.214355	44.20694	44.200172	44.192486	44.187443	44.184937	44.172783	44.16552	44.182709	44.180492	44.177258	44.170753	44.158749	44.158981	44.14703	44.149952	44.135735	44.135475	44.128132	44.127708	44.118179	44.111702	44.110664	44.103516	44.100834
803	44.637299	44.571514	44.550442	44.52692	44.504631	44.491146	44.472713	44.463058	44.443409	44.432526	44.421234	44.405972	44.400593	44.386024	44.375393	44.365631	44.357788	44.346092	44.341545	44.330406	44.321594	44.317192	44.310585	44.301361	44.291599	44.286385	44.281559	44.275776	44.265453	44.262005	44.253475	44.247566	44.237675	44.234074	44.225414	44.219486	44.218513	44.20932	44.204338	44.196365	44.190735	44.188526	44.175331	44.169399	44.187683	44.184532	44.180687	44.174355	44.161434	44.162251	44.151913	44.15358	44.140495	44.138454	44.131573	44.132923	44.122341	44.11438	44.115864	44.109795	44.105549
804	44.623707	44.56131	44.540119	44.516556	44.496025	44.482105	44.46534	44.453205	44.4361	44.425282	44.413803	44.39986	44.393696	44.379036	44.369164	44.359169	44.351242	44.340794	44.336872	44.324615	44.31638	44.31168	44.304386	44.296852	44.286484	44.28191	44.275757	44.27145	44.26123	44.255768	44.249676	44.242702	44.233849	44.229908	44.222225	44.216122	44.214153	44.205627	44.20145	44.193512	44.187607	44.185379	44.172157	44.165184	44.184586	44.182133	44.1782	44.173256	44.160229	44.160275	44.150265	44.150814	44.138435	44.137756	44.129978	44.131161	44.120869	44.113098	44.114006	44.107349	44.103577
805	44.609718	44.550804	44.529472	44.505871	44.487144	44.472786	44.457748	44.443027	44.428577	44.417812	44.406124	44.393559	44.386562	44.371834	44.362701	44.35247	44.34446	44.335297	44.332008	44.318604	44.310959	44.305958	44.297951	44.292156	44.281174	44.277264	44.269733	44.266949	44.256828	44.249275	44.245701	44.237637	44.229881	44.225552	44.218887	44.212593	44.209587	44.201775	44.198402	44.190506	44.184322	44.182076	44.168835	44.160774	44.181316	44.1796	44.175583	44.172066	44.158943	44.158184	44.148487	44.1479	44.136234	44.136993	44.128284	44.129265	44.119289	44.111729	44.112011	44.104733	44.101475
806	44.595421	44.54007	44.518593	44.494946	44.478077	44.463261	44.449989	44.432625	44.420883	44.410175	44.398273	44.387115	44.379269	44.364471	44.356094	44.345623	44.337528	44.329678	44.327038	44.312462	44.30542	44.300106	44.291367	44.287354	44.275738	44.272514	44.263573	44.262344	44.252331	44.242638	44.241638	44.23246	44.225815	44.2211	44.215481	44.208988	44.204922	44.197838	44.195282	44.187431	44.180965	44.178696	44.16544	44.156261	44.177971	44.17701	44.172901	44.170845	44.157619	44.15604	44.146667	44.14492	44.133984	44.136204	44.126545	44.127323	44.117668	44.110329	44.10997	44.102055	44.099316
807	44.583244	44.529881	44.50663	44.483353	44.467541	44.451187	44.438641	44.421516	44.410954	44.400246	44.388012	44.377045	44.369877	44.355324	44.346909	44.336517	44.328888	44.321449	44.318108	44.304195	44.296925	44.291794	44.283241	44.278484	44.267708	44.264488	44.256027	44.254498	44.244652	44.23484	44.234203	44.226009	44.218964	44.213329	44.208305	44.202049	44.198444	44.191147	44.188473	44.181187	44.174786	44.171791	44.159081	44.150627	44.171509	44.170879	44.166103	44.165165	44.152279	44.150208	44.141663	44.138664	44.128944	44.131908	44.122437	44.1217	44.113598	44.105751	44.104565	44.097076	44.094963
808	44.571995	44.519852	44.493992	44.471291	44.456139	44.437683	44.425354	44.409924	44.399776	44.389038	44.376411	44.365017	44.359306	44.345165	44.336308	44.326157	44.319275	44.311802	44.307064	44.294758	44.286842	44.282131	44.274235	44.267456	44.25827	44.254707	44.247692	44.244919	44.235271	44.22636	44.224972	44.218838	44.210621	44.203789	44.199146	44.193352	44.190971	44.182987	44.17971	44.173267	44.167103	44.163029	44.151138	44.144348	44.163399	44.162895	44.157146	44.157162	44.144836	44.142441	44.134983	44.130684	44.122437	44.125778	44.117081	44.114147	44.108234	44.099514	44.097397	44.090881	44.089439
809	44.560509	44.509609	44.481075	44.458969	44.444496	44.423889	44.411774	44.398087	44.388355	44.377594	44.364559	44.352734	44.348507	44.334785	44.325481	44.315575	44.309456	44.301949	44.295788	44.285114	44.276535	44.272266	44.265034	44.256195	44.248627	44.24472	44.239174	44.23513	44.225693	44.217701	44.215546	44.211514	44.202103	44.194038	44.189796	44.184464	44.183342	44.174652	44.170765	44.16518	44.15926	44.154079	44.143028	44.137936	44.155113	44.154739	44.147999	44.148983	44.137238	44.134506	44.128155	44.122528	44.115784	44.119514	44.111614	44.106434	44.102757	44.093147	44.090073	44.084557	44.083805
810	44.549587	44.500416	44.469986	44.44836	44.434498	44.412769	44.40023	44.388275	44.378262	44.367851	44.354935	44.342506	44.339081	44.325794	44.316364	44.306992	44.300877	44.293507	44.286324	44.276924	44.267509	44.264389	44.257565	44.247318	44.240887	44.236958	44.232346	44.227741	44.218063	44.21151	44.208458	44.205326	44.195427	44.186405	44.182701	44.177471	44.177235	44.168602	44.164013	44.158791	44.153191	44.147495	44.137253	44.132675	44.148598	44.148857	44.14119	44.143185	44.131462	44.128437	44.122894	44.117233	44.11113	44.115101	44.107368	44.100967	44.098629	44.088875	44.085121	44.080036	44.079643
811	44.539951	44.49337	44.462513	44.441147	44.427769	44.406845	44.392677	44.38245	44.370834	44.361488	44.349651	44.336315	44.332405	44.319561	44.310616	44.302319	44.294781	44.287868	44.280426	44.271606	44.261055	44.26038	44.253483	44.24308	44.236851	44.233509	44.228802	44.224964	44.21423	44.210045	44.205875	44.201397	44.192345	44.182861	44.179977	44.174145	44.174088	44.166943	44.161491	44.15572	44.150551	44.145473	44.135933	44.129677	44.1455	44.147346	44.13887	44.141926	44.129223	44.125977	44.120647	44.117367	44.110294	44.114216	44.105495	44.099796	44.097118	44.088612	44.084682	44.078999	44.078331
812	44.530098	44.48616	44.45488	44.433781	44.420891	44.400795	44.38496	44.376492	44.363243	44.35498	44.344246	44.32999	44.325577	44.313187	44.304737	44.297539	44.288544	44.282108	44.274406	44.266171	44.254448	44.256279	44.24931	44.238747	44.232719	44.229988	44.225182	44.222122	44.210308	44.208549	44.203232	44.197384	44.189186	44.179234	44.177189	44.170746	44.170868	44.165245	44.158916	44.152573	44.14785	44.143402	44.134583	44.126614	44.142334	44.145802	44.136501	44.140644	44.126926	44.123466	44.118355	44.117504	44.109436	44.113312	44.10358	44.098595	44.095566	44.088341	44.084229	44.077934	44.076984
813	44.520386	44.479076	44.447422	44.426586	44.414078	44.394836	44.377499	44.370674	44.355858	44.348675	44.339046	44.323845	44.318958	44.307007	44.299015	44.292934	44.282543	44.276577	44.268669	44.260929	44.248123	44.252369	44.245346	44.234585	44.228771	44.226639	44.221714	44.219467	44.206619	44.207203	44.200752	44.193565	44.186256	44.175888	44.174603	44.16758	44.167896	44.163696	44.156506	44.149719	44.145401	44.141502	44.133408	44.123806	44.139435	44.144482	44.134434	44.1395	44.124847	44.12122	44.116314	44.117817	44.108791	44.112568	44.101894	44.097553	44.094234	44.088196	44.083981	44.07711	44.075863
814	44.518566	44.478481	44.447918	44.426994	44.412102	44.394093	44.379787	44.370972	44.357113	44.350224	44.341091	44.325069	44.320503	44.308414	44.299725	44.294746	44.285038	44.279186	44.27269	44.262897	44.251541	44.254707	44.248215	44.236641	44.230946	44.229115	44.223576	44.222565	44.210133	44.209972	44.20327	44.196327	44.190014	44.18074	44.178093	44.171597	44.172146	44.166309	44.159321	44.155125	44.150105	44.144524	44.136993	44.128597	44.144302	44.149075	44.140606	44.14217	44.128807	44.12635	44.121246	44.122166	44.113464	44.115921	44.106388	44.100685	44.09874	44.091087	44.088554	44.08231	44.080486
815	44.516701	44.477867	44.448425	44.427402	44.41008	44.39333	44.38213	44.371273	44.358391	44.351799	44.343185	44.326317	44.322075	44.309853	44.300453	44.2966	44.287582	44.281857	44.276798	44.264908	44.255032	44.257103	44.251148	44.238731	44.233166	44.231644	44.225471	44.225727	44.213726	44.212811	44.205837	44.199146	44.193848	44.185703	44.181652	44.175701	44.176491	44.168983	44.162197	44.160648	44.154911	44.14761	44.140659	44.133492	44.149284	44.153774	44.146912	44.144897	44.132851	44.131599	44.126293	44.126606	44.118229	44.119347	44.110985	44.103893	44.103344	44.094048	44.093235	44.087627	44.085217
816	44.514801	44.477245	44.448948	44.42783	44.408009	44.392551	44.384525	44.371586	44.359699	44.353416	44.345325	44.327602	44.323689	44.311325	44.301197	44.298492	44.290188	44.284592	44.281002	44.266972	44.258602	44.259552	44.25415	44.240875	44.235432	44.234238	44.227413	44.22897	44.217403	44.215706	44.208466	44.202038	44.197777	44.190781	44.185299	44.179897	44.180939	44.171715	44.165142	44.166298	44.159828	44.150768	44.144405	44.138493	44.154373	44.158585	44.153358	44.147694	44.13699	44.136967	44.131454	44.131149	44.123112	44.122856	44.115685	44.107174	44.108055	44.097073	44.098019	44.093067	44.090057
817	44.51466	44.476761	44.44989	44.429241	44.409058	44.394432	44.386368	44.372852	44.361607	44.355213	44.348293	44.330532	44.326862	44.315063	44.304924	44.301853	44.292305	44.287006	44.283737	44.270432	44.263016	44.262215	44.257523	44.244705	44.23954	44.23856	44.23288	44.233288	44.222382	44.219086	44.212521	44.206707	44.203018	44.195793	44.189617	44.185101	44.185238	44.176762	44.169979	44.170597	44.165066	44.156364	44.149723	44.144608	44.160881	44.163326	44.15855	44.153156	44.14267	44.142281	44.137165	44.135666	44.127934	44.127853	44.121704	44.112656	44.113235	44.102364	44.103519	44.098606	44.096245
818	44.515194	44.476326	44.451008	44.431053	44.41132	44.397354	44.388027	44.3745	44.363766	44.357105	44.35162	44.334145	44.330677	44.319721	44.309864	44.30582	44.294254	44.289341	44.285931	44.274483	44.267811	44.264996	44.261082	44.249249	44.244411	44.243614	44.23978	44.238087	44.227936	44.222691	44.217178	44.212132	44.208839	44.200848	44.194256	44.190769	44.189533	44.182774	44.175617	44.174431	44.170502	44.162971	44.15572	44.15123	44.168034	44.168102	44.163326	44.159729	44.149025	44.147655	44.143166	44.140224	44.132797	44.133499	44.128304	44.119057	44.11866	44.108593	44.109379	44.104259	44.103046
819	44.515747	44.475883	44.452148	44.432907	44.413639	44.400356	44.389732	44.376194	44.365982	44.359039	44.35503	44.337849	44.334583	44.324493	44.314915	44.309887	44.296253	44.291733	44.288181	44.278629	44.272724	44.267841	44.264729	44.253891	44.249397	44.248791	44.246845	44.243004	44.233627	44.226391	44.221951	44.217686	44.214802	44.206024	44.199009	44.196568	44.193932	44.188927	44.181393	44.17836	44.176067	44.169735	44.161858	44.158005	44.175354	44.173	44.168213	44.166454	44.155525	44.153152	44.149303	44.144897	44.137772	44.139282	44.135063	44.12561	44.124218	44.114979	44.115372	44.110046	44.110008
820	44.514778	44.474255	44.452457	44.433292	44.414608	44.402416	44.390591	44.377026	44.367676	44.360435	44.356155	44.340672	44.337082	44.327103	44.318123	44.31234	44.298592	44.294338	44.290169	44.281456	44.276356	44.270218	44.267563	44.257919	44.253296	44.253277	44.25153	44.246284	44.237595	44.229446	44.225521	44.221832	44.218906	44.209736	44.202854	44.201279	44.198483	44.19352	44.186306	44.181992	44.18029	44.175209	44.166412	44.163239	44.180912	44.177074	44.172264	44.172119	44.1609	44.157932	44.15453	44.149784	44.142212	44.144394	44.14003	44.131386	44.12904	44.121185	44.120827	44.115273	44.115437
821	44.511604	44.470905	44.451542	44.431541	44.413601	44.403091	44.390213	44.376595	44.368599	44.361027	44.353958	44.342194	44.337498	44.326542	44.318623	44.312416	44.301395	44.297245	44.291759	44.282333	44.278088	44.271873	44.269188	44.261005	44.255566	44.256714	44.252716	44.247154	44.239021	44.231537	44.227318	44.223885	44.220268	44.211296	44.205345	44.204357	44.203201	44.195797	44.189919	44.18515	44.182514	44.178741	44.168629	44.166176	44.183857	44.179924	44.175053	44.176174	44.16457	44.161621	44.158382	44.154949	44.145813	44.148476	44.142342	44.135983	44.132744	44.127075	44.12545	44.119625	44.118572
822	44.508354	44.467484	44.450607	44.429756	44.412575	44.403786	44.389835	44.376152	44.369553	44.361629	44.351711	44.343754	44.337925	44.32597	44.319134	44.312492	44.304264	44.300224	44.293385	44.283237	44.279861	44.273575	44.270859	44.264168	44.257893	44.260231	44.253929	44.248051	44.240486	44.233681	44.229156	44.22599	44.221664	44.212894	44.207893	44.207512	44.208035	44.198135	44.193619	44.188385	44.184795	44.182362	44.170895	44.169189	44.186871	44.182838	44.17791	44.180328	44.168327	44.165398	44.162323	44.160236	44.149506	44.15266	44.144711	44.140682	44.136536	44.13311	44.13018	44.124081	44.121784
823	44.504543	44.4636	44.448872	44.427513	44.411041	44.403896	44.388958	44.375317	44.369991	44.361553	44.34922	44.34465	44.337784	44.324978	44.319008	44.312172	44.306492	44.302528	44.294395	44.283737	44.28093	44.274822	44.272034	44.266613	44.259552	44.262974	44.254627	44.248657	44.241516	44.235363	44.230412	44.227551	44.222572	44.214096	44.210003	44.210098	44.211941	44.200043	44.196892	44.191132	44.186749	44.185482	44.172813	44.171837	44.18927	44.185265	44.180386	44.183887	44.171505	44.168739	44.165714	44.16486	44.15271	44.156319	44.146774	44.144791	44.13987	44.138344	44.134377	44.128002	44.124615
824	44.496399	44.456318	44.44025	44.421627	44.40527	44.398716	44.383808	44.371048	44.365711	44.355328	44.345005	44.339436	44.332531	44.320469	44.313213	44.308342	44.30254	44.298367	44.289665	44.280556	44.275452	44.27174	44.268547	44.262169	44.254864	44.258163	44.250511	44.246624	44.238445	44.232586	44.226204	44.223942	44.218956	44.211533	44.207703	44.207062	44.206772	44.197723	44.19569	44.188969	44.185371	44.18351	44.171158	44.170753	44.185715	44.182816	44.178928	44.181423	44.168839	44.167561	44.163498	44.162689	44.150913	44.154568	44.145691	44.142792	44.1385	44.135426	44.132988	44.126377	44.123474
825	44.488056	44.448856	44.431419	44.4156	44.399357	44.393414	44.378532	44.36668	44.361324	44.348953	44.340679	44.334087	44.327148	44.315838	44.307274	44.30442	44.298489	44.294106	44.284813	44.277298	44.26984	44.268585	44.26498	44.257618	44.250061	44.253246	44.246292	44.244541	44.235302	44.22974	44.221897	44.220249	44.215248	44.2089	44.205345	44.203957	44.201477	44.195351	44.194466	44.186749	44.18396	44.181492	44.169464	44.169636	44.182076	44.180309	44.177441	44.178902	44.166107	44.166355	44.161232	44.160465	44.149075	44.152775	44.144588	44.140747	44.137093	44.132439	44.131569	44.124714	44.122307
826	44.479496	44.441208	44.422359	44.409416	44.393291	44.387974	44.373123	44.362198	44.356831	44.342415	44.33625	44.328602	44.321632	44.311096	44.301182	44.300392	44.294338	44.289734	44.279842	44.273956	44.264091	44.265347	44.261318	44.252949	44.245132	44.248196	44.241966	44.242401	44.232075	44.226822	44.21748	44.216454	44.211449	44.206207	44.202927	44.200768	44.196049	44.192913	44.193207	44.184475	44.18251	44.17942	44.167725	44.168495	44.178345	44.177738	44.175911	44.176311	44.163303	44.165115	44.158905	44.15818	44.147186	44.150932	44.143452	44.138649	44.135647	44.129372	44.130108	44.123001	44.121109
827	44.472473	44.435036	44.417004	44.404541	44.388538	44.381485	44.368092	44.356991	44.352222	44.339996	44.333134	44.32354	44.317963	44.308006	44.2981	44.296394	44.290257	44.286121	44.276222	44.270451	44.259666	44.2607	44.257538	44.250164	44.24221	44.245197	44.239143	44.239658	44.229172	44.223717	44.215214	44.214184	44.209129	44.203117	44.200382	44.197865	44.193748	44.189789	44.18951	44.182426	44.179405	44.176544	44.16584	44.165619	44.175663	44.173828	44.172768	44.172516	44.160149	44.16132	44.155121	44.154053	44.144981	44.147476	44.141022	44.136395	44.133896	44.126434	44.127514	44.121502	44.119392
828	44.465736	44.429146	44.412548	44.399921	44.384048	44.374584	44.363064	44.351494	44.347488	44.33865	44.330318	44.318504	44.314732	44.305317	44.29578	44.292339	44.286121	44.28265	44.272903	44.266834	44.255531	44.255577	44.253647	44.247837	44.239788	44.242699	44.236679	44.236702	44.226307	44.220501	44.213493	44.212284	44.207165	44.19986	44.197758	44.194981	44.192249	44.18642	44.185089	44.180401	44.175797	44.173393	44.163879	44.162216	44.173222	44.169487	44.169125	44.168316	44.156845	44.156761	44.150867	44.149342	44.142643	44.143509	44.138191	44.13406	44.132023	44.123474	44.124569	44.120026	44.1175
829	44.458828	44.423111	44.407974	44.395187	44.379448	44.367508	44.357914	44.345852	44.34264	44.337265	44.327431	44.313335	44.311424	44.302551	44.293392	44.288177	44.281879	44.279091	44.269501	44.26313	44.251286	44.250324	44.24966	44.245453	44.237297	44.240135	44.23415	44.233669	44.223362	44.217205	44.211735	44.210335	44.205151	44.196518	44.195061	44.192024	44.190716	44.182961	44.18055	44.178318	44.172089	44.170158	44.161865	44.15873	44.170708	44.165028	44.165386	44.164013	44.153454	44.152084	44.146503	44.144516	44.140247	44.139446	44.135288	44.131664	44.130104	44.120434	44.121544	44.118511	44.115562
830	44.451775	44.41618	44.402191	44.389561	44.373543	44.36161	44.352123	44.340141	44.337265	44.334167	44.323494	44.308044	44.30743	44.29874	44.289589	44.282871	44.276791	44.274242	44.264614	44.257656	44.245998	44.245644	44.244637	44.241611	44.232693	44.234905	44.229664	44.228725	44.218262	44.212833	44.208469	44.206936	44.20105	44.192074	44.191547	44.188004	44.187572	44.179161	44.175446	44.174122	44.168083	44.166119	44.157436	44.153683	44.166565	44.160027	44.161842	44.159801	44.149605	44.148029	44.141846	44.139244	44.135551	44.134819	44.131439	44.128559	44.126614	44.116776	44.11692	44.114777	44.111885
831	44.444576	44.408264	44.395058	44.38295	44.366192	44.357033	44.345634	44.334351	44.331326	44.329159	44.318398	44.30262	44.302689	44.293766	44.284206	44.276302	44.270771	44.26796	44.258083	44.250229	44.239559	44.241619	44.238464	44.236149	44.225727	44.226707	44.223003	44.221649	44.210754	44.207268	44.203533	44.201923	44.194637	44.186398	44.18713	44.182785	44.18264	44.174976	44.16972	44.167568	44.16375	44.161182	44.150311	44.146912	44.160599	44.15443	44.15852	44.155697	44.145248	44.144691	44.136871	44.133476	44.1283	44.12957	44.126549	44.12466	44.121365	44.112431	44.110508	44.108562	44.106266
832	44.437172	44.400127	44.38773	44.376156	44.358643	44.352322	44.338966	44.328396	44.325218	44.324009	44.313152	44.297047	44.297817	44.288654	44.278671	44.26955	44.264584	44.261497	44.251366	44.242588	44.232941	44.23748	44.232121	44.23053	44.218571	44.218277	44.216156	44.214371	44.203037	44.201546	44.198456	44.196762	44.188038	44.180561	44.182583	44.177425	44.177567	44.170673	44.163822	44.160831	44.159286	44.156105	44.142982	44.139946	44.154465	44.148678	44.155094	44.151478	44.14077	44.141251	44.131748	44.127552	44.120846	44.124176	44.121517	44.120651	44.115974	44.107967	44.103916	44.10218	44.100491
833	44.43047	44.392986	44.38084	44.369873	44.351891	44.347622	44.332947	44.322784	44.319366	44.318722	44.307701	44.292278	44.293274	44.283688	44.273437	44.263741	44.259026	44.255455	44.245598	44.23584	44.227188	44.233196	44.226517	44.225281	44.212383	44.211151	44.210068	44.208218	44.196316	44.196362	44.194054	44.192066	44.182365	44.175518	44.178383	44.172729	44.173092	44.167034	44.158657	44.155354	44.155327	44.151653	44.136719	44.134193	44.149136	44.144016	44.151733	44.147823	44.136894	44.138103	44.127541	44.122902	44.114979	44.119671	44.117371	44.11702	44.111176	44.104294	44.098709	44.096992	44.095768
834	44.428001	44.391613	44.376896	44.366856	44.34988	44.343452	44.330849	44.319462	44.315456	44.313305	44.301773	44.292004	44.290855	44.279995	44.27026	44.263248	44.25721	44.252144	44.245152	44.23423	44.226364	44.228676	44.225197	44.222454	44.211708	44.2113	44.208397	44.208324	44.195293	44.194443	44.193481	44.190144	44.181927	44.174984	44.176327	44.17186	44.172043	44.167099	44.157646	44.156757	44.15427	44.15078	44.136421	44.13512	44.148415	44.145317	44.149067	44.147377	44.136475	44.136745	44.128304	44.125103	44.117672	44.120087	44.118057	44.115665	44.109856	44.104977	44.100998	44.098354	44.096813
835	44.425468	44.390198	44.372837	44.36375	44.347813	44.339165	44.328693	44.316048	44.311443	44.307735	44.295673	44.291725	44.288372	44.276207	44.266994	44.262741	44.255344	44.248745	44.24469	44.232586	44.225513	44.22403	44.22385	44.219543	44.211018	44.211452	44.206688	44.208435	44.194252	44.192471	44.192894	44.188179	44.18148	44.174438	44.174221	44.170959	44.170967	44.167171	44.156609	44.158199	44.153183	44.149891	44.136116	44.136074	44.147671	44.146667	44.146328	44.146927	44.136055	44.135345	44.129101	44.127373	44.120441	44.120522	44.118771	44.114273	44.108505	44.105686	44.103348	44.099758	44.097893
836	44.422852	44.388741	44.368664	44.360554	44.345684	44.334747	44.326469	44.312534	44.307304	44.302002	44.289394	44.291435	44.285816	44.272301	44.263634	44.262218	44.253414	44.245243	44.244217	44.230888	44.224636	44.219246	44.222458	44.216545	44.2103	44.211613	44.204922	44.208546	44.193172	44.190437	44.192287	44.186142	44.181015	44.173874	44.17205	44.170036	44.169857	44.16724	44.155537	44.159683	44.152069	44.148972	44.135796	44.137051	44.146904	44.148045	44.143505	44.146454	44.135612	44.133907	44.129913	44.129707	44.123295	44.120968	44.119499	44.112839	44.107109	44.106407	44.105766	44.101196	44.098995
837	44.419949	44.386269	44.366364	44.357578	44.344128	44.333492	44.326225	44.312962	44.306053	44.301708	44.290924	44.291061	44.283695	44.271931	44.263016	44.259975	44.253189	44.246208	44.244724	44.231327	44.224892	44.220455	44.222393	44.217316	44.210442	44.212326	44.204849	44.207649	44.193909	44.19101	44.191833	44.185738	44.180714	44.175625	44.171391	44.17001	44.169693	44.168453	44.156277	44.157475	44.152271	44.148674	44.135849	44.139194	44.147034	44.149082	44.142761	44.145103	44.136131	44.134537	44.13102	44.130478	44.123249	44.122234	44.119808	44.114498	44.109837	44.108391	44.106354	44.101097	44.100334
838	44.416935	44.383568	44.364319	44.354568	44.342632	44.332722	44.326298	44.314041	44.305256	44.302307	44.293774	44.290668	44.281605	44.272137	44.262829	44.257393	44.253239	44.247936	44.245411	44.232124	44.225338	44.222679	44.222549	44.218727	44.210735	44.213154	44.205059	44.206562	44.194965	44.19202	44.191399	44.185593	44.180428	44.177807	44.170963	44.170139	44.169685	44.169895	44.157337	44.15461	44.152699	44.148476	44.135963	44.141586	44.14732	44.150097	44.142349	44.143578	44.136822	44.135521	44.13221	44.131023	44.122726	44.123669	44.120064	44.116703	44.113308	44.110634	44.106655	44.10075	44.101757
839	44.413818	44.380779	44.362198	44.351463	44.341084	44.331928	44.326374	44.315155	44.304424	44.302914	44.296703	44.290257	44.279446	44.272346	44.262642	44.25473	44.253288	44.249714	44.246113	44.232944	44.225796	44.224968	44.222706	44.220184	44.211033	44.214008	44.205269	44.205441	44.196053	44.193069	44.190948	44.18544	44.18013	44.18005	44.170521	44.170265	44.169678	44.171371	44.158424	44.151657	44.153133	44.148266	44.136082	44.144051	44.14761	44.151146	44.141918	44.142006	44.137531	44.136532	44.13343	44.13158	44.122185	44.125141	44.120323	44.118977	44.116886	44.112946	44.106964	44.100391	44.103222
840	44.4091	44.375671	44.358154	44.346989	44.337376	44.328667	44.323463	44.313316	44.301571	44.300922	44.295391	44.286816	44.276459	44.270424	44.26038	44.252769	44.251598	44.248272	44.243347	44.231144	44.22443	44.224537	44.221176	44.219517	44.210304	44.213192	44.204597	44.203873	44.195812	44.192818	44.189053	44.18465	44.17952	44.179909	44.17112	44.169983	44.169331	44.170841	44.158417	44.150951	44.153656	44.148743	44.136784	44.143848	44.146591	44.151081	44.141617	44.141735	44.138084	44.137215	44.13253	44.131824	44.120758	44.125942	44.119717	44.118656	44.117252	44.113247	44.106598	44.100975	44.10305
841	44.403023	44.368603	44.352478	44.341339	44.331844	44.323334	44.318047	44.30901	44.297012	44.296753	44.290535	44.28083	44.272778	44.266716	44.256378	44.251381	44.248463	44.244148	44.237682	44.227154	44.221535	44.221844	44.218235	44.217079	44.208725	44.210987	44.203194	44.201923	44.194473	44.191494	44.185932	44.183331	44.178658	44.177788	44.172585	44.169373	44.168709	44.168644	44.15749	44.152103	44.154255	44.149796	44.137985	44.141426	44.144485	44.150112	44.141426	44.142544	44.138504	44.137619	44.129868	44.131817	44.118576	44.126171	44.118385	44.116177	44.114948	44.111881	44.105663	44.102348	44.101532
842	44.396751	44.361317	44.346626	44.33551	44.326134	44.317829	44.312458	44.304565	44.292309	44.292454	44.285526	44.274651	44.268978	44.262882	44.252251	44.24995	44.245224	44.239895	44.231842	44.223034	44.218544	44.219063	44.215187	44.214565	44.207092	44.208717	44.20174	44.199909	44.193085	44.190128	44.18272	44.181973	44.177769	44.175594	44.174103	44.168736	44.168068	44.166378	44.156532	44.153294	44.154869	44.150887	44.139225	44.138931	44.142307	44.149105	44.141232	44.143383	44.138939	44.138042	44.127121	44.131805	44.116325	44.126408	44.117012	44.113621	44.112579	44.11047	44.104702	44.103767	44.09996
843	44.391327	44.355839	44.34222	44.331326	44.321678	44.313808	44.30809	44.300842	44.288544	44.288967	44.281361	44.26992	44.266388	44.260605	44.249149	44.248905	44.242798	44.237648	44.228172	44.22081	44.216831	44.217216	44.213467	44.213158	44.206203	44.207268	44.201004	44.199162	44.192364	44.189556	44.181461	44.181492	44.177864	44.174629	44.175426	44.168861	44.168423	44.165073	44.156189	44.154964	44.156651	44.152172	44.140991	44.138012	44.141273	44.148743	44.14209	44.14468	44.139561	44.139015	44.125877	44.132542	44.115768	44.126904	44.116928	44.112553	44.111683	44.110058	44.104881	44.105412	44.09948
844	44.388916	44.356415	44.342648	44.33255	44.321419	44.314674	44.307819	44.29961	44.287956	44.288239	44.280094	44.270004	44.267738	44.263332	44.249451	44.249134	44.243069	44.241814	44.23156	44.224632	44.219189	44.218399	44.215988	44.215317	44.207691	44.208492	44.202553	44.202427	44.193771	44.191471	44.18639	44.183765	44.181057	44.177567	44.176067	44.171352	44.171886	44.16687	44.157772	44.157993	44.161942	44.153965	44.144283	44.142101	44.143867	44.150414	44.146168	44.147335	44.140736	44.141647	44.129417	44.135563	44.120537	44.128151	44.120876	44.116226	44.115475	44.112778	44.108635	44.107635	44.102444
845	44.386433	44.357014	44.343082	44.333817	44.321152	44.315575	44.307537	44.298344	44.287346	44.287498	44.278786	44.270092	44.269142	44.266155	44.249767	44.249374	44.243351	44.246128	44.235058	44.228588	44.221634	44.219624	44.21859	44.217556	44.209232	44.20977	44.204151	44.205795	44.195232	44.193455	44.19149	44.186123	44.184364	44.180599	44.176735	44.173927	44.175465	44.168736	44.159416	44.161133	44.167419	44.15583	44.14769	44.14632	44.146557	44.152145	44.150387	44.150082	44.141953	44.144371	44.133076	44.13868	44.125469	44.129444	44.124958	44.120018	44.119404	44.115593	44.112514	44.109936	44.105515
846	44.383858	44.357632	44.343544	44.335129	44.320877	44.316505	44.307251	44.297035	44.286716	44.286724	44.277435	44.270187	44.270588	44.269073	44.250095	44.249622	44.243645	44.25058	44.238678	44.232674	44.224159	44.220886	44.221287	44.219868	44.210835	44.211082	44.205807	44.20929	44.196735	44.195507	44.196762	44.188553	44.187778	44.183739	44.177422	44.17659	44.179161	44.170658	44.161114	44.164371	44.17308	44.157749	44.151211	44.150688	44.149338	44.153934	44.154751	44.15292	44.143208	44.147186	44.136856	44.141907	44.130569	44.130783	44.129181	44.123943	44.123459	44.1185	44.116528	44.112316	44.108688
847	44.379749	44.352959	44.339405	44.330917	44.316223	44.312553	44.304611	44.293903	44.286175	44.286732	44.274773	44.268955	44.267567	44.266041	44.250652	44.245937	44.241188	44.247425	44.23661	44.228676	44.223274	44.219879	44.220154	44.216965	44.209343	44.211109	44.205006	44.208092	44.195099	44.194996	44.196934	44.188305	44.186951	44.181999	44.176903	44.175205	44.177734	44.169418	44.16193	44.164772	44.171181	44.15826	44.150043	44.149624	44.149143	44.151672	44.153751	44.152573	44.144779	44.145706	44.136112	44.140579	44.129734	44.132164	44.128971	44.12495	44.122181	44.116177	44.118126	44.110291	44.109146
848	44.375427	44.347836	44.334881	44.326252	44.311172	44.308186	44.301762	44.290581	44.285637	44.286797	44.271961	44.267609	44.264187	44.262562	44.251251	44.241909	44.238506	44.243725	44.23415	44.224075	44.22216	44.218712	44.218765	44.213657	44.20763	44.211067	44.204048	44.206585	44.193233	44.194321	44.196812	44.187893	44.185848	44.17992	44.176308	44.173534	44.175957	44.167953	44.162731	44.165024	44.168777	44.158703	44.148567	44.148216	44.148769	44.149101	44.152409	44.152027	44.14642	44.14394	44.135078	44.13895	44.128521	44.133602	44.128494	44.125828	44.120548	44.11348	44.119637	44.107941	44.109467
849	44.370964	44.342529	44.3302	44.32143	44.305946	44.303673	44.298813	44.28714	44.285072	44.286865	44.269051	44.266216	44.260693	44.258968	44.251869	44.237747	44.235725	44.239891	44.231606	44.219311	44.221008	44.217503	44.217327	44.210247	44.20586	44.211025	44.203049	44.205029	44.191299	44.193619	44.196682	44.187466	44.184704	44.177765	44.17569	44.171806	44.174118	44.166439	44.163555	44.165283	44.16629	44.159161	44.147034	44.146751	44.148376	44.146439	44.151016	44.151466	44.148113	44.142105	44.134003	44.137257	44.127266	44.135086	44.127998	44.126724	44.118855	44.110687	44.121193	44.105511	44.109795
850	44.373806	44.344757	44.334061	44.3242	44.309788	44.30582	44.30238	44.291489	44.289337	44.291077	44.273251	44.271797	44.264194	44.262756	44.256012	44.242973	44.240112	44.242157	44.235245	44.223377	44.225697	44.221191	44.222115	44.214664	44.211136	44.216309	44.209133	44.210426	44.195869	44.199116	44.200897	44.191814	44.189842	44.181271	44.179298	44.177826	44.179527	44.171982	44.170044	44.170586	44.171227	44.165211	44.152809	44.151463	44.154739	44.150505	44.155602	44.156509	44.153027	44.147171	44.14006	44.142677	44.132637	44.141556	44.133804	44.13126	44.123085	44.117432	44.126457	44.111938	44.115318
851	44.381001	44.35146	44.343014	44.331497	44.319031	44.311939	44.309849	44.300499	44.296505	44.29781	44.281719	44.28157	44.271877	44.270962	44.262302	44.253822	44.248798	44.248055	44.242588	44.232716	44.233898	44.227825	44.230652	44.223778	44.220661	44.224823	44.219486	44.220013	44.20435	44.208351	44.207733	44.199051	44.198769	44.188164	44.185455	44.188507	44.189301	44.181778	44.179962	44.178944	44.180618	44.17466	44.162987	44.159893	44.165184	44.1586	44.163784	44.164951	44.159912	44.156387	44.15041	44.152363	44.142002	44.15107	44.143425	44.138008	44.130871	44.12991	44.133984	44.123695	44.123993
852	44.388454	44.358398	44.35228	44.339043	44.328602	44.318272	44.317589	44.309826	44.303928	44.304771	44.290478	44.291687	44.279827	44.279457	44.268814	44.265057	44.257782	44.254154	44.250195	44.24239	44.24239	44.234695	44.239487	44.233212	44.230518	44.233635	44.230198	44.229935	44.21312	44.217918	44.214813	44.206532	44.208004	44.195305	44.19183	44.199562	44.199413	44.191921	44.190235	44.187599	44.190346	44.184433	44.173519	44.168621	44.175995	44.166981	44.172253	44.173683	44.167038	44.165928	44.161121	44.162395	44.151691	44.160919	44.153378	44.145	44.138927	44.142822	44.141781	44.13586	44.132973
853	44.394077	44.363197	44.358532	44.344158	44.335064	44.322742	44.323032	44.316463	44.309471	44.309814	44.296753	44.298054	44.2859	44.285576	44.273834	44.272831	44.264091	44.259224	44.256107	44.249733	44.248077	44.240208	44.245861	44.240208	44.237217	44.240128	44.237404	44.237225	44.219719	44.225269	44.219517	44.212402	44.215115	44.201221	44.196709	44.206936	44.206543	44.199066	44.197918	44.19397	44.197189	44.190277	44.180386	44.174686	44.183151	44.172832	44.178467	44.179016	44.172169	44.172813	44.16832	44.169018	44.158684	44.167606	44.159573	44.15015	44.144676	44.151291	44.146866	44.143917	44.139534
854	44.395718	44.363415	44.358341	44.344055	44.334896	44.323181	44.323566	44.317299	44.310932	44.310703	44.297672	44.296436	44.28788	44.286552	44.275604	44.273182	44.264629	44.26199	44.258327	44.252007	44.247765	44.242741	44.246914	44.241913	44.237137	44.241581	44.23708	44.2388	44.221577	44.227802	44.219143	44.21471	44.217552	44.204418	44.198341	44.206436	44.207275	44.199745	44.199986	44.1954	44.197838	44.187756	44.179436	44.175045	44.182495	44.173244	44.179802	44.177135	44.172974	44.173962	44.167999	44.168373	44.159843	44.167511	44.157776	44.15134	44.145439	44.150265	44.146183	44.143185	44.140873
855	44.397415	44.36364	44.358139	44.343948	44.334717	44.323643	44.32412	44.318165	44.312443	44.311626	44.298626	44.294758	44.289921	44.287563	44.277439	44.273548	44.265182	44.264851	44.260624	44.254364	44.247444	44.245358	44.248009	44.243671	44.237057	44.243084	44.236744	44.240425	44.223492	44.230415	44.21875	44.217102	44.220074	44.207729	44.200035	44.205914	44.208023	44.200455	44.202126	44.196873	44.198513	44.185154	44.178452	44.175415	44.181816	44.173668	44.181175	44.175186	44.17382	44.175156	44.167664	44.167709	44.161049	44.167416	44.155922	44.152565	44.146233	44.149208	44.145473	44.142426	44.142254
856	44.398937	44.363663	44.357712	44.343639	44.334316	44.323959	44.324505	44.318851	44.313759	44.312412	44.299488	44.292904	44.291805	44.288395	44.279114	44.273746	44.265644	44.267567	44.262733	44.256485	44.246952	44.247757	44.248981	44.245289	44.236809	44.244392	44.236176	44.241844	44.225197	44.23288	44.218246	44.219322	44.222389	44.210838	44.201668	44.2052	44.208572	44.201042	44.204094	44.198174	44.199043	44.182487	44.177357	44.175652	44.180962	44.174072	44.182426	44.173145	44.174553	44.176205	44.16716	44.166817	44.162022	44.167145	44.153996	44.153667	44.146835	44.147976	44.144638	44.141502	44.143501
857	44.39386	44.35775	44.350918	44.337749	44.327839	44.31974	44.319775	44.313774	44.308071	44.308617	44.297131	44.287663	44.287327	44.283165	44.274597	44.268974	44.263084	44.263561	44.257431	44.249866	44.242004	44.241604	44.245628	44.241093	44.232132	44.238705	44.229309	44.235855	44.218937	44.228657	44.215	44.214531	44.216606	44.205303	44.20015	44.199657	44.202648	44.197689	44.199139	44.193295	44.194965	44.18074	44.174049	44.171886	44.175713	44.173668	44.178764	44.170383	44.171726	44.172188	44.162472	44.160301	44.155334	44.162025	44.151958	44.150146	44.141468	44.142975	44.14106	44.136921	44.139645
858	44.388622	44.35165	44.34391	44.331669	44.321156	44.315395	44.314899	44.308533	44.302212	44.304703	44.294704	44.282257	44.282707	44.277771	44.269951	44.26405	44.260445	44.259434	44.251968	44.243038	44.2369	44.23526	44.242172	44.236767	44.227306	44.232838	44.222233	44.229679	44.212482	44.2243	44.211655	44.209591	44.21064	44.199589	44.198589	44.193939	44.196541	44.194237	44.194031	44.188267	44.190758	44.178947	44.170647	44.168003	44.170307	44.17326	44.174995	44.167534	44.168812	44.168045	44.157642	44.15358	44.148445	44.156742	44.149868	44.146523	44.135937	44.137821	44.137375	44.132195	44.13567
859	44.383205	44.345337	44.336666	44.325386	44.31424	44.310902	44.309856	44.303112	44.296143	44.300655	44.292198	44.276665	44.277927	44.272194	44.265133	44.258957	44.257717	44.255161	44.246311	44.235977	44.231617	44.228695	44.238598	44.232288	44.222309	44.226772	44.214909	44.223289	44.205799	44.219795	44.208191	44.204479	44.204472	44.19368	44.196968	44.188023	44.19022	44.190659	44.188747	44.183067	44.186405	44.17709	44.167122	44.163982	44.164711	44.172825	44.171097	44.164581	44.165794	44.163761	44.152641	44.146626	44.141312	44.151279	44.147701	44.142769	44.130211	44.132488	44.13356	44.127304	44.131557
860	44.3783	44.342007	44.333042	44.321892	44.310715	44.307663	44.306595	44.300266	44.294441	44.295486	44.288555	44.275394	44.274227	44.268269	44.262341	44.256615	44.255009	44.252266	44.241924	44.235088	44.229168	44.226391	44.234295	44.228268	44.219364	44.223579	44.211693	44.219498	44.203396	44.215683	44.204102	44.201557	44.19978	44.19054	44.194191	44.18502	44.187328	44.186527	44.185387	44.17926	44.180943	44.174206	44.163261	44.161083	44.161785	44.169353	44.167511	44.164127	44.163528	44.160446	44.150337	44.144245	44.138687	44.148697	44.145317	44.13876	44.127777	44.130054	44.131027	44.124866	44.128517
861	44.373493	44.339767	44.330742	44.319412	44.308418	44.304855	44.303955	44.298355	44.294388	44.289787	44.284416	44.275768	44.27087	44.264908	44.260277	44.255291	44.252266	44.249851	44.237946	44.236565	44.227764	44.225685	44.229633	44.224342	44.217144	44.221432	44.210007	44.216637	44.202587	44.211643	44.199688	44.199417	44.195576	44.188412	44.190914	44.183071	44.185699	44.182102	44.182709	44.175926	44.174938	44.170879	44.159199	44.158566	44.159832	44.16465	44.163982	44.164623	44.16151	44.157452	44.149033	44.143581	44.137745	44.147179	44.142818	44.134575	44.126564	44.128693	44.128937	44.123325	44.125832
862	44.368526	44.337444	44.328358	44.316841	44.306042	44.301952	44.301224	44.296383	44.294323	44.283894	44.280128	44.27615	44.267399	44.261429	44.258137	44.253914	44.249424	44.247349	44.233829	44.238083	44.226307	44.224945	44.224815	44.220284	44.214855	44.219212	44.208248	44.213669	44.201744	44.207466	44.195118	44.197201	44.191223	44.186203	44.187519	44.181061	44.18401	44.177525	44.179932	44.17247	44.168732	44.167439	44.154991	44.155952	44.15781	44.159782	44.160332	44.165131	44.15942	44.15435	44.147675	44.142887	44.136768	44.145603	44.140224	44.130241	44.125305	44.127281	44.126778	44.121731	44.123051
863	44.362633	44.332432	44.324249	44.312706	44.300995	44.297226	44.295891	44.29142	44.290596	44.277912	44.273655	44.27272	44.262184	44.256046	44.253475	44.249554	44.244587	44.242439	44.228588	44.234982	44.222244	44.221088	44.219135	44.215687	44.211048	44.214813	44.204262	44.208473	44.198414	44.201469	44.190132	44.192539	44.186382	44.181751	44.180897	44.177311	44.179855	44.173161	44.175854	44.167198	44.163097	44.163212	44.150318	44.151928	44.15472	44.155331	44.156467	44.161842	44.154854	44.150566	44.144585	44.139366	44.133904	44.142075	44.135609	44.12582	44.122486	44.124424	44.123146	44.119186	44.118538
864	44.355541	44.32378	44.317802	44.306461	44.29232	44.290051	44.287037	44.282394	44.281849	44.271889	44.264248	44.264076	44.254639	44.248112	44.245399	44.241123	44.237049	44.234283	44.221863	44.225536	44.214638	44.212975	44.212357	44.210407	44.205208	44.207474	44.197239	44.200253	44.191692	44.193039	44.184639	44.184547	44.180916	44.174271	44.169895	44.171219	44.172344	44.169147	44.170029	44.159481	44.158337	44.157963	44.145058	44.146011	44.150211	44.151516	44.152378	44.153358	44.146938	44.145893	44.13913	44.131981	44.128475	44.135902	44.128258	44.12133	44.117554	44.119625	44.117542	44.115372	44.111691
865	44.348213	44.314842	44.311142	44.300014	44.28336	44.282639	44.277893	44.273075	44.272816	44.265663	44.254528	44.25515	44.246841	44.23991	44.237053	44.232407	44.229259	44.225853	44.214916	44.215775	44.206776	44.204594	44.205349	44.204952	44.199173	44.199898	44.189987	44.191761	44.184738	44.184326	44.178963	44.176296	44.175278	44.166542	44.158524	44.164925	44.164581	44.164993	44.164009	44.151505	44.153416	44.152538	44.139622	44.139896	44.145554	44.147568	44.148151	44.144588	44.13876	44.141068	44.133492	44.124344	44.122864	44.12952	44.120659	44.116692	44.112457	44.114658	44.111752	44.111423	44.104614
866	44.341679	44.307007	44.30521	44.294048	44.275734	44.275867	44.269619	44.264633	44.264824	44.259945	44.246056	44.247036	44.239758	44.232952	44.22963	44.224911	44.222279	44.218384	44.209099	44.207565	44.200169	44.19751	44.199184	44.20015	44.193825	44.193424	44.183899	44.183952	44.17878	44.176884	44.174397	44.169346	44.170074	44.159966	44.148613	44.159592	44.157848	44.161667	44.158821	44.144569	44.149422	44.147709	44.135086	44.134632	44.141731	44.14423	44.14452	44.137062	44.131882	44.136917	44.128639	44.117939	44.118084	44.124187	44.114029	44.112968	44.108223	44.110401	44.106869	44.108025	44.098869
867	44.341862	44.308281	44.305435	44.292564	44.278767	44.274815	44.268978	44.263916	44.265537	44.258846	44.24781	44.246147	44.238953	44.235931	44.23	44.227253	44.222225	44.218987	44.212212	44.211681	44.203445	44.200745	44.199989	44.200771	44.194248	44.195885	44.187027	44.182373	44.180805	44.179592	44.178398	44.172756	44.168896	44.162613	44.150677	44.161926	44.159542	44.16465	44.160324	44.146164	44.152622	44.147915	44.13765	44.136272	44.144402	44.14571	44.145699	44.139561	44.135319	44.138287	44.130077	44.121258	44.119976	44.12709	44.115345	44.116314	44.110775	44.111866	44.1092	44.109039	44.103424
868	44.342049	44.309593	44.30566	44.291027	44.281895	44.273716	44.268314	44.263172	44.266273	44.257706	44.249611	44.245224	44.238121	44.238998	44.230373	44.229664	44.222164	44.219601	44.21542	44.215919	44.206829	44.204086	44.200821	44.201408	44.194675	44.198421	44.19025	44.18074	44.182892	44.182384	44.182522	44.176273	44.167675	44.16534	44.152798	44.164337	44.161285	44.167721	44.161873	44.147797	44.155922	44.148125	44.140289	44.137955	44.147148	44.147232	44.146912	44.142132	44.138859	44.13969	44.131561	44.12468	44.121922	44.130085	44.116695	44.119759	44.113407	44.113369	44.111591	44.110085	44.10812
869	44.342243	44.310955	44.305904	44.289444	44.285126	44.272594	44.267632	44.262402	44.267036	44.256535	44.251476	44.24427	44.237267	44.242168	44.230766	44.232155	44.222107	44.220242	44.218739	44.220303	44.210323	44.207539	44.201687	44.202072	44.195122	44.201042	44.193581	44.179066	44.185047	44.185272	44.186787	44.179909	44.166416	44.168167	44.154991	44.166824	44.163097	44.170902	44.163483	44.14949	44.159328	44.148342	44.143028	44.139706	44.149994	44.148811	44.148167	44.144787	44.142521	44.141148	44.133099	44.128216	44.123936	44.133179	44.118099	44.123318	44.116127	44.114925	44.114071	44.111164	44.112972
870	44.341427	44.311539	44.306858	44.292194	44.287674	44.276638	44.268379	44.26548	44.267662	44.259285	44.25433	44.244576	44.23991	44.24316	44.230503	44.233166	44.223534	44.222298	44.219269	44.221664	44.2131	44.210274	44.204796	44.202377	44.19709	44.202026	44.193256	44.183407	44.187088	44.187889	44.187244	44.182312	44.168877	44.168045	44.158798	44.168327	44.166134	44.170967	44.165592	44.151173	44.160717	44.15163	44.146053	44.1418	44.150631	44.151714	44.151276	44.146572	44.144714	44.145	44.135788	44.133247	44.127125	44.136055	44.122272	44.126053	44.120144	44.119713	44.116409	44.113403	44.116329
871	44.340385	44.311985	44.307995	44.295929	44.290138	44.281879	44.269451	44.269455	44.268288	44.262943	44.257469	44.245167	44.24337	44.243725	44.230103	44.233902	44.225315	44.224716	44.219242	44.222435	44.215809	44.212933	44.208462	44.202625	44.199432	44.202705	44.192162	44.189133	44.189167	44.190525	44.186928	44.184532	44.172195	44.167313	44.163048	44.169678	44.169514	44.170391	44.167881	44.152897	44.161724	44.155659	44.149227	44.144035	44.150822	44.154976	44.154858	44.148228	44.146667	44.149464	44.138802	44.138725	44.130653	44.138958	44.127144	44.128696	44.124542	44.125301	44.11879	44.115955	44.119473
872	44.339298	44.312439	44.309158	44.299786	44.292679	44.287273	44.27055	44.27354	44.268929	44.266705	44.260704	44.245762	44.246933	44.244297	44.229687	44.23465	44.227142	44.227203	44.2192	44.223225	44.218597	44.215672	44.212238	44.202873	44.201843	44.203396	44.191025	44.19503	44.191303	44.193237	44.186588	44.186817	44.175606	44.166553	44.167423	44.171055	44.172997	44.169788	44.170227	44.154675	44.162754	44.159801	44.152493	44.146328	44.151012	44.158333	44.158546	44.149925	44.148674	44.154064	44.141899	44.144363	44.134285	44.141949	44.132156	44.131409	44.129074	44.131065	44.121235	44.118576	44.122704
873	44.33952	44.314987	44.31226	44.303616	44.295464	44.290176	44.273846	44.276855	44.270004	44.269444	44.2635	44.247475	44.250675	44.247192	44.232048	44.235863	44.231705	44.230389	44.222866	44.225029	44.221619	44.218464	44.215317	44.205631	44.205456	44.207523	44.193806	44.200439	44.193432	44.194328	44.187855	44.188797	44.180569	44.169498	44.172482	44.173317	44.177429	44.172356	44.173428	44.158203	44.165691	44.161972	44.155209	44.14859	44.153687	44.1609	44.16206	44.152893	44.150753	44.158398	44.145233	44.147797	44.137028	44.144146	44.135849	44.134235	44.132507	44.13414	44.124268	44.120888	44.125042
874	44.340923	44.319439	44.317131	44.307434	44.298473	44.290821	44.279152	44.279465	44.271481	44.271255	44.265903	44.250202	44.254597	44.252205	44.236935	44.237499	44.238762	44.234226	44.229897	44.227753	44.224861	44.221317	44.217777	44.21069	44.210163	44.214775	44.200165	44.205418	44.195553	44.193954	44.190578	44.19051	44.186954	44.175823	44.178165	44.176388	44.182732	44.177811	44.177414	44.163326	44.170357	44.162357	44.157429	44.150822	44.158627	44.162754	44.165413	44.157021	44.152908	44.162498	44.148785	44.149216	44.138969	44.145626	44.138344	44.137157	44.134949	44.134781	44.127838	44.122921	44.126564
875	44.342377	44.324036	44.322155	44.311382	44.301582	44.291489	44.28463	44.282158	44.273006	44.273125	44.268383	44.253021	44.258644	44.257374	44.241982	44.239189	44.246044	44.238186	44.237156	44.230564	44.22821	44.224266	44.220322	44.215904	44.215023	44.222263	44.206722	44.210552	44.197746	44.193569	44.19339	44.192272	44.193539	44.182354	44.184032	44.179558	44.188213	44.183445	44.18153	44.168613	44.175171	44.162758	44.159721	44.15313	44.163727	44.164669	44.168877	44.161282	44.155128	44.166729	44.152454	44.150688	44.140976	44.147156	44.140919	44.140182	44.13747	44.135441	44.131527	44.125023	44.128139
876	44.345398	44.32848	44.326813	44.315441	44.305119	44.293671	44.289574	44.284908	44.27515	44.27565	44.270844	44.256393	44.263306	44.262272	44.247009	44.242561	44.251713	44.242126	44.243313	44.233604	44.23127	44.227867	44.223003	44.221237	44.219475	44.228943	44.212791	44.215569	44.201008	44.194595	44.19698	44.194645	44.199867	44.188263	44.189598	44.183582	44.193058	44.189381	44.18515	44.173862	44.179459	44.16415	44.16209	44.156021	44.169151	44.1674	44.172222	44.166153	44.158104	44.170975	44.156101	44.153587	44.143192	44.149841	44.144173	44.143814	44.140762	44.137547	44.135319	44.127602	44.130604
877	44.353439	44.332092	44.329922	44.319584	44.309834	44.300732	44.292393	44.287663	44.279198	44.280182	44.273033	44.261368	44.269695	44.265896	44.251614	44.251286	44.251598	44.245705	44.245354	44.237183	44.233135	44.233395	44.225952	44.226547	44.222252	44.232456	44.216793	44.219845	44.207588	44.200249	44.202908	44.198864	44.204876	44.191673	44.193741	44.190155	44.195457	44.195919	44.18684	44.178623	44.181667	44.16877	44.164528	44.160645	44.175278	44.172665	44.174923	44.172714	44.163353	44.174976	44.159409	44.161045	44.145958	44.15617	44.149464	44.14922	44.146366	44.144295	44.139168	44.131584	44.135822
878	44.361706	44.335808	44.333122	44.323845	44.314682	44.307995	44.295292	44.290497	44.28336	44.284847	44.275291	44.266491	44.276272	44.269627	44.256351	44.260262	44.251488	44.249382	44.247456	44.24086	44.235058	44.239079	44.228981	44.232014	44.225113	44.236065	44.220905	44.224247	44.214359	44.206062	44.209003	44.203205	44.21003	44.195179	44.198006	44.196911	44.197926	44.202637	44.188576	44.183521	44.183937	44.173523	44.167034	44.165401	44.18158	44.178082	44.177704	44.17947	44.168758	44.179092	44.162811	44.16872	44.148808	44.162682	44.154911	44.154785	44.15213	44.151245	44.143131	44.135677	44.14119
879	44.370209	44.339626	44.336407	44.328228	44.319668	44.315468	44.298275	44.293404	44.28764	44.289642	44.277603	44.271751	44.283035	44.273457	44.261219	44.269497	44.251358	44.253166	44.249611	44.24464	44.237034	44.244926	44.232098	44.237633	44.22805	44.239773	44.225128	44.228764	44.221317	44.212036	44.215271	44.207661	44.215328	44.19878	44.202389	44.203869	44.200466	44.209553	44.190361	44.188549	44.186272	44.17841	44.169613	44.170292	44.188057	44.183647	44.180557	44.186409	44.174313	44.183323	44.166313	44.176613	44.15173	44.169376	44.160507	44.1605	44.158058	44.158386	44.147198	44.139885	44.146709
880	44.380413	44.349281	44.346695	44.336945	44.328896	44.321957	44.308872	44.303699	44.298061	44.297409	44.288845	44.281792	44.291183	44.282021	44.271217	44.277382	44.262939	44.262997	44.259766	44.254833	44.245487	44.252651	44.241142	44.247486	44.237385	44.247185	44.234978	44.236084	44.230099	44.22382	44.222046	44.214588	44.223576	44.208134	44.212185	44.213947	44.211071	44.217232	44.204205	44.197029	44.198681	44.191223	44.180645	44.181	44.194965	44.193508	44.193165	44.194736	44.183464	44.193924	44.176655	44.186283	44.161846	44.179119	44.170303	44.168655	44.167606	44.166599	44.159801	44.15181	44.158207
881	44.390984	44.359547	44.357689	44.346153	44.338627	44.32856	44.320221	44.314724	44.309132	44.305565	44.300926	44.292385	44.299633	44.291103	44.281792	44.285385	44.275551	44.273453	44.270687	44.265682	44.254566	44.260693	44.25079	44.257858	44.24736	44.255024	44.245426	44.243767	44.239216	44.236263	44.229027	44.221844	44.232224	44.218082	44.222572	44.224487	44.222458	44.225159	44.219166	44.20594	44.212048	44.204865	44.192493	44.192345	44.20208	44.203888	44.206699	44.203362	44.193069	44.205196	44.187683	44.196312	44.172676	44.189297	44.180618	44.177174	44.177624	44.175091	44.173252	44.164516	44.170376
882	44.401848	44.370098	44.36898	44.355618	44.348625	44.335335	44.331886	44.326054	44.320515	44.313942	44.313347	44.303276	44.308311	44.300434	44.29266	44.293606	44.288517	44.284203	44.28191	44.276836	44.263893	44.268951	44.260712	44.268517	44.257618	44.263073	44.256165	44.251659	44.248585	44.249058	44.236198	44.229298	44.241112	44.22831	44.233246	44.235317	44.234158	44.233303	44.234543	44.215099	44.22578	44.21888	44.20467	44.20401	44.209385	44.214558	44.220619	44.212227	44.202946	44.216778	44.199024	44.206612	44.1838	44.19976	44.191216	44.185932	44.187923	44.183819	44.187084	44.177586	44.182884
883	44.413807	44.380749	44.381325	44.36533	44.358723	44.345932	44.34219	44.336357	44.329777	44.32468	44.323769	44.313141	44.318356	44.30938	44.302006	44.303104	44.298077	44.293606	44.292732	44.287254	44.274639	44.279774	44.272736	44.278091	44.265945	44.270992	44.26685	44.261448	44.257866	44.261269	44.246609	44.23967	44.249817	44.239925	44.24321	44.245014	44.24424	44.243534	44.24604	44.225876	44.237541	44.229336	44.215946	44.214245	44.219532	44.225708	44.234005	44.222622	44.214474	44.227184	44.209442	44.217567	44.194016	44.208096	44.201298	44.196739	44.197956	44.192905	44.198635	44.190132	44.192238
884	44.42651	44.391563	44.39439	44.375282	44.368988	44.358791	44.351841	44.346195	44.337948	44.336868	44.333179	44.32254	44.329269	44.318199	44.310604	44.313423	44.305824	44.302353	44.303444	44.297363	44.286301	44.292164	44.286083	44.287159	44.27327	44.278912	44.277615	44.272408	44.267197	44.273277	44.258953	44.251793	44.258511	44.252445	44.252869	44.254173	44.253521	44.255047	44.255478	44.237682	44.248318	44.237892	44.22683	44.223789	44.231392	44.237251	44.247238	44.233994	44.227047	44.23703	44.219448	44.229004	44.203819	44.215317	44.211201	44.20882	44.207943	44.202301	44.20903	44.202526	44.199909
885	44.439552	44.402676	44.40781	44.385509	44.379528	44.372005	44.361752	44.3563	44.346336	44.349388	44.342838	44.332195	44.340485	44.327259	44.319427	44.324028	44.313789	44.31134	44.314445	44.307751	44.298275	44.304882	44.299789	44.296478	44.280796	44.287048	44.288673	44.283661	44.276779	44.285618	44.271633	44.264244	44.267445	44.265305	44.262798	44.263584	44.263054	44.266872	44.265171	44.249809	44.25938	44.246681	44.23801	44.233589	44.243568	44.249107	44.260822	44.24567	44.239967	44.247143	44.229729	44.240746	44.213894	44.22274	44.221371	44.22123	44.218208	44.211952	44.219704	44.215248	44.207794
886	44.450314	44.412224	44.417324	44.394684	44.388741	44.382275	44.370518	44.365074	44.355179	44.360348	44.351978	44.341568	44.349869	44.335686	44.328243	44.332882	44.322441	44.319542	44.32299	44.317211	44.308304	44.313511	44.310448	44.305847	44.289536	44.295742	44.298153	44.293968	44.286041	44.295246	44.283737	44.275536	44.276188	44.277069	44.273956	44.273582	44.272514	44.276993	44.274841	44.261211	44.268154	44.255817	44.247334	44.242851	44.254395	44.258591	44.272335	44.256657	44.250748	44.255615	44.238758	44.250645	44.22406	44.230808	44.231884	44.23307	44.227943	44.222507	44.230637	44.22612	44.216774
887	44.456554	44.418655	44.419292	44.401707	44.395275	44.386803	44.376953	44.371159	44.364704	44.36816	44.359951	44.350227	44.355621	44.342762	44.336868	44.338272	44.332222	44.326138	44.326748	44.32473	44.31448	44.314266	44.31514	44.31514	44.3004	44.305317	44.304466	44.30228	44.294529	44.299606	44.294529	44.284435	44.284405	44.286537	44.287224	44.284515	44.281647	44.283718	44.284279	44.271019	44.27243	44.265419	44.252987	44.250916	44.26247	44.263424	44.279682	44.266132	44.257267	44.260822	44.245258	44.256889	44.234207	44.239944	44.242813	44.243614	44.236488	44.234554	44.241829	44.23328	44.22765
888	44.462952	44.425243	44.421307	44.408909	44.401978	44.391449	44.383545	44.377399	44.374474	44.376167	44.36813	44.359112	44.361515	44.350018	44.345711	44.343803	44.342255	44.332893	44.330601	44.332443	44.320805	44.315029	44.31995	44.324677	44.311543	44.315136	44.310936	44.310814	44.303234	44.304066	44.305592	44.29356	44.292839	44.296246	44.300835	44.295727	44.291012	44.290611	44.293957	44.281082	44.27681	44.275265	44.258781	44.259178	44.270752	44.268383	44.287216	44.275852	44.263947	44.266163	44.251919	44.263287	44.244614	44.249313	44.254032	44.254421	44.245262	44.24691	44.253315	44.240616	44.2388
889	44.469044	44.431404	44.423233	44.415859	44.408451	44.395748	44.390041	44.383308	44.383835	44.383713	44.375931	44.367672	44.367123	44.357025	44.354137	44.34901	44.351845	44.339531	44.334362	44.339767	44.327	44.315861	44.324646	44.333595	44.322292	44.3246	44.317188	44.318886	44.311611	44.308445	44.316021	44.302387	44.300877	44.30542	44.313461	44.306499	44.299854	44.297127	44.303169	44.290699	44.281109	44.28466	44.264393	44.267136	44.278652	44.27327	44.294258	44.284996	44.270481	44.271309	44.258434	44.269432	44.254696	44.258423	44.264889	44.264679	44.253475	44.258736	44.26421	44.247677	44.249462
890	44.468201	44.428631	44.42321	44.416451	44.409088	44.393211	44.39257	44.381893	44.383423	44.381302	44.375134	44.368046	44.366207	44.357544	44.352901	44.347279	44.351006	44.341812	44.33543	44.338341	44.328827	44.317398	44.325874	44.3298	44.322914	44.325111	44.317745	44.316895	44.311951	44.309883	44.312702	44.303314	44.299934	44.302963	44.306259	44.306484	44.297325	44.295414	44.301826	44.289902	44.282463	44.283642	44.265099	44.267307	44.27784	44.275238	44.29108	44.281834	44.272266	44.271534	44.260204	44.269352	44.255985	44.260052	44.266174	44.26268	44.250042	44.257942	44.262062	44.247879	44.248547
891	44.467331	44.425774	44.423176	44.417046	44.409729	44.390602	44.395157	44.380428	44.382999	44.378819	44.374302	44.36842	44.365257	44.358063	44.351624	44.345493	44.35014	44.344151	44.336525	44.336864	44.330696	44.31897	44.327122	44.325897	44.323547	44.32563	44.31831	44.314842	44.312294	44.311352	44.309296	44.30426	44.298954	44.300434	44.298851	44.306461	44.29472	44.293655	44.300442	44.289078	44.283848	44.282585	44.265812	44.267475	44.276993	44.277248	44.287807	44.278587	44.274094	44.271763	44.262009	44.269257	44.257309	44.261711	44.267483	44.260616	44.246502	44.257118	44.259842	44.24807	44.247593
892	44.466438	44.422844	44.423145	44.41766	44.410389	44.38792	44.397823	44.378933	44.382565	44.37627	44.373455	44.368813	44.364285	44.358604	44.350319	44.343662	44.349255	44.346558	44.337646	44.335358	44.332619	44.320587	44.328411	44.321888	44.3242	44.326168	44.318893	44.312733	44.312649	44.312866	44.305794	44.305237	44.297951	44.297836	44.291245	44.306438	44.292046	44.291843	44.299023	44.288231	44.285282	44.281502	44.266556	44.267654	44.276131	44.27932	44.284454	44.275249	44.27597	44.271999	44.263874	44.269173	44.258671	44.263424	44.268837	44.258503	44.24287	44.256271	44.257568	44.24828	44.24662
893	44.455643	44.415016	44.416805	44.407516	44.400059	44.382431	44.386219	44.369949	44.372486	44.366322	44.362385	44.360508	44.355957	44.349079	44.339931	44.333084	44.338032	44.338142	44.328274	44.326714	44.323952	44.311604	44.320354	44.313671	44.314114	44.317677	44.311604	44.303715	44.303516	44.305153	44.296722	44.295715	44.287891	44.28706	44.278881	44.294514	44.285778	44.282562	44.288639	44.278446	44.280708	44.273319	44.259327	44.259502	44.267475	44.27449	44.274841	44.264862	44.266472	44.264256	44.255733	44.262577	44.250237	44.25536	44.260628	44.248566	44.233803	44.244892	44.249084	44.237289	44.239353
894	44.441593	44.405537	44.408398	44.393856	44.386147	44.375969	44.370007	44.35849	44.359249	44.353905	44.347954	44.349365	44.345211	44.336277	44.326546	44.319603	44.323418	44.326244	44.315483	44.315712	44.311859	44.299191	44.309269	44.304001	44.300522	44.306248	44.30175	44.2924	44.291286	44.294456	44.285755	44.282776	44.274841	44.273548	44.264805	44.278694	44.278282	44.270802	44.275303	44.265728	44.2742	44.262783	44.249512	44.248631	44.25626	44.267445	44.26313	44.252102	44.253281	44.253895	44.244358	44.253857	44.238632	44.244129	44.249317	44.236038	44.222874	44.230045	44.238518	44.222641	44.230015
895	44.427151	44.39579	44.399761	44.379822	44.371849	44.369324	44.35334	44.346706	44.345642	44.341145	44.333122	44.337917	44.33416	44.323112	44.31279	44.305748	44.308395	44.314014	44.302334	44.304401	44.299427	44.28643	44.297867	44.294056	44.286556	44.294502	44.291622	44.280766	44.278725	44.283463	44.274487	44.269482	44.261436	44.259659	44.25034	44.262432	44.270576	44.258709	44.261593	44.252647	44.267509	44.251961	44.239418	44.237457	44.244732	44.260197	44.251087	44.238991	44.239727	44.243252	44.232662	44.244896	44.226704	44.232582	44.23769	44.223156	44.211643	44.214787	44.227661	44.207588	44.220413
896	44.416698	44.388374	44.390278	44.371433	44.361855	44.363014	44.342789	44.337589	44.335098	44.333561	44.326103	44.327946	44.325943	44.314445	44.305538	44.298546	44.298492	44.304665	44.297131	44.296822	44.290394	44.280426	44.288925	44.286686	44.278114	44.286545	44.284138	44.273678	44.271355	44.277489	44.267334	44.264282	44.255749	44.251839	44.243195	44.253292	44.265522	44.25206	44.253204	44.244606	44.261246	44.245346	44.233929	44.230774	44.237167	44.25285	44.243137	44.231365	44.231945	44.236599	44.224854	44.236977	44.218807	44.226727	44.227936	44.215248	44.20454	44.207058	44.219063	44.198647	44.213036
897	44.410759	44.383614	44.379879	44.369431	44.356724	44.357113	44.339119	44.33149	44.328018	44.331806	44.327866	44.319668	44.320942	44.31086	44.305592	44.29882	44.294365	44.298573	44.300846	44.293457	44.28521	44.282021	44.282776	44.282238	44.275909	44.282883	44.279652	44.271721	44.269833	44.277153	44.264812	44.268166	44.258724	44.250832	44.244267	44.252148	44.263447	44.251534	44.250809	44.242249	44.255497	44.243458	44.233616	44.22916	44.23407	44.245415	44.239815	44.229916	44.230659	44.234432	44.221432	44.230263	44.215454	44.227257	44.22031	44.212952	44.202087	44.207783	44.213047	44.196587	44.208191
898	44.404644	44.378708	44.369186	44.367355	44.351444	44.35104	44.335342	44.325211	44.320736	44.330002	44.329666	44.31115	44.315788	44.307159	44.305649	44.299099	44.290115	44.292305	44.304661	44.289993	44.279873	44.283653	44.276447	44.277657	44.273628	44.27911	44.275032	44.269703	44.268269	44.276806	44.262222	44.272156	44.261787	44.249798	44.245373	44.250969	44.261314	44.25098	44.248329	44.239811	44.24958	44.24152	44.233288	44.227497	44.230885	44.237762	44.236382	44.22842	44.22934	44.232212	44.217903	44.223358	44.212006	44.227798	44.212463	44.210583	44.19957	44.208534	44.206848	44.194458	44.203197
899	44.399662	44.373875	44.36108	44.365871	44.347752	44.346283	44.33226	44.320183	44.315464	44.328167	44.331078	44.304977	44.31155	44.304504	44.305229	44.300007	44.286549	44.287891	44.30711	44.287483	44.276321	44.285046	44.271652	44.274246	44.272346	44.276409	44.27137	44.26852	44.267147	44.276749	44.260674	44.275349	44.264866	44.249035	44.247719	44.250278	44.259766	44.251194	44.247032	44.238361	44.244774	44.240463	44.233326	44.227036	44.228821	44.231567	44.235104	44.227848	44.228565	44.230824	44.215958	44.218182	44.209797	44.228069	44.20713	44.209541	44.198532	44.209354	44.202347	44.193398	44.199245
900	44.400009	44.369751	44.364975	44.367043	44.351292	44.347664	44.332458	44.321026	44.319351	44.326332	44.330597	44.309536	44.311607	44.306599	44.302731	44.303505	44.286243	44.291878	44.303326	44.289326	44.280788	44.28521	44.273922	44.27623	44.27544	44.278587	44.272156	44.271076	44.268044	44.277946	44.263767	44.274719	44.267689	44.249496	44.255222	44.251751	44.26088	44.254639	44.250916	44.241299	44.245174	44.243259	44.234879	44.231777	44.231777	44.232277	44.243248	44.231289	44.230213	44.233154	44.221027	44.220985	44.213139	44.227077	44.21323	44.214355	44.204006	44.210396	44.205582	44.196995	44.200142
901	44.400375	44.365509	44.368988	44.368256	44.354935	44.349091	44.332661	44.321896	44.323357	44.324448	44.330109	44.314236	44.311676	44.308754	44.300167	44.307114	44.285938	44.295982	44.299442	44.291229	44.2854	44.285393	44.276264	44.278275	44.278641	44.28083	44.272976	44.273708	44.268967	44.279186	44.26696	44.274071	44.270607	44.249981	44.262955	44.253273	44.262032	44.258202	44.254917	44.244331	44.245598	44.246151	44.236481	44.236668	44.23484	44.233009	44.251637	44.23484	44.231911	44.235565	44.226261	44.223888	44.216587	44.226067	44.219509	44.219326	44.209652	44.211472	44.20892	44.200706	44.201069
902	44.400749	44.361134	44.373119	44.369499	44.358685	44.350555	44.33287	44.322784	44.32748	44.322498	44.329597	44.319069	44.311733	44.31097	44.297523	44.310825	44.285618	44.300205	44.295425	44.293186	44.290138	44.285564	44.278675	44.280373	44.281925	44.283134	44.273811	44.276417	44.269909	44.280449	44.270241	44.273403	44.273605	44.250473	44.270908	44.254829	44.263206	44.261856	44.259033	44.24744	44.246025	44.249123	44.238125	44.241695	44.237976	44.233753	44.260265	44.238487	44.233662	44.238041	44.231636	44.22686	44.220131	44.225021	44.225971	44.22443	44.215458	44.21257	44.212349	44.204521	44.202015
903	44.400532	44.364422	44.373512	44.3736	44.359467	44.351784	44.334511	44.326065	44.328342	44.321461	44.330811	44.320347	44.310589	44.310181	44.301674	44.307224	44.288586	44.301952	44.297089	44.290886	44.288532	44.283611	44.275753	44.280552	44.285355	44.286484	44.274719	44.282047	44.273262	44.278069	44.271027	44.275555	44.275494	44.252117	44.270596	44.259426	44.263226	44.263653	44.260361	44.246342	44.250713	44.249592	44.236137	44.239304	44.237534	44.23613	44.257393	44.236851	44.23193	44.242199	44.232101	44.225319	44.218704	44.226479	44.222576	44.225391	44.215126	44.214535	44.213139	44.205708	44.201645
904	44.40023	44.368629	44.373501	44.378124	44.35994	44.353012	44.336346	44.329693	44.328869	44.320488	44.332249	44.321274	44.309273	44.309036	44.306671	44.302727	44.291992	44.303467	44.299404	44.288055	44.28619	44.281368	44.272171	44.280525	44.288887	44.290031	44.27565	44.288139	44.276955	44.275215	44.271549	44.278065	44.277306	44.253925	44.269379	44.264481	44.263111	44.265285	44.261421	44.244751	44.255981	44.24979	44.233692	44.236038	44.236679	44.238739	44.253181	44.234596	44.229774	44.246639	44.232037	44.223232	44.216694	44.228249	44.21801	44.225922	44.214104	44.21664	44.213657	44.206638	44.201118
905	44.399921	44.372959	44.373486	44.382778	44.360424	44.354271	44.338234	44.333424	44.329407	44.319473	44.333721	44.322224	44.307915	44.307846	44.311817	44.29808	44.295498	44.305031	44.301785	44.285126	44.283764	44.279045	44.268467	44.280495	44.292522	44.293682	44.276604	44.294418	44.280758	44.27227	44.272087	44.280647	44.279175	44.255783	44.268108	44.269684	44.262985	44.266964	44.262512	44.243107	44.261406	44.249992	44.231167	44.232666	44.235794	44.241421	44.248837	44.232258	44.227543	44.251213	44.231968	44.221081	44.214615	44.230061	44.213303	44.226463	44.213051	44.218811	44.214188	44.207588	44.200569
906	44.403809	44.376419	44.375019	44.386345	44.361023	44.356678	44.3414	44.33593	44.333179	44.322216	44.330891	44.326096	44.309963	44.309963	44.312782	44.30019	44.297665	44.303738	44.304237	44.288342	44.282158	44.27977	44.269775	44.283245	44.292709	44.294224	44.278927	44.295105	44.281788	44.273243	44.272087	44.280643	44.281654	44.25581	44.264584	44.27216	44.263302	44.269924	44.263527	44.24353	44.264118	44.252094	44.230911	44.235092	44.238445	44.241638	44.246029	44.232533	44.230145	44.251156	44.232903	44.222431	44.213486	44.230942	44.215019	44.228588	44.214085	44.220501	44.214634	44.208023	44.202797
907	44.410454	44.379345	44.377556	44.389244	44.361702	44.359844	44.345425	44.337685	44.339081	44.3274	44.32526	44.331886	44.314224	44.314224	44.311066	44.306667	44.298996	44.300602	44.306767	44.295551	44.281055	44.282463	44.274323	44.287819	44.290676	44.292763	44.28215	44.292198	44.281048	44.276745	44.271736	44.278969	44.284557	44.254662	44.259556	44.272911	44.263916	44.273739	44.264507	44.245293	44.26511	44.255451	44.232105	44.241287	44.243412	44.240265	44.244175	44.234486	44.235897	44.248108	44.234497	44.226048	44.212948	44.231232	44.220894	44.231758	44.216476	44.221901	44.215027	44.208138	44.206844
908	44.417316	44.382374	44.380184	44.392246	44.362408	44.363121	44.349583	44.339489	44.345181	44.332752	44.31945	44.337864	44.318626	44.318626	44.309296	44.313366	44.300373	44.297371	44.30938	44.302998	44.279922	44.285248	44.279018	44.292542	44.288586	44.29126	44.285488	44.289204	44.280285	44.280365	44.271381	44.277248	44.287563	44.253479	44.254372	44.273689	44.264553	44.277683	44.265522	44.247116	44.266136	44.258919	44.233349	44.247677	44.248543	44.238857	44.242275	44.236511	44.241833	44.244965	44.236149	44.22979	44.212402	44.231529	44.226963	44.235035	44.218956	44.223354	44.215439	44.208256	44.211018
909	44.422199	44.384815	44.382595	44.392208	44.364285	44.367264	44.353134	44.341557	44.350037	44.336155	44.317436	44.341854	44.322998	44.322746	44.31007	44.31966	44.303452	44.298767	44.312469	44.308056	44.280159	44.289215	44.284073	44.29681	44.288208	44.291424	44.289013	44.288456	44.280964	44.284565	44.273056	44.276939	44.289234	44.255238	44.252811	44.275269	44.265541	44.280514	44.266846	44.250088	44.267338	44.263649	44.235783	44.252666	44.252293	44.239311	44.243099	44.23975	44.246979	44.244762	44.238628	44.232857	44.214695	44.234001	44.230618	44.236992	44.221226	44.225502	44.21759	44.21035	44.214478
910	44.422825	44.385986	44.384491	44.385834	44.368568	44.373127	44.355316	44.344135	44.352173	44.335388	44.323452	44.341557	44.327187	44.326168	44.316158	44.324951	44.310005	44.309845	44.31649	44.307983	44.283276	44.295536	44.289738	44.300003	44.291451	44.295105	44.292847	44.292473	44.284668	44.289856	44.278927	44.279617	44.28809	44.263123	44.258934	44.278496	44.267269	44.280956	44.268784	44.255398	44.268906	44.270905	44.240673	44.254574	44.25304	44.243683	44.249638	44.245468	44.250324	44.250755	44.242798	44.234444	44.222878	44.240967	44.229095	44.236153	44.223003	44.229076	44.223331	44.216553	44.216339
911	44.423466	44.387184	44.386448	44.379242	44.372986	44.379177	44.357574	44.34679	44.354378	44.334591	44.329662	44.341248	44.331512	44.329693	44.322441	44.330399	44.316772	44.321281	44.320641	44.307903	44.286484	44.302063	44.295589	44.303291	44.294796	44.298901	44.296799	44.296612	44.288483	44.295319	44.284988	44.282379	44.2869	44.271259	44.265251	44.281826	44.269051	44.281403	44.270786	44.260876	44.270519	44.278389	44.245716	44.256531	44.253807	44.248188	44.256382	44.251369	44.253773	44.256939	44.247097	44.236073	44.231327	44.248158	44.227524	44.235283	44.224834	44.232758	44.229259	44.22295	44.218254
912	44.424232	44.38842	44.388401	44.372955	44.377201	44.384888	44.359711	44.34967	44.356472	44.334003	44.336033	44.34082	44.335854	44.333157	44.328682	44.335648	44.323456	44.332535	44.324802	44.307877	44.289761	44.308678	44.301434	44.306747	44.29818	44.302692	44.300587	44.300793	44.29232	44.300713	44.290974	44.28529	44.28587	44.279446	44.271679	44.285271	44.271046	44.281971	44.27282	44.266289	44.27224	44.285671	44.250862	44.258537	44.254589	44.252975	44.263275	44.257423	44.257317	44.263096	44.251328	44.237854	44.239796	44.255386	44.226273	44.234573	44.226883	44.236519	44.235207	44.229267	44.220276
913	44.427128	44.389526	44.389107	44.376633	44.374702	44.3801	44.358139	44.355381	44.355045	44.338051	44.341721	44.338135	44.337921	44.333164	44.330227	44.333481	44.32431	44.333138	44.326687	44.308884	44.292282	44.31292	44.303539	44.311359	44.300236	44.304016	44.298656	44.303093	44.294079	44.301403	44.291706	44.289352	44.288532	44.283615	44.276321	44.288929	44.276085	44.284569	44.274261	44.267021	44.275082	44.284306	44.254971	44.260155	44.255135	44.260334	44.268787	44.262844	44.260521	44.264988	44.251617	44.241547	44.243317	44.258965	44.232189	44.23761	44.232006	44.239384	44.23785	44.230003	44.22308
914	44.430107	44.390663	44.389828	44.380417	44.37212	44.375149	44.356506	44.361271	44.353569	44.342224	44.347588	44.335358	44.340046	44.333168	44.331821	44.331242	44.325191	44.333752	44.328629	44.30991	44.294884	44.317291	44.305714	44.316116	44.302357	44.305378	44.296658	44.305462	44.295891	44.302109	44.292454	44.293537	44.291275	44.28791	44.281109	44.292698	44.281277	44.287247	44.275745	44.267776	44.278015	44.282894	44.259205	44.261818	44.255688	44.267929	44.274479	44.268436	44.263824	44.266933	44.251911	44.245358	44.246952	44.26265	44.2383	44.240742	44.237297	44.242336	44.240578	44.230759	44.225971
915	44.433197	44.391846	44.390575	44.384338	44.369453	44.370037	44.354828	44.367367	44.352047	44.346542	44.353661	44.332489	44.342251	44.333176	44.333473	44.328926	44.326107	44.334396	44.330643	44.310986	44.297581	44.321815	44.307964	44.321037	44.304554	44.306789	44.294598	44.307915	44.297771	44.302845	44.293232	44.297874	44.294117	44.292362	44.286068	44.296604	44.286655	44.29002	44.27729	44.268562	44.281044	44.281433	44.263588	44.263535	44.256271	44.275784	44.280365	44.274223	44.267246	44.268951	44.252224	44.249298	44.250713	44.266468	44.244621	44.243984	44.242767	44.245399	44.243397	44.231544	44.228962
916	44.436432	44.396534	44.394016	44.389439	44.376671	44.374077	44.360806	44.369213	44.35965	44.352894	44.360687	44.340496	44.350464	44.339294	44.340153	44.335407	44.33284	44.338898	44.335915	44.314011	44.304066	44.327267	44.311882	44.322681	44.314087	44.314869	44.301361	44.309612	44.307308	44.309086	44.298397	44.302818	44.298817	44.298885	44.296532	44.30143	44.296898	44.291245	44.283737	44.275524	44.285469	44.286392	44.269581	44.27002	44.262386	44.280331	44.284336	44.28117	44.275646	44.273464	44.256603	44.257763	44.25753	44.272354	44.253597	44.249458	44.25071	44.24987	44.247952	44.237244	44.237431
917	44.439789	44.402466	44.398399	44.395035	44.387218	44.381145	44.36937	44.369759	44.370346	44.360043	44.368179	44.352169	44.360794	44.347507	44.348595	44.344849	44.341595	44.344742	44.342358	44.31773	44.311924	44.333134	44.316425	44.323315	44.326187	44.325264	44.311108	44.311111	44.319515	44.317238	44.305084	44.308071	44.304218	44.306229	44.308987	44.30666	44.308937	44.292019	44.291901	44.284634	44.29044	44.29353	44.276226	44.278179	44.27042	44.283932	44.287785	44.288651	44.285828	44.278885	44.262394	44.267868	44.265484	44.279049	44.263638	44.255775	44.259624	44.25491	44.25317	44.244652	44.247852
918	44.44326	44.408588	44.40292	44.40081	44.398109	44.388439	44.37822	44.370308	44.381393	44.367424	44.375916	44.364227	44.371471	44.355995	44.357319	44.354599	44.350639	44.35078	44.349007	44.321568	44.320034	44.339199	44.321117	44.323971	44.338684	44.335999	44.321167	44.312656	44.332123	44.325657	44.311993	44.313499	44.309799	44.313805	44.321857	44.312065	44.321365	44.292809	44.300335	44.294041	44.295574	44.3009	44.283085	44.286602	44.278713	44.287647	44.291344	44.296375	44.296345	44.284481	44.268372	44.278309	44.273697	44.285957	44.274006	44.262295	44.268833	44.260105	44.258556	44.2523	44.258614
919	44.451233	44.415657	44.412758	44.408607	44.408714	44.397045	44.387249	44.375717	44.392483	44.374401	44.381855	44.375282	44.379581	44.364647	44.365784	44.363274	44.358147	44.3596	44.357597	44.329948	44.329494	44.346313	44.329514	44.330566	44.348907	44.345695	44.329628	44.320385	44.341053	44.332634	44.320095	44.321693	44.31675	44.321205	44.328697	44.32077	44.33152	44.299976	44.310127	44.301926	44.30368	44.308407	44.292767	44.294773	44.289227	44.294609	44.298042	44.304363	44.305386	44.293064	44.276924	44.288345	44.283482	44.293427	44.282677	44.27195	44.276848	44.267849	44.268547	44.262909	44.26899
920	44.464226	44.423752	44.428486	44.418613	44.418953	44.407089	44.396446	44.386528	44.40358	44.380894	44.385765	44.385185	44.384811	44.373466	44.373943	44.370712	44.363914	44.37149	44.368328	44.343376	44.340427	44.354595	44.342033	44.343781	44.356556	44.354191	44.336273	44.335011	44.34586	44.337967	44.329514	44.332939	44.325211	44.328384	44.32877	44.333138	44.3391	44.314251	44.321415	44.308105	44.315079	44.316048	44.305565	44.302635	44.302193	44.30518	44.308212	44.312607	44.312744	44.304966	44.288322	44.297905	44.294994	44.301491	44.289433	44.285076	44.283501	44.278419	44.283646	44.276779	44.278896
921	44.477673	44.432129	44.444763	44.428974	44.42955	44.417484	44.405968	44.397717	44.415058	44.387619	44.389812	44.395432	44.390221	44.382591	44.382389	44.37841	44.369884	44.383801	44.379433	44.357265	44.351734	44.363167	44.354984	44.357452	44.364471	44.362984	44.343147	44.35014	44.350826	44.343491	44.339264	44.344585	44.333961	44.335812	44.32885	44.345932	44.346943	44.329025	44.333092	44.314495	44.326881	44.323956	44.31881	44.310768	44.315609	44.316116	44.318741	44.321144	44.320366	44.31728	44.300117	44.307796	44.306904	44.30983	44.296421	44.298656	44.290386	44.289356	44.299271	44.291134	44.28915
922	44.491035	44.441933	44.460201	44.44035	44.439873	44.427742	44.415611	44.409039	44.426403	44.395664	44.395283	44.405399	44.396191	44.391735	44.390202	44.3866	44.376633	44.394905	44.389816	44.370399	44.362438	44.373081	44.367424	44.370541	44.372845	44.371883	44.350685	44.364548	44.357307	44.350643	44.349682	44.355965	44.343304	44.344646	44.330605	44.357693	44.354717	44.342781	44.344936	44.3223	44.337799	44.332516	44.33194	44.319283	44.327633	44.327721	44.328251	44.329498	44.329254	44.32983	44.31171	44.31813	44.318657	44.318329	44.304131	44.31147	44.298805	44.300488	44.31348	44.304993	44.300484
923	44.502693	44.456566	44.470631	44.454716	44.448048	44.436424	44.424801	44.419785	44.436012	44.408321	44.406029	44.413223	44.403858	44.400043	44.39468	44.396011	44.385872	44.399933	44.396191	44.379055	44.369534	44.387493	44.376507	44.379913	44.382256	44.380329	44.360203	44.374535	44.369312	44.36372	44.361797	44.365089	44.354118	44.358337	44.339062	44.363995	44.361446	44.350971	44.356255	44.33514	44.343994	44.342911	44.343273	44.328506	44.332706	44.340889	44.33263	44.336273	44.342445	44.342079	44.321274	44.329231	44.328579	44.326576	44.314041	44.319839	44.312672	44.311287	44.320461	44.315395	44.315094
924	44.514755	44.471703	44.481407	44.469578	44.456501	44.4454	44.434303	44.430897	44.44595	44.421413	44.417145	44.421322	44.411793	44.40863	44.399303	44.405746	44.395428	44.405132	44.402775	44.388012	44.376873	44.402401	44.385902	44.38961	44.391994	44.389065	44.370041	44.384861	44.381729	44.377251	44.374321	44.374527	44.365303	44.372501	44.347809	44.37051	44.368401	44.359436	44.367962	44.348419	44.350407	44.353657	44.355	44.338032	44.337955	44.354507	44.337151	44.343281	44.356094	44.354752	44.331165	44.340714	44.338844	44.33511	44.324295	44.328495	44.327015	44.32246	44.327675	44.326157	44.3302
925	44.527237	44.487366	44.492558	44.484959	44.465248	44.454697	44.444138	44.442398	44.456234	44.434959	44.428642	44.429691	44.420002	44.417526	44.404087	44.415817	44.405319	44.410515	44.409595	44.397278	44.384464	44.417831	44.395626	44.399643	44.402069	44.398106	44.380222	44.39555	44.394577	44.391251	44.387287	44.384296	44.376881	44.387157	44.356857	44.377251	44.375599	44.368202	44.380074	44.36216	44.35704	44.364784	44.36713	44.3479	44.343384	44.368603	44.341827	44.350525	44.37022	44.367867	44.3414	44.352596	44.349461	44.343937	44.3349	44.337456	44.341858	44.334023	44.33514	44.337292	44.34584
926	44.52533	44.491531	44.491821	44.483955	44.465481	44.455719	44.444798	44.440136	44.455738	44.431805	44.431721	44.425816	44.416641	44.419746	44.407387	44.417633	44.402538	44.410019	44.40897	44.401505	44.385796	44.41407	44.398003	44.396545	44.400177	44.400471	44.381683	44.393826	44.390453	44.392033	44.389084	44.382778	44.380482	44.387688	44.362469	44.377697	44.377907	44.368187	44.379131	44.364521	44.361313	44.363506	44.365738	44.350876	44.350807	44.370167	44.353344	44.354733	44.367172	44.365631	44.345222	44.351635	44.349964	44.351166	44.341892	44.340645	44.343262	44.333179	44.338642	44.336472	44.342735
927	44.522125	44.49485	44.49004	44.481514	44.464996	44.456074	44.444691	44.436626	44.454308	44.427113	44.434185	44.420753	44.412178	44.421471	44.410671	44.418812	44.398575	44.409012	44.407688	44.405449	44.386631	44.408535	44.399837	44.39222	44.397194	44.402351	44.382442	44.39098	44.384731	44.391712	44.38998	44.380238	44.383518	44.387028	44.367989	44.377617	44.379875	44.367416	44.377033	44.365982	44.365528	44.361115	44.363136	44.353359	44.358665	44.370716	44.365845	44.358822	44.362553	44.362007	44.348629	44.349533	44.349625	44.358521	44.348808	44.343452	44.343559	44.331249	44.341927	44.334599	44.337914
928	44.518795	44.498291	44.488182	44.478977	44.464485	44.456436	44.44458	44.432972	44.452812	44.422237	44.436733	44.415501	44.407543	44.42326	44.414082	44.420033	44.394463	44.407959	44.406345	44.409542	44.387501	44.402786	44.401733	44.387722	44.394096	44.404297	44.383232	44.388027	44.378792	44.391373	44.390915	44.377598	44.386673	44.386341	44.373711	44.377529	44.381916	44.366619	44.374851	44.367496	44.369904	44.358631	44.360432	44.355938	44.366814	44.371284	44.378815	44.363068	44.357754	44.358238	44.352158	44.347351	44.34927	44.366142	44.355991	44.346363	44.343872	44.329243	44.345329	44.332653	44.332905
929	44.52383	44.503807	44.496078	44.486664	44.4734	44.463322	44.455418	44.441658	44.456039	44.431698	44.445004	44.421459	44.418259	44.430885	44.423546	44.428776	44.404152	44.417763	44.413269	44.419361	44.39978	44.411995	44.407375	44.39941	44.400711	44.413086	44.390259	44.393921	44.385525	44.399307	44.397934	44.38776	44.394962	44.391842	44.390156	44.3876	44.390938	44.379707	44.382908	44.376465	44.378235	44.365658	44.368263	44.365131	44.379238	44.380981	44.393356	44.371773	44.368732	44.370121	44.364399	44.355701	44.358833	44.378025	44.365841	44.359669	44.351021	44.339806	44.356392	44.341057	44.34156
930	44.533836	44.510643	44.509811	44.500454	44.487988	44.474144	44.472858	44.457703	44.46207	44.449692	44.456768	44.434055	44.438129	44.442062	44.436737	44.442081	44.422073	44.434086	44.42514	44.432728	44.418964	44.430092	44.415302	44.420761	44.413113	44.426041	44.401066	44.405083	44.399761	44.412224	44.408642	44.405586	44.406422	44.401054	44.413204	44.40379	44.404213	44.401161	44.397087	44.389954	44.389038	44.378365	44.382385	44.378365	44.394424	44.396206	44.409134	44.383251	44.389118	44.391354	44.381966	44.370361	44.374374	44.392632	44.377464	44.379314	44.362309	44.357914	44.37215	44.355659	44.358345
931	44.544308	44.517796	44.524178	44.514881	44.503239	44.485462	44.491104	44.474487	44.46838	44.468521	44.469086	44.447239	44.458916	44.453754	44.450535	44.456005	44.440819	44.451164	44.437561	44.446712	44.43903	44.449024	44.423599	44.443096	44.42609	44.43959	44.412376	44.416759	44.414658	44.425739	44.419849	44.424232	44.418411	44.410698	44.437313	44.420727	44.418095	44.423599	44.411926	44.404064	44.400349	44.391655	44.397156	44.392212	44.410309	44.412132	44.425636	44.395264	44.410454	44.413574	44.400349	44.385693	44.390633	44.407928	44.389622	44.39986	44.374123	44.376858	44.388641	44.37093	44.375908
932	44.553452	44.525005	44.535168	44.526138	44.51292	44.494576	44.505062	44.486462	44.47739	44.482849	44.479427	44.461842	44.475388	44.464382	44.46336	44.466751	44.456608	44.464787	44.449238	44.456455	44.453453	44.462589	44.433891	44.459591	44.438549	44.453518	44.425705	44.430168	44.430275	44.436863	44.42981	44.440422	44.429718	44.418999	44.452702	44.434692	44.430122	44.442921	44.425888	44.417267	44.412189	44.405239	44.409775	44.403957	44.423477	44.427032	44.438942	44.407833	44.427845	44.430954	44.414326	44.399406	44.4048	44.422783	44.400112	44.415474	44.386551	44.393177	44.402935	44.383717	44.389412
933	44.559895	44.532116	44.539635	44.531227	44.51207	44.499371	44.510738	44.489269	44.491089	44.488487	44.485847	44.478619	44.483456	44.472729	44.474022	44.471352	44.466492	44.47168	44.459213	44.458122	44.457092	44.4659	44.44754	44.464867	44.449692	44.467716	44.442352	44.446354	44.446754	44.44326	44.437183	44.451611	44.439434	44.424606	44.451626	44.442791	44.438389	44.455944	44.437847	44.428398	44.424637	44.418964	44.418053	44.411488	44.431259	44.43961	44.445984	44.42104	44.437511	44.438946	44.419804	44.40974	44.4147	44.436413	44.407238	44.421566	44.399746	44.404217	44.412781	44.391556	44.395065
934	44.566719	44.53965	44.544365	44.536621	44.511177	44.504444	44.516747	44.492245	44.505589	44.494457	44.492645	44.496372	44.492001	44.481564	44.48531	44.476219	44.476959	44.478977	44.469769	44.459896	44.460949	44.469406	44.461983	44.470459	44.461479	44.482742	44.459965	44.463486	44.464195	44.450039	44.444992	44.463459	44.449722	44.430542	44.450493	44.451366	44.447136	44.469727	44.4505	44.440178	44.437824	44.433491	44.426815	44.419456	44.439499	44.452919	44.453445	44.435028	44.447742	44.447407	44.425602	44.420677	44.425182	44.450844	44.414787	44.428017	44.413723	44.415901	44.423206	44.39986	44.401058
935	44.571697	44.546165	44.548321	44.541401	44.509991	44.508854	44.521732	44.494251	44.518593	44.499809	44.498554	44.512806	44.49984	44.48904	44.495205	44.480316	44.486542	44.485672	44.479065	44.460915	44.464031	44.471912	44.474579	44.474724	44.472286	44.496456	44.475952	44.478832	44.479347	44.456177	44.452103	44.473385	44.45879	44.435581	44.448437	44.459084	44.455215	44.481792	44.462021	44.449936	44.449242	44.446545	44.434322	44.426884	44.446602	44.464485	44.459633	44.447475	44.456638	44.45454	44.429813	44.430492	44.434444	44.463326	44.421299	44.43325	44.426361	44.426392	44.432114	44.406837	44.406059
936	44.554771	44.538677	44.542187	44.537285	44.506443	44.503986	44.513435	44.485046	44.509232	44.495926	44.492062	44.506786	44.496281	44.478378	44.485386	44.474186	44.481899	44.482605	44.470322	44.453499	44.457359	44.462608	44.461189	44.462948	44.467178	44.489254	44.466461	44.46751	44.462582	44.452461	44.448257	44.458035	44.450344	44.428616	44.437717	44.453857	44.452114	44.469608	44.455608	44.433491	44.436306	44.43737	44.424755	44.424774	44.438072	44.451729	44.449284	44.43737	44.446835	44.444023	44.415276	44.423355	44.426155	44.448925	44.413544	44.422997	44.418449	44.418804	44.420536	44.396355	44.398117
937	44.536682	44.53067	44.535633	44.532887	44.502647	44.498779	44.50457	44.475208	44.499218	44.491776	44.485126	44.500351	44.49247	44.466984	44.474903	44.467632	44.47694	44.479332	44.460979	44.44558	44.450233	44.452671	44.446892	44.450371	44.461712	44.481552	44.456326	44.455414	44.444672	44.448483	44.444134	44.441628	44.441315	44.421173	44.426266	44.448273	44.448792	44.456589	44.44875	44.415916	44.422482	44.427567	44.41452	44.422516	44.428959	44.438095	44.438232	44.426571	44.436356	44.432793	44.399734	44.415737	44.417301	44.433537	44.405251	44.412041	44.409988	44.410686	44.408169	44.385155	44.389637
938	44.517319	44.522095	44.528603	44.528175	44.498585	44.493202	44.495071	44.464668	44.488503	44.487324	44.477688	44.49345	44.488392	44.454784	44.463669	44.460617	44.471626	44.475819	44.45097	44.437088	44.4426	44.442028	44.431572	44.436893	44.45586	44.473305	44.445465	44.442463	44.425495	44.444229	44.439724	44.424061	44.431648	44.413197	44.413998	44.442284	44.445232	44.442642	44.441406	44.397099	44.407673	44.417065	44.403561	44.42009	44.419201	44.4235	44.426384	44.415005	44.42514	44.420753	44.383095	44.407566	44.407814	44.417061	44.396366	44.400303	44.400936	44.401997	44.39492	44.373154	44.380543
939	44.517181	44.510754	44.523277	44.516857	44.49157	44.490707	44.486919	44.459591	44.483147	44.477314	44.473843	44.483131	44.48431	44.445915	44.448517	44.448521	44.464817	44.466557	44.449131	44.436039	44.437195	44.44157	44.429935	44.428463	44.450863	44.461311	44.437187	44.43108	44.41304	44.43515	44.429329	44.417423	44.426147	44.40345	44.410156	44.427868	44.43544	44.432533	44.437782	44.389793	44.400551	44.408981	44.395901	44.406929	44.410141	44.415085	44.419456	44.406948	44.41333	44.412182	44.375835	44.404633	44.395302	44.406364	44.390663	44.389492	44.387737	44.392986	44.387466	44.366238	44.372337
940	44.521702	44.498161	44.518074	44.503368	44.483479	44.488831	44.478668	44.455566	44.478806	44.465435	44.470661	44.471447	44.480011	44.437389	44.431633	44.434578	44.457298	44.455418	44.449162	44.436745	44.432056	44.443558	44.431534	44.42083	44.445812	44.4478	44.429108	44.419487	44.401585	44.424431	44.41695	44.41309	44.421371	44.392773	44.40815	44.41066	44.42363	44.422829	44.434864	44.384903	44.39492	44.401062	44.388641	44.390495	44.400791	44.407738	44.413353	44.399326	44.400784	44.403996	44.37048	44.402809	44.381416	44.396515	44.385437	44.378349	44.372864	44.383427	44.381027	44.360191	44.36393
941	44.526535	44.484692	44.512524	44.488941	44.474827	44.486828	44.469849	44.451267	44.474174	44.45274	44.467266	44.458958	44.475418	44.428288	44.413586	44.41967	44.449257	44.443516	44.449203	44.437492	44.426563	44.445686	44.433247	44.412666	44.440418	44.433353	44.420475	44.407097	44.389336	44.412975	44.403709	44.408459	44.416271	44.381359	44.406013	44.392265	44.411003	44.412457	44.431747	44.379677	44.388905	44.392593	44.380882	44.372921	44.390793	44.399883	44.406834	44.391178	44.387367	44.395252	44.364754	44.400864	44.366566	44.38599	44.379852	44.366436	44.35696	44.373207	44.374146	44.353729	44.354935
942	44.526093	44.481716	44.50988	44.482769	44.469749	44.483833	44.468697	44.451187	44.469959	44.443485	44.464409	44.452885	44.471451	44.426434	44.404438	44.416401	44.441776	44.436447	44.44841	44.432594	44.418934	44.442841	44.432816	44.411705	44.434517	44.424068	44.412537	44.400589	44.385658	44.405495	44.397606	44.400146	44.40847	44.376476	44.403152	44.386089	44.403362	44.408283	44.428764	44.375401	44.387363	44.387783	44.377758	44.361095	44.383724	44.395039	44.401222	44.382217	44.378384	44.387779	44.359604	44.395454	44.355537	44.380741	44.376038	44.358753	44.351505	44.369225	44.366638	44.348717	44.349361
943	44.520882	44.488232	44.50988	44.4841	44.467934	44.479961	44.474476	44.454922	44.466137	44.437389	44.462059	44.452652	44.468075	44.431149	44.403378	44.423672	44.434841	44.433792	44.446854	44.422611	44.409409	44.435528	44.43047	44.417248	44.4282	44.419487	44.405254	44.399437	44.389744	44.401653	44.39798	44.388542	44.398281	44.377522	44.399651	44.390984	44.400269	44.409729	44.425911	44.371998	44.389889	44.386303	44.378834	44.354523	44.379333	44.392941	44.396477	44.37257	44.373455	44.381477	44.355003	44.38694	44.34803	44.380287	44.373859	44.354931	44.35553	44.370884	44.358601	44.345047	44.346912
944	44.515411	44.495087	44.509892	44.485493	44.466026	44.475899	44.480568	44.458858	44.462128	44.430984	44.459587	44.452408	44.464527	44.436108	44.402267	44.431324	44.427547	44.431	44.445221	44.412117	44.399395	44.427841	44.428001	44.423088	44.421558	44.414677	44.397606	44.398224	44.394047	44.397621	44.398373	44.376339	44.387569	44.37862	44.395973	44.396145	44.397018	44.411251	44.422916	44.368431	44.392548	44.38475	44.379967	44.347614	44.374714	44.390736	44.391476	44.362427	44.368275	44.374855	44.350166	44.377991	44.340126	44.379814	44.371574	44.350918	44.359772	44.372635	44.350155	44.341187	44.344334
945	44.514576	44.500172	44.510403	44.487656	44.464893	44.476074	44.486275	44.461788	44.461472	44.426739	44.459156	44.455273	44.463062	44.442276	44.404011	44.436962	44.422024	44.429035	44.443504	44.405258	44.396095	44.423069	44.425114	44.426956	44.418484	44.413548	44.392609	44.397896	44.399872	44.396885	44.398575	44.369415	44.38171	44.379269	44.395504	44.400303	44.394787	44.411785	44.420292	44.367687	44.394321	44.385033	44.379253	44.345055	44.372501	44.391479	44.389988	44.358513	44.366539	44.372169	44.347912	44.37146	44.33585	44.378918	44.370426	44.348824	44.362488	44.375263	44.34655	44.339291	44.345753
946	44.526817	44.499748	44.512295	44.491745	44.466038	44.488117	44.490341	44.46159	44.470268	44.42897	44.464493	44.466545	44.467606	44.451187	44.413582	44.436356	44.422035	44.429592	44.441727	44.409279	44.411968	44.426952	44.421314	44.424908	44.42572	44.422848	44.395565	44.400082	44.409378	44.405479	44.398205	44.377991	44.39006	44.378578	44.404076	44.401245	44.395641	44.409485	44.418995	44.37495	44.393452	44.390442	44.373417	44.35495	44.377277	44.400421	44.398472	44.372482	44.374638	44.380795	44.353138	44.372353	44.342159	44.376938	44.372593	44.352348	44.360664	44.380081	44.356895	44.343086	44.358227
947	44.539474	44.499317	44.514248	44.495972	44.467224	44.500561	44.494549	44.461395	44.479374	44.431282	44.470013	44.478195	44.472301	44.460411	44.423477	44.435738	44.422047	44.430168	44.439896	44.413437	44.428379	44.430973	44.417397	44.422791	44.433205	44.432465	44.398628	44.402348	44.419205	44.414371	44.397823	44.386864	44.398693	44.377865	44.412945	44.402222	44.396519	44.407112	44.417648	44.382458	44.392555	44.396027	44.36739	44.36517	44.382214	44.40966	44.407246	44.386925	44.383015	44.389709	44.35854	44.373287	44.348686	44.374893	44.374828	44.355999	44.358784	44.385059	44.367588	44.347019	44.37112
948	44.552528	44.498917	44.516258	44.500397	44.468494	44.513367	44.498867	44.461239	44.488724	44.433708	44.475643	44.490162	44.477093	44.469879	44.43367	44.435093	44.422127	44.430752	44.438046	44.417759	44.445236	44.435116	44.413395	44.420658	44.440887	44.44239	44.40181	44.40472	44.42931	44.423512	44.397457	44.396011	44.407566	44.377209	44.422001	44.403271	44.397427	44.404705	44.416294	44.390198	44.391685	44.401802	44.361233	44.375706	44.387333	44.419159	44.416283	44.401802	44.391647	44.398911	44.364124	44.374283	44.355469	44.372852	44.377132	44.359764	44.35688	44.390236	44.378616	44.351059	44.384342
949	44.55941	44.507011	44.516033	44.515236	44.479404	44.514004	44.497555	44.469826	44.487751	44.442902	44.467812	44.487865	44.469276	44.468708	44.435696	44.432652	44.433434	44.429161	44.445946	44.425884	44.442005	44.437157	44.417889	44.428814	44.437611	44.449886	44.407524	44.413605	44.429497	44.422737	44.402679	44.402111	44.406174	44.390278	44.410011	44.41214	44.39682	44.4109	44.421268	44.393101	44.402222	44.40662	44.368309	44.378452	44.396477	44.417442	44.419018	44.407074	44.395016	44.405491	44.369438	44.381939	44.368755	44.383633	44.375862	44.362339	44.362564	44.400307	44.383636	44.351749	44.376881
950	44.566441	44.515289	44.515797	44.530396	44.490551	44.514656	44.49622	44.478607	44.486763	44.452293	44.459812	44.485512	44.461296	44.46751	44.437759	44.430164	44.444992	44.427536	44.454014	44.434189	44.438709	44.439243	44.422485	44.437157	44.434269	44.457539	44.413361	44.42268	44.429687	44.421951	44.408012	44.40834	44.404751	44.403629	44.397758	44.4212	44.396202	44.417229	44.426353	44.396065	44.412991	44.411545	44.375534	44.38126	44.405823	44.415688	44.421814	44.412457	44.398453	44.41222	44.37487	44.389771	44.382332	44.39465	44.374569	44.364975	44.36837	44.410599	44.388763	44.352455	44.369255
951	44.573624	44.523746	44.51556	44.545883	44.501942	44.515316	44.494846	44.487579	44.485744	44.461891	44.451633	44.483112	44.453129	44.466286	44.439873	44.427608	44.456799	44.425869	44.46225	44.442673	44.435333	44.441372	44.427174	44.445667	44.430843	44.465366	44.419327	44.431953	44.429882	44.421135	44.413464	44.414719	44.403297	44.417274	44.385239	44.430454	44.395573	44.423698	44.431545	44.399097	44.423988	44.416576	44.382919	44.384132	44.415367	44.413895	44.424664	44.417953	44.40197	44.419083	44.380413	44.39777	44.396202	44.405903	44.373241	44.367661	44.374302	44.421112	44.394005	44.35318	44.361462
952	44.57616	44.534798	44.527969	44.554214	44.513306	44.524563	44.504772	44.499554	44.497402	44.481014	44.468288	44.483826	44.464691	44.477077	44.454113	44.444939	44.465588	44.440022	44.476933	44.448769	44.442959	44.453239	44.440998	44.454174	44.439106	44.472458	44.435486	44.445686	44.443192	44.440254	44.420929	44.422783	44.413948	44.432083	44.3979	44.43668	44.409115	44.437294	44.438381	44.416374	44.429272	44.422928	44.397514	44.394451	44.428722	44.420437	44.430481	44.432957	44.413609	44.426632	44.398582	44.412289	44.405815	44.414883	44.388832	44.381233	44.387085	44.425568	44.401966	44.369183	44.374889
953	44.577007	44.546936	44.545177	44.55999	44.524776	44.537071	44.518959	44.512764	44.513863	44.50386	44.494282	44.485691	44.483646	44.492416	44.472973	44.469784	44.473351	44.460152	44.494133	44.454048	44.45472	44.468826	44.458344	44.462769	44.451759	44.479355	44.455578	44.461201	44.461487	44.466923	44.429218	44.431557	44.429173	44.447472	44.419979	44.441845	44.428032	44.453671	44.445896	44.439091	44.432503	44.42984	44.414925	44.407635	44.443615	44.430126	44.437462	44.451626	44.428364	44.434505	44.421597	44.429363	44.413967	44.423119	44.410828	44.398956	44.402531	44.427837	44.411011	44.390999	44.39629
954	44.577866	44.559296	44.562698	44.565876	44.536457	44.549809	44.533413	44.526218	44.530624	44.527122	44.520752	44.487591	44.50296	44.508038	44.492184	44.495087	44.481258	44.480656	44.511654	44.459419	44.466694	44.484699	44.475998	44.471519	44.464649	44.486378	44.47604	44.477005	44.480118	44.494083	44.43766	44.440483	44.444675	44.46315	44.442467	44.447105	44.447292	44.470345	44.453548	44.462223	44.435795	44.436871	44.432652	44.421051	44.458778	44.439983	44.444565	44.470631	44.44339	44.442524	44.445045	44.446758	44.422264	44.431503	44.433228	44.417007	44.418259	44.430141	44.420223	44.413219	44.418087
955	44.58749	44.571045	44.575474	44.581955	44.553307	44.567738	44.553757	44.544422	44.548634	44.548634	44.545979	44.498463	44.523109	44.529335	44.516685	44.518448	44.498253	44.50246	44.529095	44.47673	44.483593	44.502907	44.495579	44.488037	44.480698	44.502472	44.4949	44.49469	44.493996	44.516216	44.452728	44.462975	44.464283	44.483597	44.469177	44.463844	44.473179	44.492931	44.471176	44.48336	44.448288	44.450062	44.455853	44.443874	44.47559	44.457176	44.464298	44.490471	44.463619	44.460518	44.466713	44.468948	44.440311	44.453651	44.453609	44.436966	44.438976	44.444977	44.434521	44.434963	44.440968
956	44.607323	44.582054	44.582684	44.609901	44.576157	44.591694	44.580936	44.568146	44.568073	44.568073	44.569717	44.519791	44.544205	44.557228	44.547333	44.539497	44.525829	44.525757	44.546406	44.507931	44.506207	44.523796	44.517361	44.513588	44.500404	44.529129	44.511868	44.514534	44.502304	44.532436	44.475517	44.501244	44.488625	44.509583	44.500782	44.493954	44.506748	44.522373	44.500393	44.502132	44.471512	44.470413	44.485397	44.477627	44.494282	44.482891	44.498737	44.511238	44.48988	44.490112	44.486275	44.496708	44.4697	44.491829	44.471596	44.459106	44.465466	44.474411	44.454716	44.456127	44.465073
957	44.627556	44.593292	44.590042	44.638424	44.599472	44.616142	44.608669	44.592346	44.587906	44.587906	44.593937	44.541553	44.565735	44.585693	44.578609	44.560978	44.553967	44.549522	44.564075	44.539768	44.529289	44.545116	44.539581	44.539658	44.520512	44.556332	44.529179	44.534786	44.510777	44.548988	44.498768	44.540302	44.513466	44.536098	44.533035	44.524681	44.541004	44.552418	44.530216	44.521286	44.495209	44.491184	44.515549	44.512066	44.513355	44.509132	44.533886	44.532429	44.516678	44.520309	44.506237	44.525032	44.499691	44.530788	44.489948	44.481705	44.492496	44.504448	44.475323	44.477718	44.489677
958	44.645428	44.607235	44.601517	44.66296	44.621372	44.638409	44.630817	44.615356	44.608234	44.603367	44.614872	44.564945	44.584911	44.61076	44.605251	44.578915	44.578106	44.571182	44.580704	44.565891	44.551041	44.564674	44.559666	44.562374	44.540318	44.580505	44.546432	44.554047	44.521286	44.561691	44.52198	44.573593	44.535919	44.558376	44.561367	44.551155	44.569595	44.576515	44.555267	44.538231	44.517681	44.511562	44.539547	44.539547	44.530811	44.530331	44.565567	44.550957	44.540833	44.546146	44.523907	44.550144	44.524712	44.562389	44.506271	44.502258	44.517086	44.53022	44.495537	44.499039	44.510185
959	44.652565	44.631317	44.629009	44.669804	44.636181	44.650429	44.628853	44.632088	44.629353	44.600098	44.62117	44.593517	44.593349	44.620483	44.611439	44.581326	44.58448	44.582939	44.592072	44.567158	44.566044	44.575859	44.569801	44.570057	44.557682	44.590878	44.562374	44.568096	44.539421	44.557949	44.543602	44.581406	44.547276	44.562038	44.572021	44.558708	44.573383	44.574924	44.559395	44.545139	44.533791	44.529095	44.537041	44.537041	44.540623	44.529705	44.581234	44.557518	44.552738	44.552654	44.531151	44.560673	44.527992	44.56213	44.513317	44.513229	44.530212	44.537033	44.512886	44.517918	44.512806
960	44.65987	44.655956	44.657135	44.6768	44.651329	44.662731	44.626842	44.649197	44.650955	44.596748	44.627605	44.622738	44.601978	44.630432	44.617767	44.58379	44.591	44.594967	44.603703	44.568462	44.581394	44.587307	44.58017	44.577919	44.575447	44.601486	44.57869	44.582458	44.55798	44.554119	44.565727	44.589397	44.558891	44.565792	44.582916	44.566444	44.577267	44.573299	44.563614	44.552212	44.550278	44.547039	44.534481	44.534481	44.550655	44.529064	44.597256	44.564228	44.564919	44.559307	44.538567	44.571438	44.531353	44.561863	44.520527	44.524456	44.54364	44.544014	44.53064	44.537239	44.515491
961	44.667343	44.681164	44.685921	44.683964	44.666832	44.675316	44.624786	44.666706	44.673058	44.593327	44.634201	44.652645	44.610813	44.640614	44.624241	44.586311	44.597672	44.607273	44.615601	44.569786	44.597099	44.59901	44.590782	44.58596	44.593628	44.612347	44.595379	44.59716	44.576973	44.550198	44.58836	44.597576	44.570778	44.56963	44.594067	44.574348	44.581242	44.57164	44.567936	44.559452	44.567142	44.565392	44.531857	44.531857	44.560921	44.528412	44.613655	44.571098	44.577385	44.56612	44.54615	44.582455	44.53479	44.561588	44.527901	44.535942	44.557381	44.551159	44.548805	44.557003	44.518234
962	44.679276	44.688599	44.687366	44.678703	44.659023	44.672237	44.634666	44.663841	44.677795	44.598431	44.627373	44.651855	44.627987	44.64325	44.625504	44.589783	44.599602	44.623669	44.623371	44.575405	44.59864	44.6008	44.596748	44.592194	44.599144	44.618572	44.592625	44.59816	44.586208	44.559601	44.588314	44.601051	44.57275	44.571068	44.582264	44.573208	44.577026	44.574192	44.56842	44.565815	44.572281	44.572536	44.536797	44.53101	44.553028	44.53392	44.606266	44.569855	44.570782	44.568192	44.549976	44.580643	44.532436	44.564602	44.532959	44.533634	44.557873	44.55019	44.546101	44.56221	44.519024
963	44.691788	44.694977	44.686954	44.672459	44.649418	44.667999	44.645588	44.659504	44.681435	44.604229	44.619473	44.648941	44.646122	44.645435	44.626427	44.593395	44.601257	44.640705	44.631042	44.581451	44.599239	44.601948	44.602528	44.598442	44.603912	44.624619	44.588463	44.598232	44.59499	44.570141	44.586708	44.604282	44.574074	44.572372	44.568604	44.571419	44.572159	44.577095	44.568653	44.572266	44.576725	44.579063	44.542374	44.530266	44.543701	44.539982	44.597061	44.56802	44.56271	44.569981	44.553627	44.577896	44.529629	44.567913	44.537964	44.530319	44.557457	44.548634	44.541897	44.566528	44.519699
964	44.704605	44.701504	44.686543	44.666069	44.63958	44.663658	44.656788	44.65506	44.685165	44.610176	44.611378	44.645947	44.664703	44.647675	44.627373	44.597103	44.602951	44.658165	44.638901	44.587643	44.599854	44.603123	44.608452	44.604839	44.608799	44.630814	44.584202	44.598305	44.603985	44.580936	44.58506	44.607597	44.575432	44.573711	44.554611	44.56958	44.567169	44.580074	44.568893	44.578873	44.58128	44.585754	44.54808	44.529507	44.534149	44.546192	44.587639	44.566143	44.554443	44.571819	44.557373	44.575085	44.526756	44.571304	44.543098	44.526924	44.557026	44.547047	44.53759	44.570957	44.520393
965	44.703255	44.69083	44.679173	44.66589	44.629745	44.661625	44.656288	44.650757	44.685287	44.614365	44.608723	44.637012	44.662415	44.64518	44.622116	44.59935	44.605293	44.657612	44.64109	44.588482	44.592457	44.603497	44.606148	44.60194	44.604702	44.61871	44.583679	44.594311	44.605541	44.587933	44.577499	44.60836	44.573112	44.573532	44.547348	44.569386	44.566265	44.582298	44.571907	44.574379	44.575764	44.586746	44.552746	44.533649	44.528194	44.544174	44.580021	44.561943	44.552692	44.563869	44.553177	44.570293	44.517574	44.575027	44.547165	44.529446	44.553955	44.542786	44.537018	44.564949	44.526741
966	44.694775	44.671383	44.668228	44.668831	44.619793	44.660728	44.649918	44.646481	44.683613	44.617729	44.608776	44.624989	44.649635	44.640285	44.613693	44.600903	44.608009	44.648014	44.640469	44.586655	44.580948	44.603485	44.599674	44.594337	44.596054	44.597263	44.585033	44.588234	44.60339	44.593132	44.566883	44.607864	44.568928	44.572594	44.543381	44.570019	44.567398	44.584171	44.576351	44.564262	44.565125	44.584892	44.556953	44.540314	44.523975	44.537998	44.573219	44.556538	44.554192	44.550919	44.544952	44.564453	44.505108	44.578976	44.550758	44.534977	44.549526	44.537136	44.538319	44.553635	44.536022
967	44.686077	44.651428	44.65699	44.671841	44.609581	44.659805	44.643379	44.64209	44.681889	44.621178	44.608822	44.612652	44.63652	44.635265	44.605042	44.602497	44.610783	44.638161	44.639835	44.584778	44.569138	44.603462	44.593033	44.586536	44.587177	44.575256	44.586418	44.581993	44.601177	44.598454	44.555988	44.607357	44.564629	44.571629	44.539299	44.57066	44.568554	44.586094	44.580917	44.553879	44.554199	44.582996	44.56126	44.547142	44.519646	44.531651	44.566238	44.550983	44.555725	44.537624	44.536514	44.558449	44.492321	44.583019	44.554443	44.540646	44.544975	44.531334	44.53965	44.542019	44.545536
968	44.684635	44.644386	44.657753	44.672821	44.611389	44.662003	44.641411	44.63958	44.682121	44.623753	44.616817	44.605427	44.634895	44.635315	44.603428	44.607277	44.613811	44.635769	44.640724	44.588512	44.569996	44.605679	44.598286	44.588303	44.580528	44.57045	44.587559	44.580338	44.599541	44.604782	44.552757	44.608837	44.567711	44.576759	44.54969	44.576759	44.574718	44.588242	44.588055	44.54866	44.551857	44.585793	44.56472	44.554108	44.52018	44.537674	44.566566	44.554146	44.560677	44.538563	44.535572	44.555901	44.488289	44.581635	44.558624	44.545956	44.547802	44.53447	44.546909	44.53965	44.552731
969	44.693996	44.656582	44.676315	44.670784	44.631031	44.668816	44.646259	44.639912	44.685261	44.624996	44.636528	44.605862	44.650352	44.642891	44.612274	44.616741	44.617168	44.644485	44.643879	44.600536	44.589649	44.611183	44.62112	44.604259	44.577267	44.591232	44.588326	44.585506	44.598782	44.612522	44.560936	44.613258	44.581707	44.590874	44.581448	44.590874	44.588253	44.590706	44.598953	44.551159	44.562279	44.595531	44.566872	44.561176	44.527924	44.561954	44.577744	44.57021	44.570652	44.560616	44.54578	44.558491	44.497307	44.572197	44.563503	44.550667	44.561535	44.550835	44.562878	44.551025	44.556416
970	44.703609	44.669121	44.695389	44.668686	44.651192	44.675808	44.651245	44.640251	44.688484	44.626278	44.656773	44.606316	44.666218	44.650684	44.621361	44.62645	44.620625	44.653435	44.647129	44.612888	44.609829	44.616833	44.644581	44.620655	44.573917	44.612579	44.589115	44.59082	44.598	44.620472	44.569336	44.617805	44.596081	44.605373	44.614056	44.605373	44.602142	44.593231	44.610138	44.55373	44.572975	44.60553	44.56908	44.568447	44.535892	44.586899	44.589214	44.58672	44.580894	44.583256	44.556252	44.561161	44.506569	44.562511	44.56852	44.555508	44.575642	44.567657	44.579288	44.562714	44.5602
971	44.712254	44.680504	44.710857	44.668804	44.669376	44.682732	44.655846	44.640083	44.691536	44.628036	44.674328	44.60828	44.679977	44.656502	44.628693	44.635128	44.624882	44.661499	44.650284	44.625141	44.625935	44.621861	44.663517	44.634342	44.573463	44.631714	44.59037	44.596897	44.599476	44.626724	44.576927	44.620724	44.610603	44.619232	44.641705	44.619667	44.613632	44.598904	44.61919	44.556824	44.583363	44.614853	44.57198	44.574345	44.544777	44.608246	44.598827	44.601318	44.5895	44.601894	44.565105	44.564442	44.516182	44.555901	44.572895	44.560589	44.58744	44.58083	44.594227	44.573509	44.561466
972	44.714161	44.683754	44.703381	44.681854	44.673653	44.688354	44.657608	44.636951	44.693176	44.632362	44.673988	44.61879	44.679714	44.650085	44.624836	44.636623	44.633266	44.663334	44.652561	44.635288	44.616192	44.622597	44.653667	44.630562	44.589958	44.635502	44.594212	44.606674	44.613968	44.622253	44.578835	44.613842	44.624065	44.627541	44.636841	44.630909	44.609581	44.622169	44.61462	44.562569	44.590626	44.619007	44.578506	44.571541	44.557976	44.605873	44.596336	44.602959	44.587471	44.594765	44.563347	44.570873	44.526665	44.568069	44.572998	44.566383	44.584213	44.571079	44.598698	44.577713	44.547962
973	44.716133	44.687103	44.695721	44.695259	44.678055	44.694141	44.659428	44.633759	44.69487	44.636814	44.673649	44.629585	44.679447	44.643497	44.620888	44.638165	44.64188	44.665226	44.654907	44.645706	44.606197	44.623363	44.643578	44.626686	44.606895	44.639404	44.598164	44.616714	44.628849	44.617683	44.580807	44.606777	44.637897	44.636078	44.631866	44.64246	44.605427	44.646053	44.609947	44.568474	44.598083	44.623287	44.585217	44.568668	44.571529	44.603455	44.593792	44.604656	44.585403	44.587452	44.561558	44.577484	44.537441	44.580574	44.573112	44.572342	44.580921	44.561089	44.603306	44.582047	44.534107
974	44.718143	44.690533	44.687851	44.709011	44.682564	44.700066	44.661285	44.630466	44.696602	44.64138	44.673294	44.640663	44.679173	44.636734	44.616829	44.63974	44.650711	44.66716	44.657307	44.656395	44.595928	44.624138	44.633205	44.622704	44.624283	44.643394	44.602211	44.627018	44.644123	44.612972	44.582817	44.599525	44.652084	44.644836	44.626747	44.654308	44.601158	44.67057	44.605137	44.574528	44.605736	44.627674	44.592094	44.565712	44.585438	44.600964	44.591171	44.606384	44.583275	44.579937	44.559708	44.584255	44.548489	44.593399	44.573219	44.578449	44.577522	44.550827	44.608021	44.586475	44.519878
975	44.708626	44.693329	44.688808	44.705574	44.677769	44.69347	44.657562	44.629593	44.692219	44.634983	44.667301	44.65456	44.674885	44.639355	44.603733	44.640606	44.653069	44.667866	44.655766	44.64761	44.597652	44.615479	44.625053	44.620564	44.621815	44.642403	44.602879	44.62598	44.640587	44.611721	44.575409	44.613045	44.63113	44.635147	44.614746	44.643448	44.600346	44.663494	44.607582	44.576706	44.599243	44.619999	44.58371	44.568954	44.588627	44.601437	44.581177	44.597065	44.587372	44.582314	44.556477	44.572498	44.549809	44.599827	44.569828	44.575245	44.566193	44.554161	44.5909	44.570141	44.526733
976	44.697399	44.696106	44.69091	44.699875	44.671677	44.685127	44.65303	44.628994	44.686943	44.627045	44.660439	44.669147	44.669987	44.643227	44.589172	44.641403	44.654659	44.66843	44.653683	44.636143	44.600929	44.605408	44.616978	44.618599	44.616783	44.640751	44.603138	44.623478	44.634579	44.610874	44.566624	44.629517	44.605209	44.622887	44.601574	44.629448	44.599957	44.652252	44.611	44.578449	44.590794	44.610607	44.573185	44.573063	44.590534	44.602291	44.57	44.586109	44.592358	44.585987	44.552986	44.558113	44.549934	44.605606	44.565914	44.570786	44.553566	44.559292	44.570583	44.550766	44.536419
977	44.68586	44.698967	44.693073	44.694008	44.665413	44.676544	44.648369	44.62838	44.681519	44.618874	44.653381	44.684166	44.664951	44.647205	44.574184	44.642227	44.656292	44.66901	44.651543	44.62434	44.604298	44.595051	44.608658	44.616581	44.611599	44.639053	44.603409	44.620899	44.628399	44.609993	44.557583	44.646473	44.578545	44.610264	44.588028	44.615044	44.599552	44.640682	44.614513	44.58025	44.5821	44.600948	44.562359	44.577286	44.59251	44.60318	44.558502	44.574852	44.597485	44.589775	44.549393	44.543308	44.55006	44.611561	44.561882	44.566193	44.540577	44.564568	44.54969	44.530838	44.546391
978	44.686405	44.701031	44.703285	44.696774	44.663303	44.687401	44.652771	44.628864	44.666569	44.622887	44.656116	44.687435	44.669762	44.649597	44.577621	44.638939	44.65749	44.67437	44.658939	44.624207	44.612114	44.598408	44.612919	44.628532	44.615452	44.644077	44.608833	44.620171	44.631233	44.618683	44.563107	44.653744	44.581257	44.604843	44.581638	44.613842	44.599037	44.642006	44.619656	44.579964	44.585571	44.600594	44.567661	44.584759	44.587158	44.600754	44.560684	44.576057	44.598225	44.604465	44.55447	44.548946	44.557751	44.606682	44.561657	44.564186	44.531528	44.569088	44.5434	44.523525	44.54604
979	44.694252	44.702625	44.718494	44.704773	44.663685	44.710117	44.662685	44.630016	44.645672	44.634281	44.664783	44.683655	44.68058	44.651066	44.592205	44.633129	44.658424	44.682667	44.672173	44.631107	44.6227	44.610077	44.624813	44.649071	44.624805	44.653214	44.617428	44.620541	44.639523	44.633255	44.577477	44.65527	44.601711	44.603683	44.579483	44.620583	44.598434	44.651108	44.625835	44.578434	44.596397	44.605835	44.582741	44.59428	44.577332	44.596306	44.571136	44.584805	44.596317	44.625927	44.564827	44.566975	44.570099	44.595207	44.563725	44.563705	44.524731	44.573204	44.545834	44.523724	44.539459
980	44.702332	44.704277	44.734173	44.713017	44.664078	44.733543	44.672913	44.631199	44.624123	44.646038	44.673725	44.679756	44.691738	44.652573	44.60725	44.62714	44.659389	44.691238	44.685833	44.63821	44.633617	44.62212	44.637077	44.670238	44.634438	44.662632	44.626297	44.620926	44.648079	44.648273	44.592289	44.656845	44.62281	44.602497	44.577259	44.627525	44.59782	44.660492	44.632206	44.576855	44.607563	44.61124	44.598293	44.604111	44.567204	44.591721	44.581921	44.59383	44.59436	44.648052	44.575508	44.585567	44.582825	44.583385	44.565853	44.563213	44.517731	44.577454	44.548347	44.523926	44.532692
981	44.709557	44.709652	44.743694	44.720165	44.666393	44.747787	44.683601	44.635334	44.619923	44.657047	44.681332	44.676891	44.699104	44.653267	44.620132	44.627403	44.660027	44.69442	44.69426	44.643669	44.642754	44.629883	44.651379	44.679375	44.644268	44.670479	44.63332	44.621452	44.654274	44.660126	44.606701	44.656601	44.634384	44.606445	44.584427	44.634075	44.600594	44.664276	44.638668	44.581905	44.619225	44.614433	44.610943	44.607574	44.566963	44.592415	44.594933	44.599743	44.5965	44.660183	44.587414	44.603111	44.590549	44.578125	44.567677	44.564342	44.518192	44.581459	44.555851	44.525768	44.535149
982	44.715179	44.721378	44.742424	44.725281	44.671982	44.745899	44.694901	44.644485	44.645767	44.666553	44.686489	44.675877	44.699814	44.652538	44.629036	44.638462	44.660095	44.688271	44.693531	44.646175	44.64864	44.630135	44.668934	44.667553	44.654243	44.675457	44.637012	44.62225	44.656281	44.666294	44.620129	44.653217	44.62928	44.619198	44.607662	44.639816	44.609177	44.65831	44.645164	44.598324	44.6315	44.613758	44.618347	44.600002	44.583809	44.602222	44.611565	44.600182	44.605698	44.654831	44.601204	44.618519	44.589481	44.584309	44.568943	44.568264	44.531528	44.584991	44.571842	44.530418	44.553509
983	44.720985	44.733486	44.741093	44.73056	44.677753	44.743938	44.70657	44.653934	44.67247	44.676365	44.691818	44.674824	44.700535	44.651787	44.638233	44.649879	44.660152	44.681904	44.692768	44.648762	44.654716	44.630386	44.687061	44.655334	44.664547	44.680603	44.640827	44.623055	44.65834	44.672665	44.633995	44.649715	44.624008	44.632359	44.631657	44.645737	44.618042	44.652138	44.651863	44.615273	44.644184	44.613041	44.625984	44.592171	44.601204	44.612347	44.628735	44.60062	44.615192	44.649288	44.615448	44.63443	44.588367	44.590691	44.570244	44.572315	44.545296	44.588619	44.588352	44.53521	44.572472
984	44.726631	44.745655	44.741013	44.73748	44.684402	44.743546	44.718197	44.663265	44.697918	44.686935	44.698261	44.675274	44.702656	44.653831	44.648243	44.661415	44.661842	44.678162	44.693443	44.652115	44.659866	44.632103	44.703121	44.646309	44.674671	44.685905	44.646393	44.625599	44.660725	44.678638	44.649101	44.647896	44.621555	44.644581	44.65638	44.652805	44.628056	44.649445	44.659824	44.630116	44.656681	44.613419	44.633438	44.587242	44.617718	44.6222	44.646309	44.603386	44.62439	44.645191	44.627579	44.650871	44.588409	44.597446	44.57243	44.577255	44.559437	44.593658	44.603516	44.541355	44.589909
985	44.729946	44.755737	44.750294	44.755268	44.696239	44.755016	44.727074	44.669724	44.708572	44.700966	44.711773	44.686943	44.714817	44.676544	44.662285	44.671413	44.675426	44.694881	44.704727	44.660519	44.656986	44.644424	44.70031	44.66317	44.681339	44.691345	44.663967	44.640667	44.665001	44.68037	44.670303	44.659077	44.640831	44.647141	44.681274	44.666931	44.644592	44.673504	44.675503	44.625992	44.665165	44.621838	44.637932	44.60519	44.624077	44.627926	44.66317	44.623051	44.629444	44.652756	44.621265	44.667812	44.597092	44.605579	44.580837	44.587891	44.573315	44.60815	44.605339	44.556339	44.592205
986	44.733376	44.766186	44.759914	44.773697	44.708508	44.766903	44.736271	44.676418	44.719608	44.7155	44.725784	44.699047	44.727428	44.700085	44.676842	44.681774	44.689491	44.712212	44.716423	44.669228	44.654003	44.6572	44.697388	44.680645	44.688244	44.696987	44.682198	44.656284	44.66943	44.682178	44.692276	44.67067	44.660809	44.649788	44.707077	44.681568	44.661732	44.698448	44.691757	44.621712	44.673954	44.630569	44.642593	44.623798	44.630672	44.633858	44.680645	44.643433	44.634678	44.660595	44.614719	44.685383	44.606102	44.614017	44.589542	44.598907	44.5877	44.623173	44.607227	44.571869	44.594578
987	44.736935	44.777016	44.76989	44.792812	44.72123	44.779224	44.745804	44.683361	44.731052	44.730572	44.740303	44.711586	44.740498	44.724499	44.691936	44.692516	44.704079	44.730183	44.728554	44.678257	44.650902	44.670448	44.694359	44.698776	44.695404	44.702824	44.701084	44.672474	44.674023	44.684044	44.715057	44.682686	44.681526	44.652534	44.733841	44.696751	44.679508	44.724304	44.708607	44.617275	44.683071	44.639622	44.647427	44.643082	44.637505	44.640003	44.698776	44.664566	44.640102	44.668724	44.607929	44.703598	44.615433	44.622761	44.598572	44.610329	44.602619	44.638748	44.609184	44.587975	44.597038
988	44.741341	44.76469	44.762577	44.782516	44.722687	44.763203	44.743286	44.687363	44.717411	44.718067	44.725914	44.718117	44.7351	44.711853	44.680779	44.693245	44.700268	44.716099	44.726116	44.673927	44.651707	44.665257	44.672909	44.701256	44.687824	44.703709	44.687317	44.669682	44.665085	44.662441	44.704662	44.680805	44.684082	44.648247	44.709858	44.686348	44.673111	44.712505	44.701889	44.60751	44.679493	44.632046	44.631538	44.633022	44.645336	44.639263	44.693382	44.664284	44.6432	44.662151	44.611473	44.686489	44.622601	44.612907	44.592304	44.605228	44.610329	44.641228	44.596878	44.587742	44.594444
989	44.746021	44.748287	44.752281	44.767223	44.722401	44.742161	44.738777	44.691021	44.699348	44.700787	44.706474	44.723896	44.726593	44.692913	44.665092	44.692402	44.693409	44.696472	44.721275	44.667339	44.653149	44.656967	44.64785	44.701336	44.677654	44.703838	44.667912	44.663776	44.653717	44.636414	44.68866	44.676651	44.683838	44.642715	44.677044	44.671532	44.662659	44.694347	44.691216	44.596596	44.673779	44.621593	44.611847	44.617973	44.653584	44.637402	44.684093	44.660587	44.646019	44.65303	44.616772	44.663227	44.629646	44.599781	44.583405	44.59734	44.617142	44.641708	44.581909	44.5849	44.590969
990	44.750874	44.731243	44.741585	44.751324	44.722095	44.720299	44.734085	44.694817	44.680576	44.682823	44.686272	44.729893	44.717747	44.673233	44.6488	44.691517	44.686272	44.676079	44.716248	44.660488	44.65464	44.64835	44.621815	44.701408	44.667084	44.70396	44.647755	44.657639	44.641907	44.609375	44.672031	44.672333	44.683575	44.636959	44.642948	44.656147	44.651798	44.67548	44.680126	44.585243	44.667835	44.610725	44.591389	44.602333	44.66214	44.63546	44.674431	44.656742	44.648949	44.643555	44.622265	44.639057	44.636959	44.586147	44.574158	44.589138	44.624218	44.642197	44.566353	44.581947	44.587337
991	44.749306	44.716774	44.723843	44.741013	44.713184	44.705261	44.723083	44.687195	44.675159	44.670845	44.667522	44.720123	44.705879	44.656502	44.638046	44.673111	44.672718	44.663044	44.707851	44.646236	44.648079	44.636696	44.612289	44.68795	44.662292	44.69746	44.631008	44.644623	44.634823	44.590904	44.654034	44.661205	44.666794	44.629265	44.615669	44.636463	44.636337	44.657124	44.668873	44.581596	44.653542	44.599197	44.58321	44.594231	44.654526	44.622849	44.655773	44.635246	44.640411	44.624096	44.607018	44.621593	44.62804	44.576664	44.562321	44.577415	44.612579	44.626198	44.559814	44.566296	44.574455
992	44.743484	44.703758	44.70118	44.734211	44.698463	44.694458	44.707752	44.671944	44.678425	44.662605	44.649422	44.699837	44.69183	44.641438	44.630768	44.642891	44.654724	44.654648	44.697105	44.626884	44.636108	44.622864	44.613453	44.665371	44.661217	44.686501	44.616241	44.626869	44.630737	44.577763	44.634838	44.645424	44.638889	44.620171	44.59243	44.613651	44.617596	44.638809	44.657326	44.582951	44.633518	44.58704	44.582966	44.59095	44.636162	44.603016	44.630909	44.601799	44.624207	44.597763	44.577892	44.608269	44.608322	44.569759	44.548595	44.563187	44.588463	44.599094	44.559097	44.542046	44.555267
993	44.737419	44.690197	44.677578	44.727116	44.683132	44.683201	44.69178	44.656059	44.681828	44.654018	44.630566	44.678699	44.677185	44.625748	44.623184	44.611401	44.635983	44.645893	44.685909	44.606724	44.623638	44.608448	44.614674	44.64185	44.660103	44.675079	44.600853	44.608376	44.626488	44.564075	44.614845	44.628983	44.609818	44.610699	44.568222	44.589882	44.598076	44.619736	44.645298	44.584362	44.612667	44.574379	44.58271	44.587528	44.617031	44.582359	44.605	44.566956	44.607323	44.570332	44.547546	44.594383	44.587769	44.562565	44.534294	44.548359	44.563332	44.570858	44.558342	44.516785	44.535275
994	44.726303	44.673462	44.657551	44.717426	44.667358	44.676048	44.673462	44.638462	44.677162	44.651527	44.624554	44.657501	44.662758	44.61742	44.613316	44.590977	44.621651	44.63855	44.673191	44.592182	44.609928	44.596775	44.620853	44.625359	44.652287	44.665257	44.588169	44.596191	44.616035	44.55941	44.604527	44.618622	44.588795	44.598873	44.554146	44.573765	44.586388	44.60413	44.633293	44.577957	44.597713	44.56329	44.582684	44.579514	44.597622	44.56699	44.588207	44.543041	44.596191	44.543228	44.526772	44.587944	44.572826	44.558113	44.527443	44.540951	44.541126	44.549782	44.559364	44.497879	44.510315
995	44.706257	44.65144	44.644749	44.703281	44.651287	44.676674	44.65144	44.618313	44.657825	44.66032	44.642334	44.636879	44.649208	44.62289	44.599583	44.591549	44.615917	44.634041	44.658115	44.588436	44.594391	44.590519	44.635948	44.622307	44.632427	44.658703	44.58086	44.596008	44.59454	44.571476	44.612339	44.619774	44.583233	44.583103	44.559158	44.572235	44.589462	44.595425	44.621719	44.557404	44.594078	44.555454	44.583084	44.563339	44.578346	44.561844	44.588722	44.540005	44.596008	44.517597	44.524254	44.595402	44.568672	44.558868	44.534492	44.547421	44.525013	44.542538	44.563614	44.49128	44.477051
996	44.685356	44.628475	44.631393	44.688522	44.634525	44.677319	44.628475	44.59729	44.637661	44.669487	44.660881	44.615372	44.635059	44.628593	44.585262	44.59214	44.609936	44.629333	44.642387	44.584522	44.578178	44.583988	44.651695	44.619118	44.611706	44.651863	44.573238	44.595806	44.572128	44.584064	44.62048	44.620972	44.577435	44.56665	44.564377	44.570644	44.592674	44.586338	44.609646	44.535969	44.59029	44.547287	44.583488	44.546471	44.558247	44.556473	44.58926	44.536827	44.595806	44.490864	44.521629	44.603176	44.564342	44.559639	44.541847	44.554165	44.508202	44.534969	44.568043	44.484394	44.442348
997	44.665646	44.60619	44.619686	44.674694	44.620113	44.67593	44.607471	44.57822	44.619793	44.67326	44.677647	44.596222	44.623699	44.6311	44.572544	44.592422	44.604099	44.624935	44.62788	44.581383	44.564774	44.576088	44.663189	44.614384	44.593597	44.643311	44.565796	44.596325	44.551281	44.593227	44.624989	44.619526	44.572865	44.551388	44.570347	44.56778	44.594082	44.575657	44.599701	44.51646	44.585991	44.541203	44.582832	44.531193	44.537785	44.551388	44.590221	44.534782	44.592796	44.467552	44.519836	44.607422	44.557339	44.558411	44.547375	44.559479	44.491932	44.525997	44.570194	44.477627	44.411789
998	44.66119	44.595806	44.624428	44.672291	44.628571	44.658726	44.608238	44.580208	44.625462	44.63282	44.675304	44.601379	44.637798	44.607353	44.576256	44.59008	44.601082	44.624226	44.627235	44.585289	44.577591	44.559486	44.63736	44.598614	44.601475	44.623535	44.561951	44.602413	44.548969	44.572361	44.599258	44.597385	44.579365	44.550007	44.580502	44.55563	44.580654	44.55534	44.60957	44.518028	44.578873	44.553509	44.573792	44.533081	44.520348	44.550007	44.594322	44.542305	44.568218	44.478249	44.525185	44.582233	44.531059	44.54142	44.536636	44.551785	44.484619	44.508305	44.553463	44.473713	44.423126
999	44.656536	44.584957	44.629375	44.669785	44.637405	44.640751	44.609039	44.582283	44.631382	44.590576	44.672863	44.606766	44.652523	44.58255	44.580139	44.587631	44.597935	44.623489	44.626568	44.589375	44.590981	44.542145	44.610382	44.582146	44.609707	44.602886	44.55793	44.608772	44.546558	44.550571	44.57238	44.574253	44.586163	44.548565	44.59111	44.542946	44.566628	44.534115	44.619877	44.519665	44.571445	44.56636	44.56435	44.535053	44.50214	44.548565	44.598602	44.550167	44.542542	44.489426	44.530769	44.555923	44.503613	44.523682	44.525417	44.543751	44.476986	44.489826	44.535988	44.469624	44.434967
1000	44.65168	44.57362	44.634556	44.66716	44.646645	44.62196	44.609882	44.58445	44.637577	44.546417	44.670307	44.6124	44.667919	44.556622	44.584198	44.585083	44.59465	44.622719	44.625874	44.593643	44.604977	44.524017	44.582176	44.564934	44.618317	44.581299	44.55373	44.615425	44.544037	44.527794	44.544281	44.550076	44.593269	44.547062	44.602203	44.529682	44.551964	44.511929	44.630657	44.521378	44.563679	44.5798	44.554485	44.537117	44.483097	44.547062	44.603085	44.558395	44.515701	44.501114	44.536613	44.528419	44.474915	44.505135	44.513695	44.535351	44.469009	44.470512	44.517723	44.465355	44.447357
1001	44.668106	44.615246	44.652008	44.689384	44.657982	44.649723	44.635754	44.603947	44.675953	44.591679	44.678791	44.655376	44.677063	44.585564	44.614307	44.601357	44.610153	44.638268	44.66048	44.604977	44.616123	44.531784	44.599236	44.592636	44.645409	44.605278	44.578655	44.631828	44.574181	44.551407	44.558872	44.56963	44.611885	44.570496	44.615494	44.548584	44.569397	44.546532	44.631523	44.538689	44.591774	44.603317	44.580383	44.552197	44.512375	44.576538	44.612041	44.577324	44.535938	44.50901	44.546154	44.54364	44.481133	44.532322	44.535938	44.544662	44.499496	44.491726	44.528797	44.486778	44.485359
1002	44.688587	44.666965	44.672115	44.716457	44.670101	44.68602	44.666637	44.626984	44.720982	44.653004	44.689369	44.706009	44.685574	44.624413	44.649773	44.621284	44.629272	44.657032	44.702103	44.617878	44.627266	44.543987	44.624191	44.628605	44.676521	44.637482	44.609219	44.65044	44.610725	44.583363	44.580849	44.596935	44.633072	44.598831	44.629665	44.573368	44.592632	44.591568	44.63084	44.559177	44.626705	44.629387	44.613022	44.569962	44.550518	44.612129	44.622066	44.598721	44.56448	44.516621	44.556664	44.566269	44.49316	44.567886	44.56448	44.557171	44.537338	44.520248	44.544991	44.513149	44.528961
1003	44.710052	44.721184	44.69318	44.744827	44.6828	44.724049	44.699013	44.651119	44.768177	44.717278	44.700455	44.759079	44.694489	44.665127	44.686935	44.642174	44.649307	44.676693	44.745724	44.631405	44.638939	44.556774	44.650349	44.666298	44.709129	44.67123	44.641254	44.669949	44.649029	44.616848	44.603882	44.625549	44.655281	44.628532	44.644512	44.599335	44.616989	44.638771	44.630123	44.580647	44.663315	44.6567	44.647224	44.588566	44.590492	44.649426	44.632576	44.621143	44.594398	44.524593	44.56768	44.589989	44.505768	44.605167	44.594398	44.570274	44.577	44.55014	44.561966	44.540798	44.574661
1004	44.71209	44.724297	44.676216	44.738773	44.68301	44.722839	44.701866	44.652061	44.769852	44.731609	44.691635	44.760952	44.689381	44.660812	44.682865	44.649021	44.652592	44.672909	44.747673	44.628559	44.632809	44.574528	44.650074	44.666134	44.712219	44.667591	44.638508	44.663353	44.650867	44.632286	44.60638	44.637199	44.659508	44.624702	44.626419	44.608913	44.622852	44.648605	44.624313	44.579552	44.664677	44.645008	44.642754	44.577824	44.597481	44.628933	44.615925	44.618328	44.592827	44.517406	44.55431	44.592575	44.506786	44.61462	44.594158	44.559765	44.575031	44.547947	44.559502	44.534256	44.580353
1005	44.701637	44.694534	44.634468	44.710426	44.675156	44.696301	44.685738	44.638065	44.742214	44.713985	44.669827	44.729843	44.675152	44.627422	44.652153	44.646919	44.645142	44.653946	44.722797	44.615112	44.615101	44.595768	44.632759	44.641571	44.696323	44.639797	44.613316	44.639805	44.629215	44.636337	44.595692	44.638096	44.652206	44.599186	44.586792	44.608074	44.616898	44.634525	44.61512	44.563892	44.643349	44.607986	44.613308	44.547966	44.583317	44.570858	44.581509	44.599201	44.570942	44.500328	44.525013	44.58157	44.500351	44.606289	44.574482	44.533852	44.546207	44.525032	44.544472	44.505592	44.560356
1006	44.690704	44.663376	44.590755	44.680759	44.66695	44.66853	44.668854	44.623409	44.713287	44.695538	44.647007	44.697289	44.66024	44.592468	44.620003	44.64473	44.637333	44.634094	44.696758	44.601028	44.596565	44.618	44.614635	44.615856	44.679699	44.610699	44.586937	44.615166	44.606556	44.640587	44.584499	44.639046	44.644569	44.572483	44.545311	44.607208	44.610657	44.619789	44.605492	44.547501	44.621017	44.569237	44.58247	44.51672	44.568504	44.510067	44.545479	44.579182	44.548027	44.482445	44.494343	44.570038	44.49361	44.59758	44.553879	44.506733	44.516033	44.501049	44.52874	44.475582	44.539425
1007	44.687912	44.648518	44.575798	44.672657	44.663548	44.664593	44.665485	44.614151	44.696846	44.677937	44.638287	44.682686	44.659389	44.578865	44.604988	44.648083	44.635685	44.634563	44.680744	44.602795	44.589325	44.639153	44.607388	44.604118	44.675282	44.596291	44.582767	44.604118	44.598457	44.648952	44.586697	44.646557	44.634411	44.568401	44.533138	44.613689	44.609787	44.611752	44.60672	44.544701	44.608921	44.552101	44.568424	44.502266	44.562557	44.489384	44.531635	44.57386	44.542305	44.488083	44.491348	44.576664	44.501804	44.590652	44.53886	44.493565	44.507042	44.496807	44.527935	44.471981	44.528828
1008	44.699459	44.662647	44.611572	44.702526	44.668686	44.702442	44.685848	44.61462	44.702759	44.662395	44.654507	44.699944	44.683109	44.603031	44.620426	44.661034	44.644836	44.670544	44.682777	44.632195	44.602062	44.657726	44.619385	44.617207	44.692371	44.608021	44.617535	44.617207	44.616081	44.664253	44.612213	44.665302	44.620182	44.604	44.572586	44.632835	44.618332	44.615677	44.626877	44.565731	44.615112	44.573299	44.584175	44.517632	44.572334	44.539478	44.557034	44.59441	44.56678	44.534645	44.536819	44.614799	44.535847	44.587074	44.534065	44.50523	44.535366	44.527225	44.553246	44.514668	44.536644
1009	44.711552	44.677437	44.649059	44.733818	44.674057	44.742111	44.707176	44.615112	44.708954	44.646095	44.671497	44.718025	44.707958	44.628353	44.6366	44.674591	44.654427	44.708244	44.684906	44.662998	44.615402	44.677189	44.631943	44.630913	44.71027	44.620312	44.653969	44.630913	44.634541	44.680279	44.638954	44.684948	44.605259	44.6413	44.613911	44.652897	44.627281	44.619774	44.647987	44.587769	44.621593	44.59552	44.600674	44.533737	44.582569	44.591969	44.583641	44.615936	44.592422	44.583431	44.584461	44.654747	44.571514	44.583317	44.529037	44.517441	44.565041	44.559101	44.579762	44.559391	44.54483
1010	44.723255	44.6898	44.683208	44.761292	44.68092	44.775997	44.722855	44.616188	44.713123	44.63343	44.688862	44.729954	44.728508	44.650425	44.648071	44.685825	44.660995	44.738903	44.688183	44.688957	44.624744	44.693604	44.645847	44.643658	44.72588	44.632927	44.685322	44.643318	44.651939	44.69529	44.658134	44.701038	44.594383	44.671227	44.65126	44.669441	44.636047	44.627003	44.663109	44.607075	44.630638	44.614513	44.618217	44.549015	44.590679	44.641205	44.607578	44.634197	44.613327	44.625751	44.624405	44.6898	44.599735	44.577591	44.527714	44.526638	44.591862	44.584019	44.602596	44.597282	44.554165
1011	44.729179	44.682411	44.685688	44.755554	44.695889	44.761829	44.696167	44.620884	44.702511	44.648544	44.704014	44.697163	44.714489	44.644623	44.62466	44.678341	44.645409	44.713844	44.698311	44.675274	44.604553	44.685043	44.665016	44.646481	44.721832	44.644268	44.674065	44.643627	44.657455	44.699306	44.621166	44.688892	44.613613	44.643337	44.651752	44.65781	44.641201	44.653252	44.633785	44.602772	44.654469	44.606625	44.637993	44.554653	44.582237	44.655251	44.607052	44.625519	44.596642	44.61311	44.6017	44.682411	44.57019	44.56007	44.551659	44.512947	44.59222	44.555359	44.594433	44.57896	44.568695
1012	44.735378	44.674656	44.688286	44.749538	44.711555	44.746983	44.668201	44.625786	44.691387	44.664375	44.719879	44.662811	44.699799	44.638538	44.600128	44.670494	44.62907	44.687588	44.7089	44.660942	44.583397	44.676075	44.685089	44.649422	44.717587	44.656147	44.662266	44.643936	44.663231	44.703506	44.582436	44.676167	44.633743	44.614117	44.652256	44.645622	44.646587	44.680748	44.603054	44.598259	44.67942	44.598351	44.658707	44.560547	44.573391	44.669952	44.606491	44.616409	44.579147	44.599857	44.577908	44.674656	44.53923	44.541706	44.576736	44.498589	44.59259	44.52533	44.585873	44.559761	44.583912
1013	44.741882	44.666542	44.691025	44.743256	44.728012	44.731422	44.638897	44.630943	44.679733	44.680992	44.736534	44.626793	44.684402	44.632172	44.574417	44.662273	44.611958	44.660057	44.720032	44.645916	44.561222	44.666676	44.70615	44.652523	44.713142	44.668613	44.649902	44.644276	44.669296	44.707932	44.541828	44.662827	44.654877	44.583492	44.652794	44.632851	44.652252	44.709595	44.570835	44.59354	44.705612	44.589691	44.680439	44.566738	44.564117	44.685394	44.605923	44.60688	44.560818	44.585976	44.552975	44.666542	44.506775	44.522457	44.60305	44.483551	44.593002	44.493855	44.576904	44.539646	44.599876
1014	44.732346	44.657478	44.696911	44.761292	44.722881	44.733742	44.653492	44.63345	44.700714	44.654419	44.746078	44.640411	44.712307	44.644306	44.589291	44.66156	44.622505	44.668053	44.709335	44.662216	44.578625	44.655067	44.678165	44.650433	44.684937	44.660633	44.638832	44.640507	44.669075	44.686611	44.544762	44.671211	44.625839	44.570274	44.666107	44.646721	44.658871	44.684937	44.58252	44.564056	44.680576	44.599499	44.652004	44.578899	44.558861	44.676868	44.637444	44.629002	44.567768	44.585491	44.537334	44.652657	44.50988	44.533348	44.59161	44.477222	44.579735	44.511269	44.571945	44.537525	44.600521
1015	44.720425	44.647934	44.703438	44.783108	44.71487	44.738377	44.674152	44.635738	44.726616	44.62138	44.755138	44.660767	44.74675	44.659241	44.609829	44.661747	44.636929	44.680798	44.695492	44.683083	44.601665	44.642712	44.642933	44.647606	44.652618	44.64978	44.627468	44.636066	44.668068	44.661217	44.553234	44.682644	44.589378	44.558681	44.681557	44.664471	44.66589	44.652618	44.600143	44.530281	44.648155	44.612007	44.616154	44.592304	44.553886	44.66502	44.674259	44.655979	44.578159	44.586651	44.522217	44.637486	44.517532	44.548443	44.575008	44.471714	44.564236	44.535488	44.56728	44.537563	44.599277
1016	44.707932	44.637932	44.710289	44.805973	44.706474	44.74324	44.695816	44.638138	44.753765	44.586765	44.764637	44.68211	44.782845	44.674908	44.631351	44.661953	44.652061	44.694153	44.680992	44.704956	44.62582	44.629761	44.606007	44.64465	44.618752	44.638412	44.615566	44.631424	44.667015	44.634605	44.562115	44.694637	44.551174	44.546535	44.697754	44.683079	44.673244	44.618752	44.618618	44.494888	44.614185	44.625122	44.578587	44.606361	44.548683	44.652611	44.712849	44.684254	44.58905	44.587872	44.506378	44.62159	44.525562	44.564262	44.557613	44.465946	44.547993	44.560871	44.562393	44.537605	44.597984
1017	44.718685	44.641891	44.714771	44.787327	44.69593	44.732338	44.694977	44.637085	44.752945	44.582985	44.75288	44.688538	44.775249	44.668751	44.641823	44.668056	44.633984	44.688408	44.679241	44.706234	44.644733	44.622108	44.606434	44.643661	44.601501	44.648525	44.615662	44.622993	44.648083	44.617359	44.569836	44.696945	44.55315	44.543602	44.686447	44.670521	44.661228	44.617619	44.607883	44.487541	44.598721	44.614456	44.56794	44.591949	44.559662	44.650234	44.711731	44.673302	44.585571	44.597012	44.52142	44.606106	44.527672	44.569767	44.54443	44.467884	44.541706	44.593479	44.569897	44.536079	44.578869
1018	44.742733	44.653778	44.718025	44.744976	44.683956	44.712345	44.681503	44.634068	44.736397	44.596436	44.728939	44.686737	44.742973	44.650223	44.64632	44.677605	44.596886	44.671825	44.68462	44.69598	44.661121	44.617264	44.627834	44.643761	44.593212	44.670918	44.622494	44.612251	44.618717	44.605011	44.577065	44.693863	44.577728	44.54578	44.659462	44.640205	44.638084	44.634846	44.580524	44.495789	44.593323	44.590206	44.572166	44.56126	44.579956	44.653442	44.688301	44.640087	44.573948	44.610798	44.554119	44.590542	44.526516	44.569607	44.533314	44.474186	44.540882	44.630836	44.584522	44.533642	44.549351
1019	44.767941	44.666237	44.721432	44.700588	44.671402	44.691391	44.667377	44.630917	44.719051	44.610542	44.703846	44.684853	44.709129	44.630795	44.651024	44.687611	44.558006	44.65443	44.690254	44.685226	44.67831	44.612183	44.650265	44.64386	44.584522	44.694389	44.62965	44.600994	44.587929	44.592064	44.584641	44.690639	44.603497	44.548058	44.63118	44.608421	44.613819	44.652912	44.551842	44.504425	44.587666	44.564789	44.576599	44.529083	44.601234	44.656807	44.663738	44.605278	44.561764	44.625248	44.588402	44.574223	44.525303	44.569431	44.521664	44.480789	44.540016	44.670002	44.599854	44.531082	44.518402
1020	44.776501	44.671268	44.707184	44.672569	44.659286	44.681477	44.652313	44.613121	44.708351	44.620602	44.69606	44.679359	44.686329	44.612167	44.642754	44.691349	44.542412	44.640507	44.707565	44.660713	44.670753	44.617046	44.679401	44.626232	44.583694	44.699265	44.626575	44.588367	44.583385	44.599091	44.590488	44.677891	44.610222	44.547741	44.601959	44.592438	44.596634	44.654099	44.545658	44.515373	44.597149	44.552933	44.581745	44.508888	44.603905	44.65686	44.646824	44.571838	44.543026	44.616188	44.600182	44.56604	44.5168	44.556133	44.510662	44.474705	44.522129	44.669933	44.596283	44.519226	44.493656
1021	44.760029	44.665112	44.666954	44.669609	44.648102	44.688236	44.636215	44.573936	44.707783	44.624405	44.714252	44.668625	44.680511	44.595161	44.615345	44.685642	44.561897	44.632072	44.741875	44.616264	44.626526	44.636631	44.717827	44.582581	44.594593	44.676296	44.608307	44.573997	44.618061	44.635712	44.593609	44.651272	44.588413	44.543549	44.572037	44.600357	44.590374	44.630112	44.573139	44.529488	44.628963	44.561543	44.587837	44.506992	44.578785	44.651962	44.641701	44.541237	44.514942	44.572319	44.578148	44.570194	44.497646	44.523594	44.500877	44.449837	44.479309	44.611416	44.564651	44.493778	44.478729
1022	44.742802	44.658672	44.624859	44.666523	44.636395	44.695316	44.619373	44.532932	44.707199	44.62838	44.733284	44.657402	44.674427	44.57737	44.586662	44.679676	44.582272	44.623245	44.777775	44.569752	44.580261	44.657116	44.758041	44.536922	44.605988	44.652267	44.589195	44.558956	44.654346	44.674019	44.596874	44.623417	44.565601	44.539173	44.54073	44.608643	44.583832	44.605015	44.601894	44.544247	44.662251	44.570553	44.594219	44.505013	44.552505	44.646843	44.636337	44.509224	44.485565	44.526417	44.555096	44.574539	44.477596	44.489544	44.490643	44.42382	44.434498	44.55019	44.531555	44.467155	44.463116
1023	44.73386	44.652584	44.597771	44.669979	44.630547	44.713341	44.611473	44.508526	44.707531	44.63834	44.760494	44.649624	44.67112	44.574528	44.573925	44.682846	44.608212	44.623432	44.809635	44.538956	44.546379	44.679218	44.790188	44.510036	44.618286	44.634716	44.578922	44.547821	44.689056	44.715389	44.606705	44.602165	44.55024	44.546448	44.52586	44.624638	44.581577	44.595119	44.629036	44.557968	44.690208	44.582481	44.604282	44.505745	44.534424	44.643349	44.636829	44.48999	44.471516	44.495056	44.539799	44.582783	44.471516	44.471817	44.486057	44.410587	44.404911	44.503082	44.509674	44.451462	44.455025
1024	44.766354	44.649231	44.647537	44.704414	44.653881	44.781052	44.647961	44.568153	44.712231	44.675446	44.822491	44.659798	44.681786	44.644157	44.640141	44.729462	44.656525	44.666992	44.816673	44.589081	44.577984	44.70536	44.778091	44.57819	44.632843	44.651344	44.612968	44.557369	44.710327	44.764458	44.646481	44.616352	44.573437	44.608635	44.592678	44.675022	44.600388	44.660122	44.643833	44.56435	44.687706	44.606415	44.630409	44.519424	44.558952	44.648277	44.665401	44.535595	44.533691	44.539085	44.564449	44.608425	44.533691	44.535698	44.50948	44.461174	44.453671	44.531998	44.545536	44.491089	44.484539
1025	44.800362	44.645714	44.699635	44.740444	44.678299	44.851921	44.686153	44.630558	44.717144	44.714279	44.887371	44.670441	44.692947	44.717045	44.709454	44.778255	44.707092	44.712585	44.824032	44.641544	44.611053	44.732719	44.765415	44.649532	44.648075	44.668747	44.648605	44.567352	44.73259	44.815807	44.688118	44.631199	44.597706	44.673733	44.662613	44.727764	44.620079	44.728161	44.659325	44.571022	44.685089	44.631458	44.657757	44.533737	44.584633	44.653435	44.695309	44.583332	44.59877	44.585159	44.590256	44.635262	44.59877	44.602566	44.534	44.514118	44.504704	44.56226	44.583065	44.532566	44.515427
1026	44.836006	44.642029	44.754227	44.778214	44.703884	44.926186	44.726177	44.695961	44.722305	44.754978	44.955368	44.681595	44.704639	44.793415	44.782085	44.829388	44.760078	44.760357	44.831745	44.696529	44.645721	44.761398	44.75214	44.724293	44.664036	44.686981	44.685944	44.577824	44.75592	44.869621	44.731747	44.646755	44.62315	44.741951	44.735909	44.783028	44.640713	44.799454	44.675556	44.578014	44.682346	44.657711	44.686413	44.548737	44.61153	44.658833	44.72665	44.633354	44.666969	44.63345	44.61729	44.663376	44.666969	44.672638	44.559689	44.569607	44.558182	44.593967	44.622398	44.576027	44.547798
1027	44.879429	44.691078	44.812435	44.813572	44.755928	44.920208	44.762234	44.734493	44.75462	44.781353	44.937592	44.718533	44.749023	44.794983	44.79874	44.832077	44.754433	44.775158	44.842442	44.698227	44.69352	44.769978	44.765099	44.755333	44.659405	44.727879	44.701977	44.615875	44.741638	44.823273	44.740501	44.710793	44.635406	44.773014	44.775753	44.79874	44.635822	44.797424	44.685005	44.63142	44.723713	44.674225	44.712337	44.555321	44.616707	44.681133	44.753605	44.661015	44.689476	44.705914	44.639874	44.693943	44.68084	44.671188	44.589558	44.585804	44.587833	44.619743	44.638859	44.596882	44.569138
1028	44.925274	44.745502	44.873489	44.850372	44.811893	44.909161	44.799686	44.773148	44.790016	44.808052	44.913891	44.758667	44.797359	44.792149	44.812794	44.832001	44.745029	44.788651	44.853809	44.696815	44.744267	44.777744	44.780212	44.785149	44.653332	44.771976	44.717453	44.657307	44.724461	44.768837	44.747566	44.780617	44.647427	44.803249	44.815395	44.812794	44.629189	44.790916	44.694485	44.690018	44.769581	44.69091	44.739265	44.561691	44.620819	44.705452	44.781513	44.68858	44.710258	44.783085	44.6632	44.726028	44.692081	44.665401	44.621017	44.600372	44.617386	44.646324	44.654697	44.617317	44.590775
1029	44.973358	44.802574	44.937511	44.888981	44.870594	44.897572	44.838963	44.813694	44.827152	44.836063	44.889027	44.80077	44.848049	44.789169	44.827526	44.831905	44.735165	44.802795	44.865719	44.695328	44.797485	44.785889	44.796066	44.816425	44.646965	44.81823	44.733685	44.700748	44.70644	44.711746	44.754971	44.853844	44.660034	44.834969	44.856972	44.827526	44.622227	44.784084	44.704418	44.751476	44.817677	44.708408	44.767498	44.568382	44.625126	44.730957	44.810787	44.717487	44.732048	44.864029	44.687668	44.759682	44.703865	44.659325	44.654022	44.615662	44.64838	44.67421	44.67131	44.63876	44.613476
1030	44.966679	44.795933	44.90712	44.88932	44.854321	44.885792	44.837334	44.802261	44.84285	44.833801	44.843803	44.80917	44.809471	44.768505	44.801598	44.821156	44.724171	44.801449	44.852112	44.670856	44.781227	44.779678	44.778366	44.824615	44.663574	44.821156	44.708141	44.7038	44.679981	44.694607	44.732697	44.83329	44.635044	44.808655	44.821381	44.793217	44.628502	44.781742	44.700272	44.749538	44.802998	44.691231	44.736301	44.579304	44.620853	44.716526	44.78336	44.687111	44.695564	44.830574	44.663872	44.727184	44.70586	44.627327	44.635044	44.611736	44.645485	44.661007	44.654686	44.616081	44.597771
1031	44.936325	44.761768	44.835423	44.873245	44.805458	44.873642	44.8181	44.768242	44.849747	44.818489	44.788704	44.803314	44.73159	44.739735	44.757553	44.805561	44.712406	44.793415	44.827209	44.635902	44.73473	44.767159	44.745804	44.823093	44.690475	44.805561	44.664013	44.689583	44.649227	44.694191	44.697121	44.77195	44.593285	44.756775	44.75177	44.73698	44.640617	44.781269	44.689976	44.720337	44.760986	44.658726	44.678802	44.592323	44.612789	44.684589	44.730911	44.630508	44.633156	44.747169	44.618755	44.665482	44.703693	44.583401	44.593285	44.599468	44.627972	44.629826	44.623363	44.573898	44.565178
1032	44.904583	44.72604	44.760452	44.856434	44.754349	44.860931	44.797977	44.732651	44.856945	44.802475	44.731079	44.79718	44.650154	44.709637	44.711502	44.789242	44.700104	44.785004	44.801159	44.599342	44.686108	44.754066	44.711761	44.821507	44.718597	44.789242	44.617867	44.674717	44.617069	44.693752	44.659916	44.707806	44.549622	44.702511	44.678982	44.678181	44.653275	44.780777	44.679207	44.689804	44.717056	44.624737	44.618668	44.60593	44.604355	44.651188	44.67606	44.571316	44.567886	44.65995	44.571575	44.600948	44.701431	44.537457	44.549622	44.586628	44.60965	44.597229	44.590614	44.529785	44.531101
1033	44.844223	44.684875	44.700417	44.806679	44.68597	44.816475	44.743801	44.688606	44.818184	44.744503	44.650845	44.768742	44.59758	44.666298	44.672665	44.742088	44.665287	44.748146	44.749859	44.561436	44.628445	44.709282	44.662254	44.754383	44.695763	44.730976	44.569916	44.626122	44.565567	44.669327	44.608158	44.633892	44.50835	44.63591	44.608158	44.63916	44.612286	44.735016	44.633892	44.617729	44.65115	44.5895	44.549011	44.581108	44.548397	44.585239	44.613914	44.522888	44.521175	44.566967	44.497326	44.552967	44.650845	44.499878	44.500271	44.524067	44.585766	44.546288	44.526394	44.458775	44.483715
1034	44.751377	44.637691	44.657871	44.719418	44.598148	44.735851	44.650848	44.635086	44.726898	44.638721	44.545113	44.714882	44.578415	44.608002	44.642334	44.659805	44.604828	44.678844	44.669891	44.522198	44.560741	44.62841	44.59531	44.612442	44.614578	44.624897	44.520168	44.539104	44.492172	44.617523	44.540005	44.549187	44.47007	44.555534	44.540005	44.62307	44.509972	44.637592	44.549187	44.498417	44.560406	44.553028	44.46883	44.512352	44.438236	44.482323	44.543747	44.487068	44.496021	44.467926	44.392445	44.524242	44.545113	44.472103	44.444683	44.4048	44.555637	44.474609	44.426449	44.357311	44.421341
1035	44.654289	44.588356	44.613369	44.628162	44.506306	44.651535	44.553642	44.579121	44.631432	44.528107	44.434536	44.658546	44.558369	44.547035	44.610615	44.57375	44.541599	44.606354	44.586258	44.481167	44.489937	44.543823	44.525299	44.463997	44.529678	44.513962	44.468136	44.448097	44.415421	44.563339	44.468723	44.460598	44.430031	44.47147	44.468723	44.606236	44.402973	44.535702	44.460598	44.373638	44.465508	44.514893	44.384972	44.440437	44.323029	44.374691	44.47036	44.449608	44.469715	44.364346	44.282761	44.494202	44.434536	44.443058	44.386547	44.280071	44.524117	44.399643	44.321915	44.251202	44.356102
1036	44.565453	44.534256	44.549622	44.536964	44.404945	44.563068	44.460789	44.507343	44.540367	44.427444	44.350948	44.577305	44.529858	44.464958	44.546673	44.489727	44.47073	44.528042	44.505894	44.431858	44.420212	44.458527	44.458084	44.336235	44.448021	44.412983	44.408451	44.358383	44.338947	44.501366	44.40078	44.368889	44.377827	44.387886	44.394554	44.560696	44.304474	44.439659	44.380768	44.279175	44.384731	44.457275	44.306736	44.365616	44.218235	44.287422	44.407005	44.395004	44.424503	44.276791	44.182632	44.450729	44.332848	44.399525	44.319954	44.161381	44.460426	44.31826	44.235085	44.152	44.288879
1037	44.511375	44.470329	44.431068	44.454777	44.283215	44.470005	44.390671	44.392441	44.471989	44.368046	44.360855	44.425007	44.47728	44.323933	44.386829	44.420242	44.382507	44.438778	44.443626	44.361095	44.360657	44.379196	44.406223	44.286285	44.384487	44.35326	44.330318	44.281437	44.270729	44.420685	44.349949	44.276146	44.292141	44.313873	44.318398	44.428642	44.242371	44.371357	44.336376	44.289799	44.356449	44.343571	44.253845	44.288826	44.156528	44.273033	44.381496	44.29137	44.323814	44.248428	44.122433	44.368935	44.269073	44.314316	44.233002	44.073231	44.300987	44.224392	44.212681	44.084255	44.221848
1038	44.454857	44.40353	44.307186	44.368896	44.156013	44.372761	44.31739	44.272381	44.400539	44.305969	44.371204	44.265869	44.422337	44.176575	44.219814	44.347626	44.290318	44.345509	44.378571	44.287159	44.298409	44.296295	44.352028	44.234077	44.318096	44.290848	44.248657	44.201027	44.199444	44.336376	44.296833	44.179222	44.202606	44.236534	44.238819	44.290657	44.177471	44.299992	44.289978	44.300892	44.326897	44.224747	44.198566	44.208584	44.092041	44.257992	44.354847	44.183083	44.218594	44.218788	44.059525	44.283466	44.202431	44.225277	44.142136	43.981117	44.13438	44.126312	44.189262	44.013466	44.15181
1039	44.395164	44.335049	44.180756	44.280815	44.026295	44.272671	44.242504	44.149773	44.327263	44.242325	44.38092	44.103325	44.365688	44.02589	44.049721	44.272266	44.194302	44.249119	44.311569	44.21093	44.232677	44.210754	44.297031	44.180698	44.25	44.226864	44.164364	44.118557	44.126984	44.248714	44.242504	44.079784	44.111462	44.157036	44.158207	44.149254	44.110996	44.226395	44.241684	44.310284	44.296455	44.104256	44.141399	44.126343	44.026295	44.242561	44.326565	44.072392	44.110062	44.187565	43.995071	44.194538	44.133492	44.133141	44.048965	43.888226	43.964783	44.024719	44.163258	43.941414	44.080189
1040	44.308575	44.320625	44.177567	44.260262	44.026981	44.234787	44.235794	44.143433	44.310207	44.228264	44.34547	44.093494	44.339695	44.009418	44.060741	44.21722	44.110561	44.196014	44.284359	44.176563	44.137543	44.169033	44.308701	44.17506	44.233658	44.212456	44.121597	44.09927	44.137287	44.178444	44.235794	44.054718	44.118965	44.131264	44.181458	44.12085	44.098888	44.192375	44.200657	44.229145	44.283604	44.133648	44.107925	44.10968	44.026981	44.2383	44.280087	44.061871	44.058731	44.145317	43.982811	44.120602	44.092487	44.077431	44.028114	43.932369	43.978798	43.959221	44.073914	43.947548	44.072285
1041	44.218002	44.305519	44.174217	44.238762	44.027699	44.195156	44.228767	44.136791	44.292355	44.213547	44.308376	44.083195	44.312496	43.992184	44.072254	44.159641	44.022961	44.14045	44.25589	44.140606	44.038029	44.125385	44.320896	44.169144	44.216557	44.197372	44.076862	44.079079	44.148052	44.104935	44.228767	44.028496	44.126804	44.104294	44.205769	44.091137	44.086208	44.156776	44.157734	44.144264	44.270157	44.164379	44.072895	44.092239	44.027699	44.233837	44.231468	44.05085	44.005032	44.101124	43.969978	44.043255	44.049587	44.019142	44.006294	43.978531	43.993439	43.890709	43.980457	43.953957	44.064011
1042	44.12318	44.289711	44.170715	44.216259	44.028454	44.153671	44.22142	44.129856	44.273678	44.198139	44.269554	44.072426	44.284035	43.974148	44.08432	44.099365	43.931255	44.082287	44.226097	44.10297	43.933849	44.079693	44.333664	44.162968	44.198666	44.181587	44.030033	44.057957	44.159332	44.027988	44.22142	44.001053	44.135017	44.076065	44.231232	44.060028	44.072952	44.119522	44.112801	44.055412	44.256084	44.196564	44.036232	44.073982	44.028454	44.229179	44.180576	44.039326	43.948814	44.054867	43.956554	43.96228	44.004692	43.95813	43.983463	44.026867	44.008793	43.818977	43.882622	43.960674	44.055359
1043	44.06459	44.217312	44.117649	44.210224	44.005161	44.10273	44.15797	44.07114	44.238071	44.14304	44.191917	44.118675	44.198372	43.929161	44.051849	44.02882	43.882473	44.039104	44.160061	44.037281	43.878281	44.024452	44.238781	44.123844	44.170261	44.167992	43.979942	44.030552	44.081966	43.954735	44.116093	43.994339	44.064949	44.016071	44.135109	44.028461	44.055859	44.066776	44.072964	43.982216	44.172977	44.189198	44.007256	44.003513	43.986313	44.164337	44.117649	44.009438	43.912052	43.961369	43.891289	43.912136	43.962925	43.882824	43.908306	43.954994	43.94426	43.784996	43.823303	43.94791	43.999146
1044	44.013874	44.127121	44.049355	44.208466	43.974571	44.047512	44.077168	43.996414	44.196678	44.075329	44.101151	44.18195	44.09433	43.875359	44.00621	43.953125	43.843712	43.998547	44.081993	43.961784	43.834061	43.964767	44.111504	44.074474	44.138065	44.154537	43.927299	44.000542	43.977959	43.880035	43.980644	43.993031	43.971287	43.945465	44.002785	43.995716	44.037159	44.008057	44.03318	43.910835	44.068356	44.17086	43.979393	43.916508	43.931129	44.080997	44.049355	43.973576	43.879337	43.851921	43.80978	43.868687	43.920635	43.801125	43.816452	43.848095	43.855904	43.760128	43.772465	43.92944	43.92815
1045	43.960796	44.03273	43.977871	44.206627	43.942551	43.989723	43.992596	43.918201	44.153358	44.004448	44.006149	44.248177	43.985435	43.819046	43.95845	43.873905	43.80315	43.9561	44.000286	43.882759	43.787777	43.902306	43.978283	44.022812	44.104366	44.14045	43.8722	43.969128	43.869095	43.801857	43.838875	43.991661	43.87326	43.871559	43.864281	43.961445	44.017593	43.946602	43.991543	43.836117	43.958862	44.151657	43.950237	43.825443	43.873375	43.993767	43.977871	43.936043	43.8451	43.737377	43.724468	43.823208	43.876369	43.715611	43.720306	43.736202	43.763428	43.734093	43.71925	43.910107	43.853836
1046	43.942261	43.967628	43.92556	44.15604	43.883301	43.934017	43.933002	43.870209	44.10611	43.943069	43.917919	44.214012	43.910061	43.789288	43.887524	43.818481	43.79472	43.918114	43.938847	43.811436	43.739578	43.84827	43.904827	43.970245	44.033455	44.078743	43.809826	43.915298	43.824509	43.754066	43.756683	43.959579	43.793324	43.803986	43.745216	43.914291	43.950333	43.882286	43.933414	43.751656	43.907036	44.078148	43.893963	43.736763	43.835583	43.910469	43.901409	43.864582	43.777225	43.674152	43.650005	43.777412	43.846252	43.652214	43.653824	43.667713	43.689457	43.705555	43.678383	43.844856	43.805187
1047	43.951111	43.92535	43.888107	44.066174	43.801849	43.87952	43.892841	43.845905	44.055359	43.888775	43.834354	44.099567	43.860783	43.780457	43.797558	43.781567	43.811844	43.883369	43.893066	43.745651	43.689461	43.800518	43.87841	43.916538	43.932308	43.978584	43.741138	43.843166	43.830799	43.730106	43.721294	43.902767	43.727146	43.740921	43.640663	43.856491	43.844501	43.815178	43.861679	43.658733	43.900768	43.960743	43.81562	43.649258	43.8134	43.829613	43.820362	43.765499	43.681984	43.651329	43.583584	43.730991	43.827171	43.605942	43.610458	43.633263	43.629639	43.674801	43.647038	43.742474	43.7766
1048	43.960354	43.881187	43.848984	43.972309	43.716782	43.822594	43.850891	43.820522	44.002346	43.83205	43.747078	43.980026	43.809311	43.771225	43.70359	43.743004	43.829731	43.847073	43.845253	43.676945	43.637112	43.750645	43.850811	43.860432	43.826656	43.873962	43.669392	43.767815	43.837364	43.705086	43.684338	43.843426	43.658028	43.675034	43.531464	43.796124	43.733959	43.745083	43.786739	43.561676	43.894215	43.838112	43.733795	43.557858	43.790226	43.745163	43.735703	43.662006	43.582504	43.627487	43.514206	43.682507	43.80724	43.55761	43.565159	43.597275	43.56715	43.642673	43.614292	43.635536	43.746738
1049	43.94799	43.775246	43.776672	43.877369	43.616474	43.763195	43.806076	43.754189	43.912289	43.767612	43.695885	43.826748	43.731472	43.724949	43.614975	43.683949	43.798119	43.786125	43.774353	43.604256	43.575241	43.688145	43.808395	43.763027	43.733128	43.761539	43.600883	43.662949	43.804417	43.68013	43.618568	43.772038	43.556568	43.618954	43.453278	43.716328	43.626968	43.674049	43.687538	43.470963	43.837021	43.715279	43.64946	43.46991	43.723072	43.639183	43.650509	43.565575	43.487156	43.574417	43.447201	43.618347	43.744514	43.512573	43.505444	43.53363	43.488426	43.581982	43.551922	43.508209	43.683113
1050	43.893242	43.551113	43.641529	43.784275	43.490112	43.701363	43.75745	43.609348	43.752487	43.69054	43.718479	43.612938	43.604542	43.607079	43.54073	43.586655	43.669571	43.678787	43.660629	43.526707	43.497066	43.603214	43.73835	43.587708	43.667583	43.638329	43.541664	43.503857	43.694408	43.656376	43.49839	43.679729	43.395164	43.584663	43.439926	43.601341	43.531513	43.604156	43.544315	43.396656	43.681713	43.597202	43.563686	43.392513	43.571419	43.494911	43.567829	43.487186	43.403996	43.465546	43.387711	43.525764	43.599464	43.475975	43.419613	43.41774	43.380753	43.467148	43.433365	43.34576	43.555138
1051	43.83606	43.317028	43.500374	43.68705	43.358143	43.636791	43.706661	43.458073	43.585579	43.610054	43.742073	43.389629	43.471981	43.483978	43.463181	43.485043	43.535309	43.566685	43.541847	43.445713	43.415413	43.514519	43.665192	43.404598	43.599121	43.509647	43.479816	43.3377	43.579514	43.631561	43.372875	43.583317	43.226597	43.548855	43.425987	43.481247	43.431808	43.531151	43.394741	43.319042	43.519505	43.473877	43.474113	43.311676	43.41304	43.344238	43.48148	43.405315	43.317139	43.351841	43.325581	43.429081	43.447975	43.437752	43.329975	43.296703	43.268303	43.347202	43.309536	43.176094	43.421478
1052	43.76548	43.10191	43.360981	43.587799	43.230419	43.569611	43.635372	43.312218	43.411846	43.521305	43.745655	43.17836	43.344444	43.358101	43.375877	43.382053	43.40065	43.451885	43.422134	43.354401	43.32835	43.419258	43.573807	43.227127	43.528713	43.379993	43.4081	43.172604	43.456451	43.595253	43.245316	43.481632	43.059811	43.497356	43.408058	43.364689	43.326706	43.449005	43.251076	43.230461	43.360981	43.346954	43.378345	43.221775	43.255638	43.193264	43.389915	43.312672	43.223831	43.231281	43.251934	43.332878	43.296959	43.380447	43.233753	43.174656	43.156055	43.226711	43.18787	43.000759	43.282104
1053	43.616615	43.082542	43.271961	43.500561	43.168007	43.501644	43.43441	43.245068	43.235416	43.396507	43.602901	43.111504	43.287857	43.246067	43.24128	43.296787	43.299404	43.348495	43.327923	43.212761	43.225491	43.302021	43.374752	43.138401	43.463112	43.278286	43.284058	43.059711	43.307255	43.485222	43.137321	43.369068	42.950962	43.345787	43.366009	43.305267	43.210686	43.32259	43.189125	43.08606	43.271961	43.228107	43.263481	43.090294	43.147877	43.080826	43.285149	43.166832	43.108795	43.093456	43.114574	43.26619	43.190117	43.200039	43.115662	43.078205	43.075588	43.134697	43.11467	42.831562	43.138855
1054	43.46096	43.06229	43.178883	43.409344	43.102745	43.430576	43.224289	43.174862	43.050938	43.266018	43.45364	43.041599	43.228683	43.128922	43.100548	43.207626	43.193527	43.240391	43.229408	43.064671	43.117939	43.179436	43.166622	43.045635	43.394516	43.171936	43.154362	42.941662	43.151249	43.370171	43.024395	43.251377	42.837139	43.187305	43.322033	43.243137	43.089382	43.190418	43.124344	42.93507	43.178883	43.103836	43.143379	42.952824	43.035191	42.963264	43.175594	43.014328	42.988518	42.949348	42.970951	43.196465	43.078392	43.011402	42.99218	42.977356	42.991451	43.038486	43.038124	42.654644	42.989071
1055	43.298035	43.041084	43.081459	43.313862	43.034428	43.356178	43.004341	43.101364	42.857845	43.129433	43.297405	42.968426	43.166737	43.006294	42.953236	43.1143	43.082714	43.127232	43.126297	42.909653	43.005356	43.051125	42.948769	42.948524	43.322708	43.060616	43.018597	42.818104	42.987961	43.249744	42.906197	43.128178	42.718006	43.021423	43.275997	43.178101	42.962402	43.052067	43.056534	42.777027	43.081459	42.973759	43.017658	42.808929	42.917244	42.840206	43.060925	42.85471	42.862614	42.798508	42.82061	43.12347	42.961456	42.813946	42.86293	42.871788	42.90337	42.937786	42.958004	42.469463	42.832287
1056	43.223457	43.016346	43.011955	43.204582	42.928474	43.291252	42.959846	43.0186	42.848049	43.047581	43.223457	42.905346	43.12788	42.980721	42.946552	43.039478	43.011955	43.089058	43.073105	42.888596	42.961578	43.035484	42.871449	42.962502	43.238213	43.002125	42.976063	42.810959	42.999596	43.104877	42.847118	43.114582	42.747551	42.963306	43.183445	43.09132	42.903614	43.019531	43.024456	42.708336	42.986435	42.921295	42.992012	42.732658	42.839275	42.782516	43.037216	42.844856	42.814682	42.794743	42.759914	43.0093	42.92276	42.748611	42.808304	42.739838	42.815212	42.865063	42.932331	42.481277	42.716976
1057	43.15535	42.990211	42.942627	43.089355	42.814152	43.224697	42.932426	42.931469	42.857586	42.968288	43.15535	42.840771	43.089912	42.964546	42.954742	42.963589	42.942627	43.057404	43.023129	42.881104	42.923428	43.031342	42.806099	42.989017	43.148895	42.946934	42.941837	42.816059	43.03054	42.951469	42.791996	43.11224	42.794304	42.91441	43.082108	42.998661	42.849777	42.997066	42.994915	42.646454	42.887791	42.875038	42.976101	42.660564	42.762424	42.729507	43.022331	42.850731	42.773182	42.80666	42.70639	42.886044	42.8909	42.694832	42.759468	42.59967	42.723446	42.792389	42.911465	42.514793	42.601418
1058	43.084068	42.962864	42.870068	42.968769	42.694496	43.155025	42.903732	42.840271	42.867573	42.885296	43.084068	42.773186	43.050186	42.947617	42.963318	42.884167	42.870068	43.024265	42.970818	42.873257	42.883484	43.026997	42.737709	43.016769	43.055412	42.889175	42.906006	42.821404	43.062935	42.790913	42.734299	43.109779	42.843239	42.863247	42.976044	42.901676	42.793427	42.973545	42.963997	42.581692	42.784557	42.82663	42.95945	42.585102	42.681988	42.674034	43.006748	42.85688	42.729752	42.81913	42.650379	42.757034	42.857559	42.63855	42.70837	42.452969	42.627407	42.716331	42.889629	42.549862	42.480484
1059	43.026768	42.912876	42.773056	42.940605	42.652431	43.049957	42.83952	42.73941	42.792023	42.811066	42.998238	42.777584	42.942955	42.898209	42.878273	42.772156	42.791206	42.934368	42.923256	42.740147	42.779057	42.977566	42.6791	42.936069	42.943848	42.862057	42.810993	42.764462	42.971413	42.778473	42.660946	43.018021	42.800694	42.83271	42.794456	42.812775	42.718739	42.904205	42.889538	42.506519	42.728302	42.74979	42.845448	42.509113	42.597958	42.655025	42.919689	42.795502	42.668732	42.73074	42.602337	42.647976	42.775642	42.605816	42.597885	42.372852	42.566105	42.662727	42.79113	42.506519	42.419456
1060	42.974964	42.851059	42.662354	42.956013	42.646568	42.925812	42.757027	42.631851	42.674046	42.739479	42.903683	42.816456	42.801266	42.832249	42.74675	42.642281	42.707714	42.815495	42.87698	42.544449	42.641647	42.905586	42.623959	42.801899	42.821342	42.849014	42.685745	42.676579	42.818813	42.836533	42.578598	42.881714	42.713562	42.811394	42.573051	42.725883	42.633755	42.811546	42.792744	42.424824	42.693336	42.657772	42.682579	42.431305	42.510483	42.653049	42.796688	42.700596	42.598038	42.592339	42.55711	42.5462	42.668831	42.583664	42.456741	42.322891	42.52013	42.618744	42.653973	42.424824	42.385788
1061	42.920979	42.786633	42.547001	42.972069	42.640453	42.796429	42.671051	42.519768	42.551109	42.664883	42.805145	42.856972	42.653614	42.763527	42.609684	42.506927	42.620708	42.69162	42.828754	42.340504	42.498459	42.83057	42.566498	42.662086	42.693676	42.835423	42.555225	42.585003	42.659782	42.897034	42.492786	42.739662	42.622761	42.789181	42.342319	42.635345	42.545185	42.714985	42.691872	42.339684	42.65691	42.561886	42.512859	42.350216	42.419319	42.650978	42.668499	42.601704	42.524372	42.448112	42.509979	42.440136	42.557522	42.560574	42.309662	42.270828	42.472221	42.57291	42.511047	42.339684	42.350708
1062	42.827522	42.665272	42.437107	42.915596	42.640667	42.692692	42.582279	42.418991	42.492126	42.561413	42.686142	42.782417	42.521389	42.696487	42.524563	42.414154	42.532772	42.599358	42.74704	42.216103	42.389919	42.720909	42.520775	42.517162	42.614529	42.776543	42.402958	42.471451	42.536568	42.869877	42.349224	42.624641	42.510006	42.709949	42.18808	42.517162	42.442368	42.590492	42.60083	42.236729	42.585651	42.472305	42.391819	42.238201	42.342304	42.581425	42.55658	42.49947	42.420036	42.327126	42.389679	42.368443	42.419605	42.46912	42.219898	42.185318	42.375786	42.482399	42.37241	42.236729	42.282875
1063	42.688072	42.477482	42.33432	42.773926	42.648331	42.619808	42.490723	42.33215	42.5089	42.4245	42.543705	42.572609	42.408127	42.631847	42.501202	42.37212	42.444248	42.544907	42.626305	42.186211	42.322872	42.571037	42.489155	42.367065	42.593067	42.664593	42.225952	42.332638	42.456287	42.739491	42.138416	42.542145	42.372009	42.563934	42.124924	42.367065	42.32336	42.433777	42.521908	42.113365	42.473751	42.390667	42.328896	42.09037	42.282421	42.432686	42.464474	42.393917	42.280136	42.234249	42.183811	42.337685	42.251114	42.297588	42.198254	42.060871	42.222698	42.339733	42.239674	42.113365	42.176826
1064	42.542606	42.281582	42.227089	42.626144	42.656342	42.54377	42.395214	42.241558	42.526402	42.281681	42.395123	42.353737	42.289982	42.564415	42.476826	42.32827	42.351906	42.488113	42.500355	42.155033	42.252934	42.4147	42.456181	42.210491	42.570683	42.547817	42.041306	42.187824	42.372551	42.60347	41.918503	42.456081	42.228046	42.411613	42.059055	42.210491	42.199207	42.270298	42.43959	41.984684	42.357018	42.305511	42.26326	41.936161	42.219952	42.277534	42.368404	42.283802	42.13419	42.137371	41.969051	42.305611	42.075348	42.118664	42.175671	41.931049	42.063011	42.190918	42.1012	41.984684	42.066193
1065	42.431683	42.109333	42.137444	42.48172	42.609085	42.47871	42.302177	42.143772	42.513535	42.168159	42.293236	42.175201	42.201088	42.497234	42.43359	42.279217	42.271069	42.427654	42.397644	42.111549	42.194435	42.27589	42.418385	42.081547	42.517262	42.436905	41.872089	42.078938	42.287376	42.481319	41.750252	42.379517	42.100071	42.283649	42.008247	42.084877	42.089706	42.137444	42.351421	41.868362	42.256256	42.223331	42.197052	41.823166	42.154854	42.152237	42.269245	42.185566	42.014183	42.065239	41.809475	42.258873	41.936447	41.978642	42.140053	41.815804	41.905411	42.042358	41.977924	41.876118	41.96534
1066	42.434998	42.023594	42.108788	42.359932	42.398537	42.452518	42.224636	42.032639	42.409782	42.153164	42.341606	42.134254	42.208488	42.436626	42.336929	42.218609	42.232037	42.361313	42.374184	42.034557	42.175613	42.202179	42.369259	42.047428	42.374451	42.353363	41.764225	42.088253	42.205193	42.411705	41.753006	42.338299	42.03154	42.240528	42.007454	42.063869	42.034012	42.108788	42.25312	41.799553	42.212589	42.157261	42.1348	41.844757	42.087414	42.128239	42.169304	42.131794	41.98307	42.07428	41.830791	42.171776	41.921173	41.968559	42.06797	41.754642	41.76778	41.907467	41.911301	41.837902	41.902821
1067	42.43845	41.934376	42.078979	42.233189	42.179417	42.42527	42.143944	41.916977	42.301811	42.137566	42.39196	42.091652	42.216198	42.373569	42.236336	42.155548	42.191425	42.292274	42.349777	41.95443	42.156036	42.125465	42.31813	42.01194	42.225819	42.266418	41.651974	42.09795	42.119663	42.33926	41.755875	42.295414	41.960232	42.195652	42.006634	42.042015	41.976055	42.078979	42.150826	41.727959	42.167145	42.088512	42.070034	41.867245	42.017246	42.103256	42.0653	42.075829	41.950695	42.083694	41.852997	42.081135	41.905289	41.958073	41.992958	41.690998	41.624542	41.767075	41.84198	41.798149	41.837753
1068	42.444427	41.848164	42.051842	42.11174	41.968407	42.395412	42.063381	41.805805	42.195396	42.122433	42.438416	42.053341	42.224491	42.309193	42.137413	42.093983	42.154755	42.222984	42.325886	41.876835	42.138264	42.051201	42.270489	41.979099	42.078789	42.177616	41.550594	42.1096	42.035572	42.266197	41.761093	42.253361	41.895882	42.156467	42.009701	42.02253	41.920902	42.050125	42.048626	41.660976	42.124794	42.02253	42.007984	41.890518	41.948502	42.085228	41.964119	42.025314	41.922192	42.095055	41.877262	41.996006	41.889229	41.950214	41.918541	41.634228	41.485321	41.633804	41.77306	41.762165	41.774998
1069	42.499699	41.896378	42.104046	42.202084	42.102139	42.334236	42.05114	41.880917	42.208828	42.129829	42.364223	42.137917	42.238499	42.269432	42.154339	42.114674	42.232071	42.204632	42.332642	41.91637	42.173683	42.089523	42.33622	42.029881	42.085323	42.121418	41.763912	42.153694	42.050507	42.239449	41.812222	42.263325	42.032814	42.270782	42.093418	42.069534	41.970547	42.065334	42.031464	41.747101	42.183048	42.069534	42.054707	41.911854	41.966343	42.230488	42.005363	42.132439	41.99958	42.138866	41.926048	42.097935	41.88282	42.005047	41.91732	41.770657	41.544907	41.760979	41.76899	41.836418	41.812534
1070	42.557178	41.946514	42.158333	42.296021	42.241199	42.270611	42.038395	41.959007	42.222794	42.137508	42.287056	42.225861	42.253056	42.228069	42.171936	42.136185	42.312469	42.185528	42.339664	41.957485	42.210514	42.129383	42.404564	42.082684	42.092113	42.062958	41.985744	42.199551	42.066025	42.21162	41.865395	42.273666	42.175205	42.389648	42.180477	42.11842	42.022163	42.08115	42.013622	41.836655	42.243626	42.11842	42.103298	41.934021	41.984894	42.381535	42.048256	42.243843	42.08004	42.184429	41.976776	42.20393	41.876133	42.062073	41.916042	41.912521	41.606869	41.893227	41.764748	41.913624	41.851578
1071	42.617008	41.998703	42.214836	42.393799	42.385941	42.204399	42.025143	42.040302	42.237347	42.145504	42.206753	42.317394	42.268227	42.185024	42.190247	42.158585	42.396156	42.165661	42.346989	42.000275	42.248856	42.170872	42.4757	42.137646	42.099186	42.002132	42.216629	42.24728	42.08218	42.182671	41.920734	42.284439	42.323406	42.513378	42.27108	42.169308	42.075893	42.097614	41.995056	41.929882	42.306679	42.169308	42.153873	41.957111	42.004208	42.538746	42.092903	42.359783	42.163803	42.231846	42.029579	42.314255	41.86919	42.121422	41.91473	42.060177	41.671375	42.030872	41.760353	41.993992	41.892208
1072	42.608582	41.991142	42.191036	42.384064	42.248623	42.13903	42.027397	42.038372	42.313484	42.046654	42.237522	42.342274	42.234158	42.176628	42.229317	42.10754	42.408684	42.160889	42.362125	42.04039	42.2061	42.094547	42.368382	42.153355	42.102016	42.024651	42.2061	42.156853	42.04113	42.143795	41.912426	42.311466	42.280045	42.378681	42.171921	42.221771	42.086273	42.106117	42.008228	41.936371	42.25267	42.12328	42.103436	41.976738	41.966515	42.447098	42.081497	42.323853	42.135586	42.128796	42.026733	42.305344	41.86586	42.182751	41.835117	42.004192	41.668736	42.00964	41.780277	41.900856	41.868626
1073	42.585732	41.970943	42.149815	42.351715	42.048428	42.071743	42.032951	42.019119	42.404823	41.922478	42.29232	42.354126	42.188805	42.175163	42.273933	42.039623	42.406853	42.159107	42.379387	42.081234	42.145168	41.991352	42.220623	42.16143	42.104061	42.065166	42.145168	42.034893	41.986904	42.101639	41.890652	42.34272	42.195576	42.186089	42.030247	42.276253	42.087997	42.113243	42.028412	41.925083	42.172653	42.055683	42.03043	41.996292	41.915802	42.300915	42.058102	42.255257	42.083252	41.991253	42.012249	42.271423	41.863174	42.246456	41.736736	41.904186	41.652092	41.954784	41.805908	41.768761	41.830959
1074	42.561958	41.949928	42.106918	42.31805	41.840057	42.001728	42.038734	41.999088	42.499905	41.793232	42.349346	42.36647	42.141594	42.173626	42.320381	41.968952	42.404957	42.157246	42.397346	42.123749	42.08176	41.883945	42.066841	42.169827	42.106186	42.107357	42.08176	41.907944	41.930477	42.057758	41.867996	42.375256	42.107658	41.985645	41.882778	42.332966	42.089794	42.120667	42.049416	41.913353	42.089375	41.985336	41.954456	42.01664	41.863014	42.148773	42.03376	42.18388	42.028793	41.848099	41.997185	42.236118	41.860382	42.312771	41.634335	41.800102	41.634769	41.897697	41.832577	41.631271	41.791771
1075	42.503941	41.886551	42.092216	42.289558	41.758492	41.890545	41.999722	41.900696	42.444809	41.761395	42.277946	42.258366	42.086418	42.090778	42.215202	41.902878	42.28521	42.119797	42.386414	42.034561	41.970715	41.85825	42.057751	42.077713	42.040356	42.014599	42.006626	41.803123	41.88583	41.999722	41.839031	42.317493	42.059219	41.827065	41.704464	42.254738	42.017136	42.106007	42.000095	41.88583	42.084972	41.965256	41.922096	42.01569	41.74073	41.997551	41.999363	42.051243	41.930447	41.775551	41.939877	42.111462	41.786804	42.185818	41.56226	41.778088	41.507488	41.80349	41.799484	41.535778	41.739277
1076	42.42384	41.795933	42.095058	42.264004	41.75565	41.752365	41.932201	41.752117	42.294914	41.790348	42.12521	42.073544	42.025661	41.956013	42.013771	41.838989	42.090263	42.059605	42.35722	41.861801	41.828613	41.88356	42.139381	41.921562	41.931187	41.836212	41.923336	41.711079	41.848106	41.932201	41.805805	42.202469	42.035034	41.693096	41.504906	42.091019	41.896992	42.077335	41.906109	41.848106	42.130016	41.976524	41.916744	42.00135	41.573547	41.845329	41.958294	41.878761	41.803535	41.746536	41.855457	41.929424	41.668022	41.93626	41.50845	41.807327	41.309875	41.68499	41.728554	41.465637	41.677891
1077	42.340965	41.702175	42.098007	42.237587	41.752712	41.609417	41.862335	41.598392	42.139828	41.820312	41.967182	41.882324	41.962799	41.816582	41.805359	41.772892	41.888561	41.99733	42.327026	41.683052	41.681595	41.909756	42.223835	41.760006	41.818245	41.651649	41.83717	41.615852	41.80909	41.862335	41.771439	42.083454	42.010017	41.554493	41.298443	41.921631	41.772694	42.047668	41.80888	41.80909	42.176624	41.988174	41.911217	41.986519	41.400574	41.687836	41.915802	41.700314	41.67223	41.716518	41.76812	41.741093	41.545139	41.678066	41.452774	41.837582	41.105419	41.562397	41.655159	41.39307	41.614388
1078	42.209949	41.60815	42.065029	42.153481	41.702061	41.510483	41.82304	41.518257	42.02383	41.792229	41.887276	41.742676	41.891609	41.700623	41.647907	41.696011	41.744984	41.922146	42.215996	41.565506	41.553127	41.889305	42.240753	41.648754	41.778095	41.509624	41.751034	41.511074	41.741817	41.804607	41.688236	41.949516	41.874352	41.4785	41.172859	41.809216	41.709248	41.983227	41.692848	41.744118	42.117477	41.915817	41.84639	41.879826	41.291256	41.546219	41.8703	41.560043	41.553127	41.649345	41.660004	41.59058	41.443943	41.496658	41.361271	41.784462	40.993393	41.461514	41.563789	41.320934	41.514816
1079	42.010597	41.514957	41.980251	41.986588	41.582687	41.47691	41.82872	41.546242	41.966217	41.680088	41.922054	41.679882	41.809219	41.620296	41.566612	41.604435	41.687809	41.829155	41.988838	41.538528	41.453342	41.801292	42.159214	41.612148	41.84436	41.431374	41.66605	41.393753	41.634335	41.765289	41.53511	41.79562	41.579487	41.494583	41.166557	41.781147	41.735165	41.869022	41.550972	41.642265	41.905254	41.722221	41.696178	41.640888	41.27597	41.42955	41.821018	41.477127	41.453342	41.529003	41.523106	41.497063	41.375645	41.429333	41.218868	41.610771	41.017281	41.393536	41.447441	41.25037	41.364079
1080	41.803749	41.418255	41.892284	41.813423	41.458817	41.442059	41.834595	41.57526	41.906429	41.56374	41.95813	41.614708	41.723728	41.536945	41.48225	41.509415	41.628483	41.732662	41.753151	41.510529	41.349796	41.709961	42.074604	41.574142	41.913105	41.350163	41.577873	41.272034	41.522812	41.724472	41.376213	41.635929	41.273544	41.51125	41.160004	41.752007	41.762043	41.750523	41.403744	41.536579	41.685059	41.521343	41.540306	41.392971	41.260101	41.308498	41.769867	41.39109	41.349796	41.404121	41.381054	41.400028	41.30476	41.359463	41.071106	41.430538	41.042049	41.322998	41.326725	41.177143	41.207668
1081	41.613396	41.32122	41.792896	41.650543	41.365952	41.410465	41.808971	41.582481	41.848724	41.445004	41.946335	41.561527	41.640694	41.440018	41.404232	41.409103	41.563915	41.635704	41.536621	41.452374	41.271854	41.614643	41.954952	41.524277	41.936497	41.271729	41.477165	41.178993	41.409103	41.665382	41.232101	41.503326	41.004253	41.50819	41.194035	41.705025	41.730846	41.624496	41.285435	41.408993	41.495846	41.328587	41.398006	41.180115	41.234581	41.189976	41.708752	41.298912	41.245689	41.297791	41.240711	41.305145	41.239567	41.295296	40.95985	41.254295	41.035164	41.259396	41.203568	41.100853	41.054993
1082	41.506813	41.233177	41.659916	41.544598	41.402531	41.394726	41.664482	41.504852	41.80518	41.329605	41.751141	41.560204	41.575848	41.300949	41.358906	41.298977	41.48595	41.547195	41.416897	41.284023	41.300903	41.513969	41.712719	41.433838	41.782402	41.212318	41.338737	41.206436	41.298977	41.541992	41.160194	41.489189	40.904827	41.429272	41.380978	41.594116	41.478836	41.482712	41.291134	41.210403	41.446201	41.187584	41.323078	41.125011	41.174526	41.093765	41.615601	41.192783	41.15044	41.274208	41.121784	41.228615	41.203186	41.259872	41.001209	41.112019	40.906776	41.229244	41.083996	41.02079	40.932854
1083	41.396465	41.142029	41.522255	41.434917	41.440384	41.378441	41.5149	41.424484	41.760098	41.210148	41.54908	41.558819	41.508736	41.156979	41.311977	41.18499	41.405254	41.45557	41.29298	41.109737	41.330975	41.40976	41.461964	41.340221	41.622902	41.150806	41.195431	41.234848	41.18499	41.414268	41.085773	41.474567	40.801899	41.34758	41.574497	41.479309	41.217976	41.335941	41.297028	41.004829	41.39481	41.041618	41.245514	41.067974	41.112366	40.994152	41.519184	41.082924	41.051842	41.249786	40.998669	41.149387	41.165535	41.223206	41.04401	40.964722	40.773888	41.198048	40.960217	40.937908	40.806416
1084	41.282139	41.04628	41.378529	41.321209	41.475883	41.360767	41.359455	41.339531	41.710991	41.085194	41.33989	41.554787	41.438702	41.007832	41.26112	41.065845	41.319199	41.358963	41.16473	40.929276	41.358749	41.300674	41.202904	41.242245	41.458195	41.085754	41.046207	41.261395	41.066883	41.279354	41.006924	41.456249	40.695553	41.259518	41.767689	41.359165	40.947945	41.183182	41.299637	40.792145	41.339401	40.890541	41.16431	41.007065	41.045864	40.890411	41.417595	40.96751	40.947742	41.222252	40.87043	41.065975	41.123711	41.182693	41.08548	40.812416	40.636429	41.163616	40.831703	40.8503	40.676262
1085	41.16	40.827156	41.127522	41.193485	41.182976	41.270943	41.1516	41.100311	41.44672	40.84808	41.131721	41.319042	41.319077	40.850204	41.008202	40.84705	41.011333	41.107628	41.04068	40.745537	41.088791	41.08567	40.992523	41.051144	41.332684	40.898327	40.820881	41.03334	40.941257	40.908752	40.768547	41.156807	40.607407	40.863739	41.324226	41.126476	40.683769	40.960068	40.991451	40.593773	41.087746	40.743446	41.002995	40.781109	40.789471	40.730885	41.161007	40.703651	40.664921	40.993565	40.673321	40.859612	40.831318	40.916107	40.873203	40.676476	40.510067	40.940186	40.671234	40.60318	40.612648
1086	41.033844	40.600857	40.868267	41.061573	40.880451	41.178177	40.936935	40.853241	41.173771	40.603188	40.916729	41.075577	41.195545	40.687405	40.747002	40.621071	40.693367	40.848061	40.912579	40.555771	40.809975	40.863609	40.775246	40.853767	41.203056	40.704762	40.588161	40.797791	40.81152	40.52597	40.522343	40.847542	40.51638	40.454975	40.866207	40.886154	40.410923	40.729637	40.673157	40.388889	40.827854	40.591522	40.836395	40.547737	40.524681	40.566132	40.896	40.431137	40.372829	40.757362	40.469742	40.646465	40.529339	40.640766	40.653976	40.536072	40.379566	40.709427	40.505497	40.347954	40.546955
1087	40.903488	40.367004	40.600376	40.925262	40.567833	41.082321	40.715115	40.597927	40.891724	40.350124	40.694565	40.823967	41.067879	40.519176	40.477077	40.387554	40.364792	40.579823	40.780197	40.359669	40.521847	40.634144	40.550728	40.649803	41.069099	40.504734	40.347679	40.55439	40.677452	40.130424	40.267925	40.527958	40.422314	40.032566	40.392899	40.637806	40.128975	40.491516	40.344242	40.177174	40.55928	40.434536	40.664238	40.306576	40.251049	40.395882	40.622147	40.149529	40.070995	40.51329	40.259369	40.426208	40.217278	40.356236	40.427433	40.390991	40.244701	40.470966	40.33424	40.084206	40.479069
1088	40.884254	40.161968	40.36525	40.730797	40.413303	40.913689	40.516949	40.344116	40.694569	40.162224	40.469654	40.621357	40.781864	40.292042	40.276943	40.167	40.125244	40.407764	40.626892	40.161968	40.197193	40.391167	40.32877	40.390915	40.892807	40.450779	40.135811	40.33934	40.559464	40.075424	40.031147	40.318703	40.282475	39.907619	40.135811	40.475693	39.985363	40.297829	40.146629	40.032154	40.381599	40.208519	40.480469	40.099327	40.00499	40.156189	40.370281	40.006245	39.859322	40.30814	40.062843	40.23518	40.031902	40.220337	40.140091	40.113918	40.031147	40.192417	40.15694	39.896053	40.33984
1089	40.891987	39.959015	40.132442	40.517193	40.294014	40.722954	40.319767	40.084442	40.513535	39.985809	40.238544	40.425869	40.449722	40.044777	40.089127	39.944241	39.901802	40.255226	40.464653	39.959015	39.855553	40.138878	40.101997	40.112103	40.701733	40.43158	39.9258	40.126007	40.442554	40.10318	39.792915	40.131561	40.127911	39.853062	39.9258	40.330894	39.872391	40.110348	39.976589	39.900047	40.222008	39.9599	40.28933	39.895359	39.759701	39.893459	40.117661	39.893608	39.664719	40.107563	39.864922	40.046684	39.873264	40.117809	39.830677	39.797447	39.792915	39.897114	39.973801	39.721939	40.179569
1090	40.899979	39.749355	39.891945	40.29652	40.170784	40.525909	40.116066	39.816181	40.326515	39.803555	39.999798	40.223919	40.106602	39.789349	39.895096	39.714111	39.670967	40.097652	40.29705	39.749355	39.502617	39.878265	39.867737	39.824074	40.504341	40.411739	39.708855	39.905624	40.321781	40.131847	39.54681	39.938236	39.968227	39.796711	39.708855	40.181305	39.755672	39.916672	39.800922	39.763565	40.057144	39.703068	40.091866	39.684647	39.506298	39.622044	39.856693	39.777245	39.46368	39.900356	39.66045	39.851952	39.709373	40.01189	39.511036	39.47052	39.54681	39.592056	39.784611	39.542068	40.014
1091	40.691383	39.452961	39.650928	40.05817	39.912292	40.27792	39.924896	39.613483	40.168648	39.589485	39.810337	39.971699	39.809231	39.533222	39.635269	39.467606	39.51561	39.816467	40.046684	39.494667	39.230152	39.674931	39.666592	39.571777	40.226856	40.146595	39.500965	39.61858	40.082085	39.95919	39.380203	39.699863	39.656029	39.645737	39.430069	39.928974	39.555096	39.748894	39.585312	39.521732	39.77689	39.449902	39.82378	39.466583	39.144611	39.337387	39.657223	39.606167	39.218666	39.681141	39.382153	39.670761	39.556202	39.780033	39.289562	39.174919	39.271767	39.331181	39.434151	39.29781	39.724804
1092	40.337097	39.097179	39.408398	39.806839	39.562206	39.994694	39.741158	39.453583	40.02948	39.353111	39.652882	39.684677	39.540958	39.275383	39.330223	39.208954	39.409889	39.451336	39.739807	39.208649	39.010109	39.508865	39.486572	39.342117	39.89452	39.71632	39.298122	39.285637	39.761806	39.651234	39.265884	39.430241	39.240448	39.430843	39.108635	39.606796	39.297531	39.597599	39.341969	39.208351	39.418198	39.197952	39.507225	39.242542	38.708843	39.042503	39.497871	39.397701	38.943077	39.452839	39.053192	39.497723	39.409447	39.462933	39.132572	38.898785	38.976067	39.09853	38.97427	39.009357	39.35162
1093	39.97393	38.732479	39.159779	39.549198	39.203339	39.70435	39.552803	39.289673	39.886814	39.110813	39.49147	39.390446	39.265965	39.011078	39.017521	38.943813	39.301525	39.077053	39.42524	38.915455	38.784538	39.338638	39.302036	39.106689	39.553841	39.275242	39.090191	38.944324	39.433483	39.335552	39.148693	39.153854	38.814438	39.210552	38.779125	39.276527	39.033501	39.442505	39.092518	38.887112	39.050507	38.939686	39.182716	39.012875	38.262135	38.740208	39.334511	39.184006	38.660576	39.218796	38.715981	39.320339	39.259003	39.137875	38.971642	38.615726	38.672943	38.86005	38.502846	38.713661	38.969067
1094	39.55835	38.427078	38.847424	39.224476	38.824726	39.319698	39.255241	38.993889	39.635918	38.819572	39.250793	39.025352	38.996693	38.670998	38.660004	38.658482	39.062679	38.735344	39.05975	38.610165	38.519382	39.071449	39.037758	38.828346	39.176159	38.862045	38.781555	38.648182	39.05975	38.933872	38.947678	38.845196	38.490017	38.915504	38.512714	38.9389	38.72879	39.20248	38.796883	38.52383	38.665859	38.658482	38.839348	38.714169	37.913849	38.443222	39.094845	38.860641	38.380993	38.912575	38.377357	39.080925	38.959499	38.773483	38.679073	38.347294	38.383915	38.534828	38.143738	38.405903	38.5429
1095	39.070477	38.213371	38.444649	38.80455	38.421692	38.800308	38.799755	38.506626	39.227959	38.459583	38.895824	38.560013	38.739334	38.223076	38.240692	38.346901	38.633682	38.446205	38.623543	38.290836	38.199001	38.664112	38.65876	38.490013	38.748478	38.495369	38.327736	38.422688	38.623543	38.409996	38.625099	38.492691	38.320148	38.513531	38.343109	38.594666	38.367744	38.839764	38.436626	38.102932	38.260975	38.346901	38.472404	38.317036	37.715729	38.157871	38.745243	38.379013	38.10928	38.503391	38.040958	38.752712	38.443096	38.355492	38.195332	38.103928	38.119419	38.085323	37.955467	38.084202	38.057568
1096	38.571121	37.994652	38.032417	38.374733	38.009182	38.2687	38.333546	38.0079	38.810406	38.091129	38.532497	38.083721	38.475929	37.764618	37.811512	38.028	38.194595	38.150276	38.177063	37.964012	37.87109	38.247185	38.27084	38.143715	38.310745	38.12006	37.863243	38.191895	38.177063	37.873783	38.29493	38.131889	38.14629	38.102104	38.169521	38.242344	37.998207	38.46851	38.067894	37.672131	37.846569	38.028	38.096828	37.910564	37.512951	37.86581	38.387417	37.886051	37.831184	38.084568	37.696644	38.416782	37.914547	37.927662	37.700203	37.854843	37.848709	37.62524	37.762783	37.75494	37.560822
1097	38.030605	37.686329	37.535637	37.902405	37.547035	37.736767	37.81612	37.471844	38.346943	37.650166	38.075676	37.606983	38.105499	37.284298	37.343643	37.672672	37.697128	37.811966	37.714878	37.576859	37.482941	37.788181	37.812946	37.763416	37.866859	37.697437	37.368713	37.866245	37.722801	37.350292	37.899242	37.719326	37.882103	37.633026	37.894482	37.841488	37.581619	38.021091	37.628277	37.223377	37.390598	37.661572	37.654922	37.459461	37.256374	37.534958	37.955402	37.386158	37.484528	37.628574	37.282413	37.988098	37.36396	37.475319	37.19672	37.504524	37.501659	37.159283	37.467087	37.3592	37.059013
1098	37.373684	37.064117	36.757011	37.303837	36.93129	37.240688	37.142963	36.833401	37.743927	36.96851	37.300648	37.161842	37.360271	36.755608	36.763546	37.205765	37.015789	37.338593	37.226048	36.990917	36.89637	37.203644	37.124969	37.28231	37.43084	37.12709	36.796181	37.208221	37.27103	36.910839	37.285839	37.141731	37.298187	36.980862	37.258854	37.2869	37.017902	37.319706	36.953869	36.738674	36.810814	37.142792	36.995499	36.872734	36.816292	37.081932	37.275784	36.895138	36.905365	37.06517	36.6353	37.242092	36.769188	36.962692	36.697048	36.799698	36.893021	36.703758	36.806408	36.742203	36.573215
1099	36.707951	36.433556	35.967953	36.697231	36.307289	36.737965	36.460785	36.18639	37.132828	36.27771	36.515232	36.710732	36.605053	36.219822	36.175671	36.732597	36.325306	36.858864	36.730671	36.39711	36.301929	36.611267	36.427776	36.794765	36.988983	36.549099	36.215973	36.541382	36.813198	36.4655	36.664211	36.556393	36.706448	36.319942	36.614697	36.724884	36.446632	36.608917	36.27042	36.247482	36.223255	36.617054	36.327229	36.278133	36.370312	36.622837	36.587051	36.397545	36.318443	36.494221	35.979519	36.486076	36.166451	36.443199	36.190674	36.085423	36.276211	36.242123	36.136871	36.116932	36.080914
1100	36.035995	35.793564	35.174232	36.082439	35.67461	36.222095	35.769939	35.528965	36.510155	35.576702	35.721382	36.247185	35.839848	35.672344	35.578644	36.246864	35.623955	36.364025	36.22258	35.792423	35.695648	36.007507	35.720901	36.292328	36.530704	35.960243	35.626713	35.862667	36.341526	36.007992	36.029831	35.961388	36.105579	35.649212	35.958302	36.152668	35.861526	35.890179	35.579784	35.741932	35.626228	36.080818	35.649372	35.670559	35.910885	36.152504	35.888565	35.887753	35.719929	35.911697	35.31567	35.722355	35.55307	35.910397	35.672508	35.36179	35.649693	35.766373	35.458729	35.478462	35.57605
1101	35.485371	35.108395	34.647247	35.464321	35.027069	35.416462	35.099785	34.791706	35.734108	34.831886	35.021324	35.493969	35.079685	34.919907	34.923737	35.478653	34.849106	35.475777	35.43943	35.05481	34.913204	35.24712	34.99836	35.411667	35.597279	35.2299	34.979237	35.050018	35.520752	35.270084	35.194492	35.283478	35.449963	34.934265	35.138042	35.459522	34.996441	35.242348	34.977322	34.884495	34.956272	35.387768	34.941921	34.835705	35.113167	35.451874	35.165794	35.127525	34.952431	35.15144	34.683598	35.067253	34.823273	35.090202	34.927563	34.647232	34.957226	34.931381	34.79649	34.621384	34.801266
1102	34.93623	34.425072	34.121681	34.847858	34.381275	34.612999	34.431438	34.056431	34.960155	34.089073	34.323154	34.742775	34.321571	34.169491	34.270592	34.712524	34.07634	34.589924	34.658386	34.31918	34.13287	34.488781	34.277771	34.533386	34.666367	34.501518	34.333504	34.239571	34.702179	34.534168	34.361397	34.607407	34.796108	34.221245	34.319988	34.76825	34.133678	34.596252	34.376492	34.029369	34.288116	34.696587	34.23637	34.00309	34.317596	34.75312	34.444984	34.369347	34.187012	34.393227	34.053223	34.413918	34.095436	34.272221	34.18462	33.934597	34.266628	34.098637	34.136032	33.766613	34.028561
1103	34.388573	33.743591	33.59753	34.233067	33.737213	33.811707	33.7649	33.323132	34.188282	33.348263	33.626862	33.993618	33.56551	33.421104	33.619213	33.94846	33.305653	33.706463	33.879436	33.585537	33.354641	33.732491	33.559132	33.657475	33.737968	33.775097	33.689507	33.431305	33.885815	33.800228	33.530552	33.933155	34.14402	33.510147	33.504139	34.078827	33.273243	33.951904	33.777271	33.176552	33.621769	34.007267	33.532726	33.172729	33.524174	34.056252	33.726112	33.613213	33.423653	33.63707	33.424557	33.762341	33.36956	33.456432	33.44368	33.223892	33.577885	33.268147	33.477364	32.914146	33.257942
1104	33.295494	32.73996	32.628292	33.130585	32.690964	32.817699	32.879875	32.309784	33.127274	32.455822	32.76915	32.853058	32.569866	32.48975	32.658913	32.891689	32.347466	32.767277	32.833252	32.575047	32.345589	32.777641	32.747467	32.750774	32.803085	32.702274	32.600983	32.410141	32.869999	32.860573	32.516621	32.910057	32.95673	32.583984	32.597168	33.01466	32.36771	33.019352	32.707466	32.169365	32.738522	32.937859	32.546303	32.322472	32.55949	33.003357	32.771515	32.616978	32.557125	32.591549	32.488815	32.794144	32.448757	32.605179	32.537811	32.258415	32.575047	32.330963	32.511433	32.002087	32.330963
1105	32.121937	31.698168	31.595394	31.959415	31.591665	31.811172	31.974333	31.266943	32.036205	31.556425	31.901594	31.66408	31.552372	31.546194	31.661961	31.804031	31.37686	31.841526	31.761009	31.535648	31.31679	31.808084	31.938448	31.861656	31.891373	31.588259	31.452042	31.373125	31.840881	31.90436	31.49262	31.843971	31.693476	31.639061	31.695724	31.903395	31.476862	32.053574	31.571537	31.157673	31.835028	31.820435	31.529152	31.490496	31.585815	31.906805	31.794769	31.598801	31.692642	31.51552	31.516165	31.787952	31.513067	31.769106	31.622665	31.267262	31.535648	31.396982	31.509342	31.10198	31.396982
1106	30.981895	30.686125	30.591991	30.82169	30.523756	30.833382	31.09465	30.253883	30.976292	30.682703	31.058811	30.509054	30.563931	30.629572	30.693472	30.747431	30.433958	30.942211	30.71937	30.525919	30.317358	30.866199	31.152525	30.997923	31.00569	30.506044	30.335899	30.365723	30.841148	30.975454	30.497858	30.808321	30.466288	30.721115	30.820011	30.823854	30.61145	31.115362	30.46804	30.174864	30.957329	30.734903	30.541042	30.682278	30.639931	30.841568	30.845905	30.609697	30.852839	30.470213	30.571276	30.810493	30.604094	30.956913	30.733644	30.304409	30.525919	30.489666	30.535858	30.227566	30.489666
1107	29.649454	29.409054	29.431557	29.681015	29.387131	29.65411	29.907793	29.133352	29.734173	29.605267	30.028296	29.405073	29.44499	29.458179	29.435778	29.640957	29.396147	29.778736	29.529467	29.391539	29.151049	29.720932	30.050367	29.8946	29.961517	29.387178	29.231405	29.240189	29.743338	29.908075	29.35144	29.64974	29.329369	29.605219	29.836973	29.743429	29.583099	29.970247	29.360502	29.124569	29.867924	29.583004	29.395956	29.600754	29.560793	29.685385	29.747746	29.49843	29.707504	29.324764	29.404787	29.68092	29.484993	29.836645	29.587326	29.253668	29.44062	29.471848	29.387035	29.119925	29.369232
1108	28.276423	28.0509	28.241274	28.590233	28.26581	28.422579	28.613722	28.007114	28.452719	28.469831	28.946014	28.377581	28.308216	28.206291	28.083462	28.558281	28.355473	28.529507	28.315639	28.243086	27.950016	28.520866	28.832426	28.715649	28.881496	28.299585	28.182798	28.10359	28.643707	28.816366	28.177361	28.479067	28.290949	28.436056	28.84211	28.71125	28.515867	28.768513	28.300793	28.086323	28.716862	28.448322	28.220371	28.424995	28.460583	28.533739	28.620983	28.373346	28.453928	28.178566	28.174936	28.522688	28.306398	28.60569	28.358055	28.204308	28.36471	28.442106	28.198257	27.940172	28.187809
1109	26.993156	26.781532	27.128815	27.570766	27.217796	27.271566	27.404257	26.954508	27.255043	27.408621	27.934488	27.417267	27.24577	27.036247	26.819553	27.546383	27.38283	27.36195	27.181175	27.16972	26.827505	27.399269	27.694115	27.613783	27.872076	27.283092	27.202755	27.041307	27.615965	27.79603	27.080036	27.384933	27.320415	27.343327	27.912287	27.746552	27.5184	27.645338	27.310356	27.11595	27.641052	27.387815	27.121645	27.326103	27.432302	27.457392	27.567884	27.321819	27.282312	27.107311	27.025492	27.440182	27.204863	27.455217	27.209148	27.22356	27.359137	27.479685	27.087202	26.837555	27.083614
1110	25.587189	25.416275	25.800541	26.258608	25.942513	25.93688	26.061758	25.680901	25.880167	26.110415	26.560625	26.144794	25.959602	25.683912	25.495514	26.233068	26.107794	26.010878	25.862879	25.823656	25.538534	26.090313	26.309883	26.24453	26.548773	25.999615	25.942707	25.760529	26.318132	26.412827	25.805777	26.090313	26.031181	25.994183	26.625582	26.42108	26.241318	26.247543	26.076027	25.848997	26.343479	26.087692	25.831518	25.985537	26.144594	26.11644	26.258406	26.005447	26.004454	25.806171	25.740225	26.141586	25.916771	26.166731	25.885605	25.959795	26.048269	26.193254	25.80859	25.597864	25.822672
1111	24.08276	23.980217	24.272684	24.664473	24.454189	24.437052	24.608301	24.200905	24.34798	24.589325	24.831902	24.568668	24.464441	24.16831	24.13785	24.628506	24.539589	24.495205	24.378893	24.217743	24.101734	24.611668	24.695236	24.621622	24.921122	24.460926	24.413021	24.276199	24.762115	24.674427	24.372152	24.611668	24.431698	24.402618	24.987852	24.741302	24.695385	24.589027	24.609985	24.29487	24.839243	24.561935	24.366955	24.418077	24.609835	24.52413	24.705639	24.436901	24.642735	24.289827	24.339706	24.642429	24.459393	24.760731	24.406288	24.423275	24.441952	24.59086	24.380724	24.240543	24.423574
1112	22.73358	22.692358	22.902498	23.234852	23.119463	23.092005	23.30484	22.873644	22.973909	23.225214	23.281588	23.155199	23.123581	22.809114	22.920298	23.189535	23.133221	23.13595	23.048048	22.777559	22.813206	23.285624	23.247219	23.166199	23.461451	23.081026	23.041199	22.945053	23.366673	23.115427	23.086485	23.285624	22.99728	22.975304	23.519131	23.23488	23.308992	23.101669	23.295229	22.901131	23.49025	23.19363	23.053541	23.012373	23.233458	23.096149	23.313118	23.030226	23.421535	22.929962	23.083729	23.297993	23.152409	23.499828	23.079638	23.045324	23.0014	23.153831	23.100216	23.023291	23.168867
1113	21.391645	21.376318	21.502356	21.79059	21.740213	21.691305	21.93614	21.503744	21.595991	21.83532	21.751434	21.742939	21.747181	21.432331	21.626858	21.751364	21.714996	21.76112	21.678623	21.362309	21.500822	21.92067	21.828217	21.742867	21.99905	21.710676	21.66177	21.600172	21.926382	21.619751	21.738819	21.908125	21.594534	21.570774	22.01041	21.77784	21.894125	21.66588	21.943035	21.516216	22.102585	21.807314	21.724682	21.623934	21.846468	21.685522	21.912245	21.650482	22.120771	21.590282	21.783482	21.935995	21.81428	22.179504	21.740078	21.671522	21.576422	21.759588	21.766762	21.731789	21.867437
1114	19.917393	19.850115	19.87867	20.152805	20.10659	20.008495	20.266998	19.884787	20.056509	20.23255	20.09753	20.176817	20.137169	19.862804	20.017096	20.155519	20.112476	20.198336	20.069427	19.846939	19.988537	20.315699	20.317953	20.234806	20.368261	20.21011	20.11202	20.07486	20.22418	20.102495	20.100473	20.260651	20.108385	20.062395	20.243223	20.271734	20.257477	20.18836	20.355572	19.997828	20.472931	20.226208	20.213282	20.120844	20.281483	20.158001	20.336996	20.17907	20.494457	20.148029	20.238211	20.38298	20.25679	20.577374	20.222572	20.154833	20.028873	20.308203	20.164808	20.127884	20.315243
1115	18.667822	18.556507	18.502441	18.764626	18.721931	18.58215	18.852238	18.51256	18.751644	18.874046	18.695684	18.849371	18.77253	18.532475	18.652662	18.802885	18.754185	18.873724	18.705482	18.562513	18.706728	18.955328	19.037859	18.956577	18.986012	18.938232	18.798456	18.782003	18.781399	18.816471	18.711809	18.864252	18.848728	18.783895	18.745358	18.995159	18.870258	18.936018	19.01004	18.710842	19.091642	18.886065	18.932224	18.84683	18.955006	18.863279	19.001818	18.931904	19.115995	18.925575	18.928436	19.066647	18.936665	19.219408	18.936338	18.869289	18.717175	19.078012	18.806999	18.768415	18.999599
1116	17.542816	17.398184	17.286524	17.535583	17.492086	17.329033	17.597509	17.29805	17.584661	17.666376	17.45982	17.661419	17.556984	17.351425	17.446312	17.599491	17.549097	17.695709	17.501011	17.418306	17.563929	17.745117	17.891396	17.809353	17.763584	17.797165	17.632132	17.625191	17.513525	17.671663	17.49147	17.627502	17.723053	17.649935	17.436773	17.860123	17.650595	17.814642	17.811996	17.566242	17.871983	17.692406	17.790928	17.709545	17.775436	17.713842	17.815302	17.822243	17.895035	17.823523	17.7616	17.891066	17.76656	18.01099	17.787621	17.721731	17.552402	17.972778	17.601809	17.574835	17.838068
1117	16.068169	15.942105	15.919942	16.128563	16.044945	15.991523	16.139542	15.911703	16.131725	16.234774	16.097734	16.174593	16.092031	15.967028	16.081896	16.163614	16.144398	16.294531	16.153271	16.038189	16.176285	16.30171	16.44783	16.340773	16.377729	16.340986	16.263494	16.179239	16.157068	16.298965	16.185579	16.207323	16.330217	16.331488	16.114208	16.512659	16.339514	16.404966	16.372871	16.20437	16.508436	16.254412	16.413414	16.314381	16.373503	16.366539	16.412992	16.497248	16.491968	16.364632	16.353655	16.443817	16.413841	16.56629	16.373293	16.314169	16.184523	16.546865	16.191696	16.308689	16.541172
1118	14.868201	14.757252	14.807911	14.983624	14.867356	14.903152	14.953142	14.783592	14.949429	15.069832	14.989365	14.964712	14.899948	14.840502	14.97163	14.995192	15.001353	15.154353	15.056571	14.915146	15.047118	15.127167	15.273155	15.145741	15.250018	15.156044	15.149793	15.002624	15.05328	15.181963	15.12294	15.05168	15.196822	15.258628	15.037997	15.416188	15.272641	15.257873	15.201807	15.096176	15.398876	15.084274	15.29249	15.179089	15.232706	15.270197	15.271889	15.419056	15.350246	15.177488	15.20797	15.266149	15.31309	15.390693	15.222408	15.168791	15.071435	15.386552	15.044249	15.278381	15.485844
1119	13.872707	13.774292	13.885365	14.033779	13.89043	14.000234	13.968907	13.847707	13.96859	14.103395	14.069854	13.960995	13.910997	13.905935	14.05055	14.02587	14.053082	14.208457	14.146749	13.983462	14.110358	14.152762	14.298643	14.154345	14.314468	14.173018	14.225863	14.026502	14.137572	14.255291	14.241367	14.092954	14.256557	14.368579	14.145167	14.506552	14.387566	14.306238	14.230293	14.176813	14.478387	14.113523	14.362568	14.237253	14.286302	14.360669	14.325227	14.524585	14.403073	14.192635	14.257505	14.289149	14.399908	14.415413	14.267633	14.218585	14.148016	14.423958	14.092321	14.42364	14.610347
1120	12.7878	12.744673	12.842409	12.951604	12.837465	12.942618	12.9224	12.846912	12.944653	12.995633	13.045989	12.943305	12.966244	12.892075	13.040823	13.004645	13.011154	13.136527	13.148229	13.006681	13.105763	13.123507	13.257423	13.13587	13.21314	13.188009	13.188666	13.041732	13.141939	13.242151	13.186412	13.110486	13.197649	13.307749	13.163063	13.467511	13.35494	13.283491	13.238112	13.184409	13.409082	13.14532	13.390459	13.239457	13.29316	13.36821	13.36777	13.485035	13.35134	13.25745	13.25451	13.310465	13.393371	13.372467	13.292941	13.266436	13.190261	13.438092	13.172295	13.41966	13.583681
1121	11.890358	11.896179	11.976768	12.052786	11.967352	12.062064	12.058744	12.020531	12.101121	12.075075	12.197357	12.107352	12.195014	12.053764	12.205113	12.162602	12.148613	12.246647	12.321709	12.201657	12.276013	12.274624	12.397724	12.298166	12.295801	12.379871	12.328352	12.233229	12.318524	12.403821	12.306469	12.302603	12.319072	12.423202	12.34996	12.604324	12.495486	12.438576	12.42252	12.364223	12.519439	12.351348	12.589519	12.416286	12.474584	12.547146	12.581491	12.620112	12.479836	12.494532	12.427363	12.507542	12.559882	12.511272	12.491757	12.485251	12.401752	12.62746	12.420313	12.58356	12.728813
1122	11.15503	11.200961	11.267499	11.316333	11.254417	11.340575	11.351102	11.343429	11.409966	11.320807	11.502026	11.422408	11.563103	11.366887	11.52037	11.472666	11.44188	11.517516	11.644493	11.542057	11.596152	11.579087	11.693326	11.611791	11.544171	11.717718	11.623445	11.570776	11.643853	11.716932	11.585479	11.640656	11.599202	11.698441	11.683736	11.897069	11.791288	11.746291	11.754258	11.692196	11.790502	11.700801	11.933263	11.741814	11.803878	11.874398	11.937248	11.911428	11.765765	11.869431	11.749634	11.849662	11.876955	11.805649	11.835303	11.845185	11.755684	11.963262	11.804172	11.898494	12.028371
1123	10.516645	10.556802	10.616591	10.692016	10.599246	10.703323	10.710442	10.701672	10.77023	10.668632	10.853021	10.802193	10.924312	10.732806	10.86808	10.809558	10.787384	10.896041	10.994966	10.89985	10.961292	10.940387	11.054314	10.991793	10.916946	11.07795	10.982197	10.947696	11.032968	11.049545	10.962311	11.028583	10.988428	11.064545	11.060161	11.243723	11.128969	11.120777	11.142509	11.082719	11.157566	11.119064	11.267166	11.119315	11.168876	11.227839	11.299956	11.26984	11.132278	11.254781	11.144796	11.217164	11.235147	11.181396	11.221744	11.214241	11.184068	11.316475	11.208144	11.277973	11.369783
1124	9.985738	10.007342	10.063367	10.177899	10.042106	10.16967	10.168729	10.149696	10.224753	10.127149	10.297923	10.277733	10.362521	10.19269	10.306026	10.23637	10.229211	10.383096	10.433934	10.342205	10.418202	10.397413	10.513577	10.468012	10.403885	10.52391	10.438992	10.413274	10.516405	10.470457	10.444994	10.50689	10.485287	10.535782	10.526266	10.687053	10.560901	10.592278	10.623055	10.56703	10.631155	10.629526	10.680581	10.589106	10.622928	10.668964	10.74355	10.727346	10.600851	10.719243	10.636212	10.670378	10.684825	10.65829	10.696698	10.664034	10.705053	10.754823	10.691766	10.753192	10.804976
1125	9.545953	9.552192	9.605098	9.752028	9.580594	9.727613	9.719996	9.692465	9.772902	9.678607	9.838104	9.843294	9.897159	9.745279	9.840444	9.761565	9.766844	9.958192	9.969198	9.880274	9.96833	9.947636	10.065653	10.034131	9.978886	10.064965	9.989025	9.97058	10.088509	9.990765	10.016467	10.074741	10.068503	10.097775	10.084009	10.22593	10.090337	10.15449	10.19276	10.139854	10.1951	10.224011	10.194678	10.1499	10.170685	10.206017	10.282645	10.277966	10.160639	10.275628	10.214924	10.217443	10.228959	10.224972	10.261772	10.208265	10.308259	10.289574	10.26402	10.318485	10.337111
1126	9.164432	9.173637	9.215487	9.372753	9.209208	9.345635	9.334085	9.303619	9.407737	9.307133	9.450254	9.480135	9.521313	9.386393	9.444397	9.387148	9.412086	9.563581	9.584588	9.493109	9.569439	9.573121	9.654057	9.649452	9.606768	9.68176	9.617646	9.593626	9.706283	9.609446	9.647192	9.705697	9.689795	9.712895	9.698082	9.835676	9.701512	9.778931	9.802534	9.771564	9.81174	9.846225	9.802868	9.788219	9.805545	9.840194	9.895854	9.905897	9.812324	9.887486	9.84731	9.839109	9.854842	9.858108	9.906902	9.844296	9.957788	9.916696	9.905144	9.95034	9.951931
1127	8.830955	8.855286	8.881049	9.033688	8.906874	9.012919	8.999364	8.969749	9.109176	8.996005	9.119744	9.17326	9.214219	9.095188	9.10426	9.088696	9.137644	9.198674	9.262674	9.165129	9.214158	9.257822	9.276601	9.306849	9.278874	9.358295	9.307628	9.269597	9.363723	9.302917	9.326327	9.387624	9.345598	9.372716	9.359015	9.502087	9.376565	9.453918	9.44843	9.451418	9.472759	9.496026	9.483243	9.48695	9.507288	9.54796	9.567807	9.594347	9.533689	9.545689	9.524347	9.51964	9.544256	9.544398	9.613969	9.550316	9.646655	9.614398	9.60084	9.635452	9.631173
1128	8.544091	8.581432	8.593359	8.742018	8.6468	8.726711	8.711429	8.682546	8.852348	8.728364	8.83543	8.909278	8.950051	8.844689	8.811669	8.831962	8.90156	8.884772	8.985758	8.882994	8.908537	8.986592	8.951904	9.012136	8.996813	9.080047	9.040943	8.99086	9.069048	9.039237	9.05031	9.114011	9.049515	9.080082	9.06734	9.215123	9.097036	9.174335	9.143819	9.176023	9.181161	9.194776	9.208296	9.227794	9.250721	9.296576	9.285613	9.326347	9.293998	9.251667	9.246529	9.244822	9.277081	9.274539	9.361983	9.297428	9.379012	9.354358	9.339072	9.364579	9.355247
1129	8.300308	8.341913	8.350905	8.485865	8.416443	8.476171	8.465674	8.44321	8.610326	8.496326	8.593878	8.663093	8.710258	8.612705	8.568684	8.599933	8.679711	8.637158	8.743638	8.6422	8.659626	8.749447	8.689715	8.765962	8.748887	8.83402	8.803472	8.747173	8.817259	8.799831	8.808372	8.870374	8.799589	8.836047	8.812712	8.953022	8.859525	8.933951	8.890983	8.932028	8.934407	8.944203	8.96394	8.990041	9.014887	9.060477	9.029373	9.085425	9.068561	9.004038	9.009845	9.005752	9.040742	9.040392	9.131124	9.069118	9.134099	9.119158	9.112752	9.12633	9.126641
1130	8.09228	8.125834	8.147504	8.253025	8.203791	8.249785	8.254138	8.247121	8.362898	8.290418	8.387856	8.415408	8.47931	8.381869	8.371086	8.37809	8.453872	8.458813	8.525342	8.434952	8.465826	8.535633	8.489638	8.563258	8.523166	8.607615	8.582179	8.527505	8.600049	8.569172	8.589222	8.643343	8.589232	8.635801	8.583793	8.697981	8.656909	8.724027	8.685596	8.706684	8.725652	8.739735	8.736997	8.757017	8.783005	8.820344	8.782441	8.857171	8.838764	8.796571	8.806864	8.792231	8.823084	8.832298	8.905356	8.851233	8.895052	8.89399	8.912971	8.909156	8.941683
1131	7.904096	7.930366	7.963508	8.042398	8.011425	8.044997	8.062781	8.069738	8.139072	8.104149	8.20149	8.191351	8.270395	8.173053	8.19234	8.177412	8.24958	8.297478	8.327868	8.247477	8.290518	8.342216	8.308648	8.379891	8.318977	8.402809	8.381995	8.328794	8.403561	8.360518	8.390976	8.437969	8.398942	8.454659	8.376713	8.467267	8.473623	8.53413	8.499805	8.502836	8.536814	8.55477	8.531703	8.546221	8.573242	8.603118	8.559068	8.650694	8.63089	8.608897	8.623245	8.599081	8.626187	8.644058	8.701127	8.654129	8.678809	8.690302	8.732249	8.712702	8.774367
1132	7.739976	7.755403	7.798311	7.857884	7.838151	7.864391	7.892653	7.91014	7.944704	7.942286	8.032732	7.992669	8.080494	7.98923	8.024986	8.001438	8.064029	8.144752	8.153926	8.081343	8.130736	8.169982	8.146403	8.21267	8.141125	8.219786	8.203526	8.153723	8.231398	8.181596	8.214714	8.253941	8.227313	8.292387	8.19949	8.27044	8.304359	8.357822	8.333659	8.323495	8.371084	8.385083	8.351146	8.360698	8.387125	8.412953	8.370489	8.467848	8.447721	8.440809	8.459114	8.431683	8.452608	8.473945	8.521531	8.476787	8.488995	8.508711	8.568492	8.535955	8.614005
1133	7.616213	7.603648	7.652868	7.715138	7.683184	7.719352	7.750065	7.768157	7.801823	7.822814	7.878012	7.828379	7.903308	7.843068	7.848182	7.86451	7.891516	7.976507	8.015156	7.944459	7.979836	8.024428	8.004643	8.054334	8.007993	8.062325	8.051792	8.013896	8.098042	8.060144	8.066934	8.09347	8.072839	8.151079	8.080758	8.141375	8.135146	8.177671	8.190216	8.181376	8.241524	8.22014	8.208311	8.213369	8.232741	8.266386	8.2558	8.317734	8.301311	8.29458	8.317715	8.310096	8.313501	8.319425	8.379572	8.319012	8.340451	8.354349	8.417881	8.378762	8.429316
1134	7.49872	7.459583	7.514796	7.579628	7.536071	7.581665	7.614701	7.63337	7.666183	7.709395	7.731132	7.672413	7.735102	7.704314	7.68034	7.734521	7.727746	7.816788	7.883419	7.814513	7.836581	7.88625	7.870069	7.90402	7.881608	7.912844	7.907751	7.881157	7.971443	7.944849	7.926644	7.941131	7.926194	8.016931	7.968043	8.018849	7.974511	8.006651	8.054043	8.046462	8.11853	8.063556	8.072712	8.073505	8.08618	8.12725	8.146925	8.175225	8.162323	8.155763	8.183481	8.194674	8.181443	8.172737	8.244805	8.16923	8.199438	8.20781	8.274905	8.229538	8.253987
1135	7.387308	7.32364	7.384092	7.451808	7.39738	7.451672	7.48679	7.506162	7.538427	7.601838	7.59266	7.525503	7.576688	7.573227	7.522334	7.611698	7.573454	7.666112	7.758569	7.691839	7.701229	7.755566	7.742869	7.761908	7.762302	7.771782	7.77192	7.755916	7.851848	7.835647	7.794113	7.797676	7.787742	7.890092	7.861723	7.903059	7.823177	7.845735	7.925421	7.91905	8.001999	7.916061	7.944732	7.941456	7.948069	7.995915	8.044125	8.040682	8.031047	8.024752	8.056808	8.085703	8.056808	8.034354	8.117847	8.028028	8.066257	8.069744	8.139754	8.088678	8.088799
1136	7.2974	7.257397	7.29322	7.393148	7.338316	7.384026	7.412768	7.442913	7.491799	7.514572	7.533454	7.471028	7.519654	7.499256	7.46989	7.541299	7.514458	7.595117	7.662597	7.628552	7.623858	7.672608	7.667039	7.674886	7.701238	7.702627	7.711749	7.69592	7.784811	7.755805	7.719719	7.747211	7.715415	7.811652	7.812552	7.835463	7.765441	7.797736	7.854582	7.850276	7.914343	7.861302	7.880673	7.872437	7.89296	7.929297	7.989959	7.970577	7.959051	7.959816	7.994514	8.029086	7.994514	7.969313	8.069865	7.96805	7.993876	8.016298	8.058579	8.017048	8.025158
1137	7.209438	7.192586	7.204316	7.335758	7.280531	7.317844	7.340347	7.38103	7.44618	7.429197	7.475532	7.417731	7.463854	7.426886	7.418581	7.472425	7.456742	7.525661	7.568704	7.566635	7.548164	7.591446	7.592853	7.589749	7.641497	7.634968	7.652881	7.637224	7.719225	7.677693	7.646937	7.697836	7.644655	7.734909	7.764446	7.769328	7.708954	7.750779	7.785277	7.782995	7.828587	7.807726	7.817998	7.804915	7.839041	7.86412	7.936965	7.901989	7.888614	7.896284	7.933569	7.973694	7.933569	7.90568	8.022921	7.909367	7.92306	7.964007	7.97916	7.946971	7.962893
1138	7.123362	7.129165	7.117318	7.279596	7.223986	7.25308	7.26948	7.320475	7.401539	7.345651	7.418849	7.365578	7.409252	7.356069	7.36837	7.405029	7.400261	7.457693	7.476822	7.506044	7.474092	7.512023	7.520257	7.506436	7.583035	7.56876	7.595276	7.579787	7.655044	7.601255	7.575715	7.649519	7.575412	7.659813	7.71737	7.704611	7.653679	7.704825	7.717457	7.717153	7.744668	7.755301	7.756667	7.738838	7.78628	7.800342	7.885108	7.834871	7.819687	7.834114	7.873931	7.919489	7.873931	7.843408	7.976983	7.851943	7.853765	7.912838	7.901446	7.878395	7.901964
1139	7.020445	7.039556	7.040581	7.171703	7.130188	7.164506	7.170877	7.224104	7.298296	7.239109	7.307133	7.273633	7.315147	7.250617	7.302194	7.294187	7.308364	7.372072	7.377622	7.413995	7.377622	7.42694	7.419751	7.409271	7.493528	7.474826	7.491888	7.480583	7.544703	7.489215	7.491676	7.566278	7.492499	7.567513	7.605329	7.613753	7.565251	7.609436	7.630191	7.618684	7.64088	7.662047	7.648895	7.64273	7.692051	7.706847	7.785765	7.748976	7.743426	7.739113	7.773436	7.813921	7.789873	7.743429	7.870846	7.750212	7.759253	7.834878	7.808782	7.788845	7.798712
1140	6.91499	6.945659	6.966064	7.055005	7.030125	7.072068	7.067753	7.121744	7.18499	7.128938	7.186039	7.174958	7.214375	7.139431	7.233459	7.176049	7.210526	7.283682	7.277579	7.316721	7.277579	7.341249	7.314702	7.310075	7.398857	7.37635	7.380745	7.374329	7.426573	7.371299	7.405737	7.477143	7.407525	7.472557	7.482121	7.51862	7.471274	7.505597	7.539842	7.514811	7.534013	7.561881	7.533274	7.541671	7.590804	7.608449	7.678339	7.660109	7.666212	7.638652	7.666058	7.699605	7.701818	7.637137	7.754374	7.640985	7.660654	7.752468	7.713869	7.695948	7.688332
1141	6.810339	6.852478	6.892117	6.939198	6.93083	6.980334	6.965416	7.020165	7.072548	7.019607	7.06587	7.077039	7.114374	7.029095	7.165247	7.058814	7.113437	7.195967	7.178302	7.220193	7.178302	7.256211	7.210454	7.21164	7.304909	7.278625	7.270452	7.268889	7.309347	7.254282	7.320451	7.388689	7.323199	7.378328	7.359853	7.424214	7.378014	7.40255	7.450182	7.411729	7.427961	7.462483	7.418536	7.441382	7.490327	7.510805	7.571737	7.571921	7.589586	7.53896	7.559501	7.58616	7.614436	7.531657	7.638791	7.532594	7.56281	7.670684	7.619683	7.603762	7.578793
1142	6.743642	6.778875	6.827107	6.861222	6.863379	6.909246	6.905293	6.937953	7.000927	6.95831	6.98465	7.002253	7.03811	6.964836	7.085304	6.988966	7.04786	7.13044	7.120195	7.145236	7.107195	7.174383	7.151266	7.136759	7.220016	7.206937	7.205819	7.200618	7.229324	7.179114	7.251269	7.320797	7.252362	7.30798	7.272799	7.342563	7.31058	7.328624	7.371241	7.345551	7.377012	7.381667	7.341443	7.383773	7.418797	7.436843	7.492692	7.487077	7.509022	7.466821	7.478575	7.500962	7.532917	7.461594	7.547478	7.462245	7.49181	7.588768	7.548311	7.533749	7.507227
1143	6.695355	6.715088	6.766836	6.80169	6.811472	6.848457	6.865533	6.865524	6.949107	6.920125	6.922429	6.938966	6.973643	6.922791	7.000489	6.941994	6.997653	7.075891	7.081942	7.081047	7.049929	7.094736	7.113773	7.073578	7.14008	7.148088	7.163207	7.150401	7.16747	7.124261	7.19023	7.26314	7.18845	7.249447	7.203032	7.267581	7.255849	7.269007	7.297987	7.297283	7.352413	7.310257	7.282699	7.346722	7.361475	7.374631	7.427266	7.404502	7.427262	7.408242	7.410373	7.429756	7.454827	7.408777	7.46834	7.410377	7.434027	7.507462	7.488261	7.474748	7.454122
1144	6.647674	6.652103	6.707321	6.742906	6.760217	6.78843	6.826272	6.794005	6.897937	6.88242	6.860991	6.876475	6.909985	6.881274	6.916738	6.895614	6.948075	7.02203	7.044171	7.017664	6.993383	7.016088	7.076751	7.011192	7.061148	7.089976	7.12113	7.100816	7.106391	7.070095	7.129958	7.206206	7.125344	7.19165	7.13414	7.19354	7.201807	7.210137	7.225654	7.249623	7.328126	7.239746	7.224693	7.310134	7.304872	7.313204	7.362662	7.322962	7.346529	7.350398	7.343028	7.359441	7.377714	7.356621	7.390196	7.35916	7.376967	7.427172	7.428966	7.416487	7.401682
CHECKSUMd¾