[HEADER]
Format	J&M ASCII Table
Comment	COA_01_P.00033_HAL03-noFilter_UVIR600um2-UV400um0.5_23mm
Date	01/08/2024 09:26:48
Order	Y (evenX)
TechType	UV
NumPoints	841
FirstX	304
LastX	1144
XType	nm
YType	Transmission
ZType	s
NumSubFile	61
Matrix	Z vs X
[LOGIN]
Name=JM
[INSTRUMENT]
Name=TIDAS S
Detector=MMS - ASPEN 97,5 kHz
Diodearray=256 Pixel
Serial#=39059
Calibrated=2016-03-14
Range=303.56-1144.49 [nm] (F0)

SWVersion=v3.22.6 (build 0)
[CONFIG]
ChannelName=Result
ChannelType=Normalized
[PARAMETER]
It=120.00
Aver=20
Norm=1
Range=304.0-1144.0 nm
Scan=Single
[TRIGGER]
Sweep=0
Scan=0
[DIO]
DigOut=0x0000
DigIn=0x0000
[DATA]
	00:00:00.000	00:00:23.840	00:00:47.657	00:01:11.468	00:01:35.257	00:01:59.081	00:02:22.886	00:02:46.685	00:03:10.478	00:03:34.309	00:03:58.112	00:04:21.915	00:04:45.709	00:05:09.537	00:05:33.349	00:05:57.148	00:06:20.943	00:06:44.748	00:07:08.547	00:07:32.343	00:07:56.141	00:08:19.940	00:08:43.748	00:09:07.541	00:09:31.341	00:09:55.133	00:10:18.930	00:10:42.725	00:11:06.527	00:11:30.318	00:11:54.117	00:12:17.924	00:12:41.719	00:13:05.513	00:13:29.308	00:13:53.114	00:14:16.909	00:14:40.707	00:15:04.501	00:15:28.298	00:15:52.093	00:16:15.888	00:16:39.686	00:17:03.477	00:17:27.270	00:17:51.066	00:18:14.867	00:18:38.667	00:19:02.455	00:19:26.252	00:19:50.049	00:20:13.843	00:20:37.641	00:21:01.440	00:21:25.242	00:21:49.040	00:22:12.840	00:22:36.640	00:23:00.435	00:23:24.231	00:23:48.025
304	47.577656	57.918423	43.43372	53.472836	57.8825	66.58741	45.958672	47.838902	66.747757	43.912476	44.774647	62.317955	48.854713	42.726265	56.623417	66.531357	48.943237	59.023891	66.736511	55.644585	42.861958	41.982887	64.185829	55.959671	57.169426	60.054249	42.541245	54.333954	45.238865	48.329952	43.14896	42.515488	53.954994	59.470135	53.980755	65.153419	51.250648	62.621765	51.603848	52.170013	52.65107	42.744217	57.685154	54.750996	42.341713	61.313362	40.777649	51.337009	54.831707	57.114471	56.449615	51.101555	51.914425	48.199883	61.941181	62.360554	53.459431	40.126259	40.425556	45.413746	42.281136
305	47.473316	58.229256	43.230862	52.786003	57.687134	66.053185	45.775394	47.480503	66.578697	43.314186	44.229717	62.248222	49.11174	42.610168	56.319736	66.081718	48.553001	58.880913	66.117439	54.80978	43.054844	41.44738	63.912918	55.630123	56.835793	59.710876	42.003853	54.122406	45.114281	47.604218	42.721992	42.34383	53.941631	59.494419	53.601624	64.961609	51.021397	62.607307	51.542179	51.487583	53.064053	42.881229	57.040371	54.003586	42.198776	61.078243	40.893169	51.304348	54.055916	56.443451	56.174683	50.95718	51.71104	47.390213	61.225765	62.600117	53.166431	40.243973	39.951546	44.838493	41.575821
306	47.369686	58.537983	43.029377	52.103806	57.493065	65.522614	45.593391	47.124527	66.410797	42.719906	43.688435	62.178982	49.367081	42.494862	56.018143	65.635155	48.165382	58.738911	65.502525	53.980583	43.246414	40.915455	63.641857	55.302811	56.504429	59.369839	41.470058	53.912319	44.990551	46.883377	42.297939	42.173374	53.928398	59.518551	53.225052	64.771118	50.793709	62.592934	51.480942	50.809757	53.474277	43.017334	56.39991	53.261219	42.056816	60.844761	41.007923	51.27195	53.285336	55.776997	55.901588	50.813793	51.509064	46.585976	60.515179	62.838097	52.875443	40.360882	39.480736	44.267155	40.875259
307	47.221489	58.652161	42.842056	51.412678	57.322651	65.04232	45.460922	46.72171	66.224411	42.251881	43.194954	61.965034	49.524826	42.264114	55.736835	65.179695	47.758606	58.463943	64.887619	53.253155	43.32058	40.329304	63.301826	54.948936	56.154507	58.936363	40.921192	53.616089	44.747822	46.219738	41.869915	41.915127	53.82769	59.46347	52.81813	64.487823	50.534363	62.45306	51.387035	50.13063	53.719921	42.985538	55.789886	52.54174	41.842529	60.522186	40.982067	51.171463	52.569126	55.098015	55.644691	50.646042	51.220615	45.835579	59.933674	62.937176	52.584755	40.34103	39.115414	43.708645	40.168507
308	46.796528	57.585526	42.734623	50.642838	57.290363	64.851341	45.625534	46.01936	65.919006	42.536026	42.975178	60.862213	49.094086	41.322151	55.569183	64.653976	47.220867	57.369934	64.251198	53.119614	42.682514	39.392193	62.530048	54.421051	55.679298	57.924747	40.261269	52.784992	43.771751	45.880898	41.402645	41.113373	53.191132	58.924263	52.211975	63.629467	50.073242	61.544079	51.090961	49.419765	52.972176	41.93034	55.343445	51.936279	41.18029	59.645897	40.099049	50.653046	52.15863	54.318935	55.47728	50.323975	50.395523	45.386211	60.117752	62.194191	52.285683	39.487495	39.379547	43.208946	39.39901
309	46.373707	56.524212	42.62772	49.876862	57.258194	64.661293	45.789341	45.320541	65.61512	42.818741	42.756466	59.764923	48.66552	40.384918	55.402363	64.13089	46.68581	56.281353	63.617943	52.986698	42.047604	38.459789	61.762089	53.89576	55.206448	56.918175	39.604633	51.958042	42.800583	45.543736	40.937729	40.31562	52.557743	58.387711	51.608841	62.775387	49.614418	60.639626	50.79636	48.71241	52.228153	40.880379	54.899239	51.333839	40.521358	58.774002	39.220463	50.13718	51.750175	53.543766	55.310684	50.00351	49.574551	44.939114	60.300892	61.45488	51.988117	38.638222	39.642376	42.7117	38.633327
310	45.95298	55.468178	42.521358	49.114697	57.226227	64.472244	45.952339	44.625195	65.312759	43.100021	42.538879	58.673119	48.239075	39.452374	55.236416	63.610413	46.153435	55.198242	62.987846	52.854492	41.415871	37.532051	60.998005	53.373104	54.73597	55.916637	38.951317	51.135235	41.834274	45.208298	40.475117	39.521862	51.927525	57.853848	51.008709	61.925591	49.157898	59.739731	50.503235	48.008625	51.487858	39.835697	54.457272	50.734383	39.865753	57.906448	38.346275	49.623905	51.343781	52.772449	55.144966	49.684658	48.75769	44.494255	60.483135	60.719307	51.69202	37.793228	39.9039	42.216953	37.871506
311	45.532833	55.355366	42.021854	49.0495	56.439041	64.504829	45.343685	44.929298	65.002686	43.038429	42.349514	58.261608	47.638775	39.536942	55.076385	63.447094	45.856716	54.822708	62.922024	52.387173	41.086819	37.540398	60.786968	52.892624	54.502605	55.556553	39.452789	50.786655	41.945263	45.384163	40.356781	39.464802	51.705845	57.785217	50.928974	61.517014	48.602894	59.479343	49.744743	47.901939	51.036556	39.505924	54.43808	50.724037	39.387009	57.644772	38.342548	49.318993	51.249077	52.297318	54.446308	49.059631	48.471912	44.533276	60.022141	60.722446	51.358559	37.417675	39.383202	42.169853	37.907307
312	45.109253	55.419678	41.44397	49.115288	55.502743	64.579514	44.584286	45.424564	64.688583	42.911537	42.16391	57.975101	47.000671	39.814171	54.916161	63.349842	45.602028	54.577656	62.96217	51.852695	40.812157	37.725529	60.678577	52.416115	54.312061	55.314571	40.176407	50.5247	42.260525	45.657967	40.302425	39.546307	51.559418	57.803852	50.946838	61.188309	48.024654	59.337563	48.89212	47.907097	50.636017	39.308407	54.498554	50.82478	38.937714	57.495308	38.50312	49.050888	51.212425	51.874172	53.641258	48.371624	48.284035	44.663952	59.43589	60.865063	51.015228	37.127644	38.710522	42.206833	38.093971
313	44.68214	55.48452	40.861233	49.181675	54.558586	64.654846	43.818512	45.924015	64.371857	42.783585	41.976749	57.686199	46.357216	40.093777	54.754608	63.251789	45.345211	54.330551	63.00267	51.31374	40.535191	37.912254	60.569263	51.935619	54.119907	55.070541	40.906147	50.260525	42.578445	45.93409	40.247623	39.62851	51.411755	57.822655	50.964832	60.856853	47.441597	59.194607	48.03231	47.912308	50.232155	39.109238	54.559517	50.926388	38.484619	57.344597	38.665058	48.780544	51.175476	51.447487	52.829487	47.677868	48.094582	44.795708	58.844734	61.0089	50.669022	36.835186	38.032196	42.244164	38.282249
314	44.220642	55.305153	40.436222	49.163448	53.603947	64.590469	43.105656	45.634941	64.048897	41.979088	41.784382	57.336246	45.878445	39.895905	54.391514	63.117462	44.84243	54.0182	62.824368	50.977921	39.97485	37.72464	60.404629	51.292534	53.740376	54.961185	40.643761	49.925358	42.407391	45.878445	39.957081	39.215408	51.165218	57.676525	50.854321	60.774254	46.918175	59.024651	47.58215	47.738819	50.168888	39.007874	54.39027	50.762547	38.064884	57.179577	38.560551	48.544155	50.887394	51.026291	52.342598	47.272472	47.602386	44.562138	58.359455	60.595642	50.450432	36.560032	37.491467	41.9729	37.760178
315	43.727238	54.915627	40.144054	49.072598	52.635254	64.406082	42.434372	44.668732	63.718925	40.590683	41.586536	56.932171	45.5382	39.287903	53.853863	62.951397	44.126217	53.648289	62.457676	50.814312	39.16872	37.215366	60.191734	50.50676	53.198288	54.96661	39.530037	49.527569	41.816494	45.5382	39.463013	38.375759	50.832603	57.38826	50.633114	60.904385	46.443142	58.830708	47.480526	47.411243	50.397038	38.989754	54.022892	50.370461	37.671425	57.00145	38.227226	48.335594	50.382607	50.60762	52.131523	47.112007	46.848213	44.014271	57.962353	59.70295	50.339962	36.298225	37.06572	41.435776	36.626839
316	43.227024	54.52071	39.84787	48.980511	51.653259	64.219124	41.753902	43.689259	63.384377	39.183224	41.385967	56.522537	45.19331	38.67152	53.308823	62.78307	43.400169	53.273254	62.085903	50.648445	38.351555	36.699074	59.975876	49.710163	52.648746	54.972095	38.401024	49.124306	41.217484	45.19331	38.962135	37.524555	50.495441	57.096054	50.408852	61.036312	45.961552	58.634121	47.377525	47.079201	50.628334	38.971401	53.650429	49.97295	37.272587	56.820862	37.889351	48.124157	49.870907	50.183159	51.917542	46.949329	46.08371	43.458904	57.559784	58.797997	50.227993	36.032818	36.634155	40.8913	35.477921
317	42.900261	54.163158	39.582115	48.955872	51.056503	64.063507	41.366493	43.113319	63.081425	38.094311	41.102009	56.256824	44.865955	38.140305	52.725624	62.642593	42.858517	52.87603	61.880539	50.670635	37.757153	36.412819	59.73119	49.180111	52.271324	54.941864	37.644264	48.812424	40.663177	44.921631	38.616661	36.932449	50.191593	56.871216	50.226368	61.092175	45.549931	58.411949	47.282879	46.781399	50.676388	38.946854	53.37326	49.692802	36.97847	56.667816	37.585869	47.932018	49.454628	49.847435	51.797688	46.955402	45.608322	43.054951	57.382347	58.067852	50.082924	35.751251	36.190079	40.469437	34.568516
318	43.133232	53.937775	39.422928	49.144581	51.69775	64.012993	41.918224	43.832283	62.890339	38.053425	40.566803	56.455391	44.607288	37.89896	52.046005	62.595741	42.919834	52.424995	62.207722	51.284264	37.88887	36.862812	59.405602	49.511379	52.451496	54.80035	38.09111	48.801197	40.272205	44.891792	38.774796	37.180794	50.005047	56.867832	50.182869	60.906212	45.375366	58.118397	47.218323	46.603638	50.14518	38.90377	53.40749	49.793781	37.026329	56.607723	37.403191	47.808556	49.355877	49.804909	51.979084	47.492737	46.06329	43.144394	57.921455	57.918285	49.839451	35.430191	35.724789	40.451061	34.450874
319	43.364967	53.713543	39.264515	49.33234	52.335709	63.962723	42.46711	44.547546	62.700218	38.012741	40.034363	56.652893	44.349937	37.658848	51.369865	62.549114	42.980846	51.976269	62.53318	51.894737	38.019901	37.310509	59.081703	49.840931	52.63076	54.659546	38.535625	48.789986	39.883259	44.862095	38.93211	37.427818	49.819473	56.864452	50.139572	60.721161	45.201664	57.826328	47.154087	46.426807	49.616657	38.860901	53.441559	49.894218	37.073929	56.54792	37.221439	47.685745	49.257591	49.762585	52.159554	48.027298	46.515877	43.23336	58.457779	57.76947	49.597187	35.110775	35.261879	40.432774	34.333794
320	43.595551	53.490501	39.106956	49.519146	52.970417	63.912701	43.013191	45.259125	62.511063	37.972301	39.504662	56.849434	44.093918	37.419975	50.697231	62.502712	43.041565	51.529854	62.857021	52.502083	38.150272	37.75589	58.759445	50.168808	52.809113	54.519474	38.977898	48.778839	39.496315	44.832531	39.088596	37.673618	49.634838	56.861103	50.096489	60.537075	45.028889	57.535778	47.090225	46.250866	49.090889	38.818287	53.475468	49.994133	37.121296	56.488441	37.040657	47.563545	49.159851	49.720497	52.339119	48.559132	46.966156	43.321915	58.991344	57.621429	49.356209	34.793034	34.801353	40.414589	34.217327
321	43.224609	53.181625	38.893803	48.958771	52.28709	62.926548	42.876617	44.828625	62.189941	37.637749	38.761295	55.989639	43.71907	37.236423	50.828259	61.923237	42.903286	51.883678	61.977398	51.365894	38.091583	37.290585	58.260887	49.880398	52.09996	54.584175	38.586868	47.996941	39.4814	44.174133	38.813801	37.810486	49.105667	56.469746	49.493431	59.665127	45.081394	57.231308	46.419563	46.00425	48.677677	38.773144	53.154957	49.639931	36.795696	56.202187	36.382095	47.074062	48.824577	49.625969	52.085571	47.836483	46.646069	43.504017	58.514889	57.164867	48.931702	34.776791	34.803459	40.39032	34.055401
322	42.820023	52.870304	38.679157	48.357513	51.528912	61.891788	42.699257	44.331787	61.863625	37.288155	38.011543	55.07275	43.340328	37.057911	51.00758	61.316238	42.754013	52.283501	61.031807	50.132771	38.021774	36.773472	57.756065	49.556713	51.342678	54.660904	38.148136	47.174736	39.489525	43.483059	38.514946	37.9394	48.560112	56.058067	48.861454	58.758778	45.14724	56.928791	45.717697	45.755547	48.275166	38.728287	52.815575	49.260994	36.450138	55.904572	35.700153	46.566425	48.477737	49.529064	51.80772	47.043232	46.281479	43.690231	57.980625	56.693459	48.499756	34.779282	34.834007	40.365902	33.892162
323	42.419334	52.561962	38.466576	47.762032	50.777985	60.866905	42.523632	43.839703	61.540436	36.941917	37.268967	54.164589	42.965214	36.881142	51.185181	60.715042	42.606178	52.67952	60.095215	48.911453	37.952621	36.261314	57.256042	49.236099	50.592636	54.736881	37.713604	46.36039	39.497585	42.798565	38.218987	38.067101	48.019802	55.650337	48.235489	57.861115	45.212498	56.629147	45.022549	45.509209	47.876511	38.683846	52.479416	48.885693	36.107899	55.60981	35.024738	46.063683	48.134251	49.433094	51.532509	46.257595	45.920391	43.87468	57.451481	56.226585	48.071976	34.781734	34.864281	40.341702	33.730473
324	42.029987	52.426582	38.691284	47.145	50.328819	60.273212	42.232304	43.217281	61.195637	36.998215	37.129143	54.113682	43.065411	36.569824	51.06678	60.326748	42.395969	52.688461	59.588821	48.817123	37.837376	35.831867	57.038719	49.320061	49.9837	54.375648	37.486256	46.115406	39.459053	42.788666	38.236065	37.682716	47.957249	55.1493	47.873981	57.856934	44.946045	56.449562	44.823986	44.827084	47.793613	38.628872	52.280788	48.808289	36.060925	55.488457	34.772514	45.966606	47.69548	49.293316	50.983513	46.00531	45.588745	43.618958	56.83049	56.148998	47.728191	35.058128	34.954025	40.360622	33.451397
325	41.648415	52.388	39.158615	46.518269	50.049366	59.921688	41.877659	42.524616	60.840012	37.278473	37.325417	54.540211	43.429882	36.184738	50.784016	60.058392	42.151772	52.481884	59.323746	49.350647	37.696857	35.450066	56.979622	49.628876	49.455544	53.772346	37.37513	46.188274	39.394753	43.154369	38.427414	37.014671	48.160954	54.598164	47.661018	58.350212	44.495899	56.337482	44.902599	43.90485	47.886841	38.568268	52.159454	48.897003	36.178516	55.464024	34.756866	46.095764	47.205303	49.129669	50.284107	46.050869	45.274769	43.11911	56.160671	56.288467	47.432499	35.486019	35.076546	40.403515	33.108009
326	41.270206	52.349716	39.621822	45.897072	49.772343	59.573269	41.526112	41.838047	60.487526	37.556206	37.519932	54.962944	43.791111	35.803051	50.503765	59.792431	41.909752	52.277149	59.061031	49.879398	37.557598	35.071651	56.921005	49.934978	48.932079	53.174389	37.264946	46.260509	39.330978	43.516819	38.617023	36.352501	48.362843	54.051899	47.449951	58.839111	44.049725	56.226357	44.980526	42.990746	47.979206	38.508156	52.039154	48.984894	36.295082	55.439831	34.741306	46.223763	46.719452	48.96743	49.590874	46.096031	44.963535	42.62368	55.496777	56.426685	47.139389	35.910107	35.197987	40.446014	32.767624
327	41.176926	52.309387	39.829563	45.614223	49.550079	59.176804	41.393791	41.484543	60.010422	37.660904	37.745533	55.148643	44.033104	35.436852	50.396053	59.476723	41.801384	51.989449	58.796902	50.18531	37.49942	34.840115	56.957405	50.057644	48.736507	52.753864	37.17181	46.274044	39.212807	43.770073	38.576027	36.049042	48.461151	53.58749	47.299915	58.967602	43.917759	56.056095	45.049755	42.611938	48.062809	38.377632	51.974075	48.950272	36.391994	55.4132	34.850891	46.292515	46.466293	48.814907	49.308651	46.046406	44.823666	42.281227	55.004055	56.520599	46.881554	36.090553	35.220016	40.217133	32.663784
328	41.632839	52.265167	39.544563	45.984112	49.434128	58.689083	41.684238	41.773758	59.294861	37.431805	38.030182	54.877029	44.044598	35.101807	50.621151	59.066338	41.950909	51.543011	58.531059	50.060921	37.597672	34.892387	57.176666	49.82655	49.173336	52.676666	37.111794	46.174461	38.990185	43.812164	38.0909	36.437538	48.359634	53.282417	47.268028	58.401402	44.391464	55.77243	45.101933	43.265598	48.129196	38.111938	52.015633	48.679642	36.45076	55.381977	35.201107	46.246902	46.662277	48.681606	49.819176	45.814365	45.014351	42.234688	54.842766	56.528862	46.692635	35.801014	35.050411	39.466305	33.015938
329	42.076778	52.222107	39.267033	46.344299	49.321186	58.214176	41.967045	42.055393	58.598061	37.208714	38.307396	54.612534	44.055759	34.77552	50.840317	58.666718	42.096489	51.108242	58.272152	49.93977	37.693317	34.943256	57.390182	49.60149	49.598682	52.601456	37.053383	46.077511	38.773422	43.853127	37.618458	36.815853	48.260799	52.98534	47.23698	57.85001	44.852757	55.496204	45.15274	43.9021	48.193813	37.853184	52.056068	48.41613	36.507965	55.351551	35.542152	46.20245	46.853123	48.551781	50.316315	45.588402	45.200043	42.189339	54.685696	56.536907	46.50864	35.519039	34.885277	38.735153	33.358864
330	42.467888	52.156532	38.987576	46.65625	49.186192	57.761765	42.194386	42.298489	57.935398	36.965931	38.535381	54.355221	44.054214	34.466316	51.013988	58.261616	42.204506	50.693684	58.009171	49.780849	37.757816	34.979641	57.563709	49.368267	49.980606	52.503807	36.977726	45.965054	38.572441	43.854462	37.148834	37.167366	48.156158	52.692623	47.190636	57.289333	45.264622	55.226768	45.185791	44.484528	48.230759	37.595974	52.061699	48.133396	36.542355	55.317368	35.847832	46.130283	47.01194	48.417892	50.7649	45.34766	45.34766	42.134937	54.511154	56.526917	46.324978	35.237968	34.71032	38.039761	33.681168
331	41.606094	51.380878	38.439541	45.789917	48.301296	57.626225	40.967781	41.595154	57.7724	35.96109	37.492809	54.113667	43.678635	34.423084	49.984711	57.388763	41.292236	50.557621	57.426376	48.393768	36.956768	34.618202	56.695957	48.717857	49.378109	51.673199	36.339619	45.313419	38.682495	42.694271	36.404659	36.999504	47.802864	52.306046	46.661015	56.030579	44.539528	54.952602	44.723312	43.922356	47.483902	37.189178	51.050926	47.072842	35.933659	55.147381	35.349018	45.189209	46.352623	48.062679	50.130463	44.490929	44.490929	41.773437	53.692013	55.981236	46.011333	34.769848	34.115067	37.865494	33.643696
332	40.75687	50.616486	37.899475	44.936222	47.42931	57.492645	39.759026	40.902031	57.611752	34.970879	36.465439	53.875626	43.308487	34.380447	48.970387	56.528618	40.393246	50.423496	56.852074	47.026882	36.167404	34.262047	55.840851	48.076908	48.784401	50.854675	35.7108	44.671268	38.790936	41.550995	35.671314	36.834076	47.454704	51.925087	46.139095	54.790169	43.824963	54.682446	44.267529	43.368385	46.747894	36.788269	50.054859	46.027699	35.33382	54.979824	34.85746	44.261837	45.702904	47.712627	49.505249	43.64669	43.64669	41.417194	52.884811	55.443459	45.702221	34.308537	33.528473	37.693764	33.606735
333	39.919884	49.863155	37.367203	44.09483	46.569889	57.361008	38.567715	40.218941	57.453388	33.994968	35.452911	53.641003	42.943676	34.338436	47.970715	55.680889	39.507263	50.291298	56.286068	45.679745	35.389412	33.910995	54.9981	47.445236	48.199238	50.047977	35.091057	44.038383	38.897793	40.42421	34.948586	36.671024	47.111591	51.549648	45.62471	53.567661	43.120739	54.416157	43.818325	42.82238	46.022533	36.393143	49.073158	44.997684	34.742615	54.814686	34.372997	43.347885	45.062561	47.367649	48.889065	42.814621	42.814621	41.066055	52.089245	54.913448	45.397591	33.853878	32.950321	37.524498	33.570316
334	40.02272	49.708862	37.241997	43.748905	46.678017	56.801598	38.551266	40.119072	57.461021	34.598904	35.439648	53.237579	42.606567	34.577351	47.694084	55.446243	39.22987	49.743004	55.954266	45.59132	35.124306	33.978359	54.845451	47.38353	47.790436	49.395321	35.019585	43.897293	38.81815	40.370377	35.129066	36.484451	46.796513	51.054073	45.370556	53.363823	42.895004	54.015499	43.487404	42.753181	45.912071	36.239708	48.568352	44.75959	34.793385	54.604317	34.567181	43.23069	45.05817	47.012543	48.483974	42.68737	42.353458	40.880226	51.772713	54.567211	45.257439	34.060963	33.040108	37.736271	33.46558
335	40.465851	49.775623	37.26738	43.589928	47.136395	56.097	38.962925	40.233456	57.528938	35.766739	35.790504	52.780312	42.285919	34.914101	47.685951	55.439262	39.179306	49.053505	55.714035	45.962906	35.050922	34.196835	54.946976	47.530521	47.45356	48.811096	35.149086	43.93795	38.672142	40.708286	35.635075	36.292835	46.49757	50.524075	45.2159	53.534786	42.847752	53.573425	43.205814	42.85891	46.027618	36.177212	48.246643	44.81435	35.076977	54.381432	35.004841	43.405876	45.285446	46.660446	48.163349	42.819134	42.036037	40.758106	51.636589	54.294403	45.179836	34.5051	33.371391	38.082809	33.337917
336	40.89769	49.840645	37.292091	43.434929	47.583141	55.410255	39.364086	40.344891	57.595108	36.904919	36.132435	52.334618	41.973351	35.242279	47.677979	55.432438	39.130024	48.381474	55.479874	46.325035	34.979378	34.40974	55.045898	47.673786	47.125179	48.241646	35.275303	43.977516	38.529797	41.037571	36.12822	36.106033	46.206207	50.007526	45.065178	53.701366	42.801674	53.14254	42.93132	42.961933	46.140186	36.116249	47.933094	44.867672	35.353325	54.164169	35.431347	43.576569	45.506927	46.317257	47.850861	42.947529	41.726639	40.639034	51.503914	54.028503	45.104172	34.937973	33.694271	38.420528	33.213493
337	40.976353	49.660976	37.219109	43.418579	47.794876	54.914833	39.515095	40.234665	57.256699	37.390518	36.326691	51.761944	41.802231	35.319061	47.425545	55.352165	39.141277	48.00909	55.281239	46.380936	34.883194	34.549274	54.872028	47.610195	46.973385	47.95887	35.299839	43.923882	38.325737	41.274757	36.252865	35.918922	45.769295	49.705238	45.10585	53.706253	42.777351	52.750332	42.673939	42.804008	45.942169	35.948509	47.837704	44.828102	35.369328	53.691547	35.35606	43.722935	45.580132	45.922951	47.622002	42.824692	41.434338	40.490238	51.318657	53.828884	44.95961	34.785759	33.981926	38.415882	32.981731
338	40.586674	49.154091	37.015499	43.586216	47.696911	54.667793	39.335556	39.828606	56.376862	37.014885	36.32711	51.013821	41.81699	35.062862	46.845348	55.173386	39.233124	48.030396	55.127533	46.030704	34.753197	34.593018	54.333721	47.27113	47.054375	48.053631	35.189701	43.745808	38.037376	41.39241	35.8894	35.729221	45.133873	49.684093	45.401295	53.496456	42.781681	52.404903	42.436295	42.297535	45.329212	35.636925	48.03101	44.664642	35.039627	52.874138	34.613232	43.838692	45.457253	45.456051	47.501598	42.366619	41.161327	40.300243	51.061462	53.715004	44.721806	33.854576	34.226189	37.956367	32.604633
339	40.205257	48.657925	36.816158	43.75029	47.601028	54.425972	39.159771	39.431156	55.51564	36.647213	36.327499	50.281517	41.831448	34.812046	46.277412	54.998379	39.323017	48.051243	54.977047	45.68787	34.625912	34.635815	53.806793	46.93922	47.133656	48.146374	35.081852	43.571465	37.755081	41.507538	35.533615	35.543495	44.511913	49.66338	45.690491	53.291088	42.785931	52.066757	42.203644	41.801788	44.729214	35.331924	48.220215	44.504631	34.716888	52.074039	33.886135	43.952007	45.336964	44.999046	47.383728	41.918228	40.894081	40.114254	50.8097	53.603546	44.489021	32.943066	34.46529	37.506561	32.235519
340	39.826481	48.133671	36.584492	43.820015	47.398506	54.150963	38.950211	39.053261	54.709846	36.264393	36.258965	49.56609	41.77985	34.568699	45.767811	54.826416	39.346306	47.979046	54.756046	45.295914	34.500851	34.658211	53.282833	46.55743	47.105461	48.176983	34.989143	43.358803	37.471596	41.50861	35.162907	35.320267	43.904095	49.609428	45.82769	52.998074	42.764576	51.701164	41.961559	41.315903	44.156395	35.021797	48.296432	44.300194	34.370716	51.31321	33.220367	43.925922	45.135864	44.620152	47.181454	41.48138	40.640331	39.899715	50.466877	53.442883	44.256706	32.148674	34.57156	37.045731	31.866629
341	39.41605	47.326817	36.078213	43.190132	46.367298	53.58923	38.458096	38.770805	54.210724	35.71563	35.663376	48.880157	41.225113	34.348309	45.62701	54.654068	38.87215	47.1978	53.974827	44.48143	34.375229	34.530415	52.709644	45.748951	46.265957	47.744827	34.997509	42.829117	37.140682	40.652721	34.629387	34.784573	43.319981	49.298164	44.841663	52.006626	42.548038	51.079517	41.615414	40.837975	43.709507	34.630974	47.53426	43.734039	33.801254	50.743843	32.92482	42.848934	44.300125	44.776691	46.31741	41.071514	40.45319	39.441387	49.393208	52.890945	43.996082	32.125977	33.694397	36.439251	31.449097
342	39.016857	46.54203	35.585758	42.577484	45.364231	53.042839	37.97942	38.496075	53.725266	35.181839	35.08403	48.212959	40.685547	34.133961	45.49004	54.486443	38.410969	46.437889	53.214943	43.68919	34.253044	34.406113	52.152122	44.962555	45.44936	47.324478	35.00565	42.313927	36.81881	39.820213	34.110443	34.263485	42.751804	48.995434	43.882568	51.042282	42.337444	50.474857	41.278732	40.373085	43.274834	34.250805	46.792904	43.183372	33.247349	50.190002	32.637348	41.801365	43.487244	44.92897	45.47699	40.67284	40.271168	38.995583	48.348839	52.354092	43.742577	32.103905	32.841187	35.849316	31.042952
343	38.628391	45.778378	35.106567	41.981335	44.38818	52.511169	37.513641	38.22876	53.252876	34.662445	34.520287	47.563736	40.160492	33.925388	45.356762	54.323322	37.962208	45.698448	52.475548	42.918285	34.134155	34.28516	51.609631	44.197334	44.654755	46.915455	35.013554	41.812611	36.505585	39.010124	33.605476	33.756458	42.198948	48.700859	42.949299	50.103889	42.132523	49.886459	40.951115	39.920715	42.85186	33.880875	46.071491	42.647518	32.70834	49.651104	32.357643	40.782001	42.696224	45.077148	44.659176	40.284931	40.09407	38.56176	47.332619	51.831669	43.495903	32.082428	32.010937	35.275265	30.647764
344	38.25679	45.932064	35.001297	42.197823	44.021866	52.071564	37.46397	37.937931	52.872997	34.662334	34.276466	47.833645	39.896015	33.790062	45.233101	53.52029	37.493671	45.384396	52.342518	42.802971	33.741241	33.799656	51.229923	43.836136	44.429771	46.581268	34.328224	41.666428	36.402115	38.810226	33.507599	33.65696	42.239964	48.373722	42.966686	50.298233	41.894325	49.530373	40.990417	39.726532	42.639259	33.788147	45.75782	42.433403	32.684151	49.233551	32.167114	40.364254	42.451588	44.699814	44.33881	40.572937	39.586773	38.509579	47.334797	51.017391	43.456944	31.870293	31.737188	35.205238	30.649462
345	37.894474	46.296959	34.984528	42.600266	43.802681	51.65971	37.511806	37.645855	52.520119	34.783039	34.110577	48.313488	39.695957	33.673759	45.113449	52.579956	37.027317	45.173847	52.352478	42.841824	33.29026	33.236382	50.89357	43.574123	44.340534	46.269318	33.491478	41.604996	36.348923	38.755154	33.505848	33.653702	42.418545	48.043724	43.204994	50.753296	41.651836	49.23344	41.114529	39.595238	42.478649	33.761234	45.543514	42.297203	32.780048	48.850231	32.000072	40.092453	42.337566	44.205654	44.138779	41.014076	39.009979	38.546902	47.573875	50.146896	43.466881	31.61689	31.59683	35.253448	30.743507
346	37.539349	46.654587	34.968086	42.994698	43.587841	51.256031	37.558693	37.359573	52.174248	34.90134	33.94799	48.783772	39.499886	33.559753	44.996174	51.658295	36.570206	44.967472	52.362244	42.879902	32.848236	32.684277	50.563885	43.317303	44.253071	45.963554	32.671364	41.544769	36.296764	38.70116	33.504131	33.650513	42.593544	47.720299	43.438553	51.199295	41.414158	48.942421	41.236164	39.466511	42.321243	33.73484	45.333462	42.163715	32.874039	48.474522	31.836361	39.826065	42.225792	43.721333	43.942703	41.446411	38.444649	38.583481	47.808178	49.293713	43.476597	31.368488	31.459248	35.300705	30.835632
347	37.252762	46.570305	34.833321	42.829384	43.45269	50.725006	37.490414	37.303432	51.834148	34.800865	33.850555	48.589874	39.106705	33.458092	44.633251	51.009644	36.342026	44.712646	52.096851	42.692791	32.658897	32.356354	50.033707	42.894276	44.021328	45.681194	32.374569	41.45446	36.118587	38.397453	33.425636	33.688602	42.628185	47.3228	43.297573	50.879551	41.119461	48.611805	41.087006	39.312191	42.077175	33.738991	45.180836	41.868263	32.741413	48.042862	31.632578	39.7192	42.134972	43.333725	43.737022	41.317253	38.271961	38.509327	47.953228	48.66217	42.965977	31.269142	31.294172	35.193352	30.887491
348	37.037624	46.061954	34.587105	42.12809	43.396854	50.081348	37.312489	37.470009	51.506042	34.491585	33.817726	47.759922	38.53109	33.37022	44.04055	50.636124	36.33865	44.415977	51.571442	42.292332	32.716515	32.250553	49.320393	42.319168	43.655022	45.426682	32.587418	41.336884	35.822418	37.858948	33.274685	33.765759	42.526958	46.861473	42.798531	49.828293	40.77541	48.249302	40.679871	39.136135	41.754272	33.772484	45.086399	41.422413	32.393055	47.565453	31.394062	39.768013	42.066002	43.046562	43.525928	40.649727	38.480728	38.329914	48.009586	48.256004	41.963867	31.315258	31.105747	34.939091	30.89959
349	36.831875	45.575844	34.351669	41.457443	43.343464	49.465824	37.142365	37.629311	51.192265	34.195808	33.786362	46.966244	37.980629	33.286198	43.473774	50.278957	36.335434	44.132263	51.068993	41.909378	32.771595	32.14938	48.638275	41.769173	43.304714	45.183319	32.790993	41.224476	35.539196	37.343998	33.130333	33.83955	42.430157	46.420311	42.321281	48.822994	40.446396	47.902668	40.290531	38.967758	41.445484	33.804497	44.996101	40.996052	32.059902	47.10891	31.165949	39.814705	42.000076	42.771976	43.324089	40.011375	38.680367	38.158371	48.063469	47.867615	41.005527	31.359344	30.925566	34.695972	30.91115
350	36.551537	45.109516	34.115879	40.76738	43.285973	48.932629	36.85886	37.617599	50.823761	33.936085	33.683567	46.159	37.537304	33.074013	42.958252	49.862251	36.274841	43.798588	50.610821	41.473873	32.741196	31.99774	48.054008	41.264751	42.916153	44.89146	32.830463	40.958664	35.272511	36.883118	32.940109	33.742226	42.251759	45.972851	41.785015	47.98642	40.066021	47.466114	39.890064	38.752552	41.114265	33.689941	44.789429	40.588886	31.830713	46.694626	30.916351	39.701317	41.838581	42.4813	43.078087	39.413116	38.737251	37.895615	47.969837	47.498001	40.191017	31.222376	30.709764	34.404068	30.821987
351	35.917496	44.650135	33.840782	39.886105	43.202335	48.654507	36.060669	36.896309	50.169491	33.783791	33.268822	45.165859	37.466034	32.297333	42.57196	49.132252	35.967148	43.204548	50.262253	40.750946	32.352112	31.612879	47.780884	40.867805	42.306828	44.352104	32.197269	40.015392	35.031425	36.571964	32.529591	32.921158	41.707119	45.427345	40.918236	47.71368	39.412006	46.58733	39.379131	38.308998	40.636982	32.950363	44.067978	40.195786	31.994871	46.388618	30.537638	38.907272	41.255684	42.077438	42.609943	38.884609	38.212589	37.213329	47.250595	47.146843	39.840778	30.314137	30.311922	33.863426	30.301708
352	35.290642	44.195942	33.568794	39.014786	43.119659	48.379532	35.271538	36.183189	49.522659	33.633236	32.858784	44.183971	37.395592	31.529469	42.190083	48.410526	35.662952	42.617245	49.917645	40.036236	31.967422	31.232368	47.510845	40.475368	41.704411	43.818882	31.571255	39.082794	34.793083	36.264374	32.12373	32.109394	41.168655	44.888027	40.061275	47.444019	38.765408	45.718517	38.873997	37.870476	40.165115	32.21917	43.354683	39.807144	32.157196	46.086094	30.163204	38.122242	40.679398	41.678188	42.147114	38.362103	37.693874	36.538795	46.539505	46.799652	39.494522	29.416183	29.918596	33.328915	29.787327
353	34.670818	43.746857	33.299839	38.153244	43.037876	48.107643	34.491234	35.478065	48.883057	33.484352	32.453335	43.213116	37.325901	30.770197	41.812473	47.696896	35.362156	42.036526	49.576889	39.329533	31.587059	30.856136	47.243843	40.087322	41.108746	43.291615	30.952253	38.160667	34.557404	35.960194	31.722414	31.306734	40.636208	44.354771	39.213924	47.177391	38.126053	44.859451	38.374538	37.436859	39.698528	31.49617	42.64941	39.422852	32.317654	45.786945	29.79298	37.345997	40.109566	41.283382	41.689468	37.845425	37.180954	35.871803	45.836384	46.456345	39.152119	28.52832	29.529671	32.800396	29.278708
354	34.679146	43.4786	33.164112	38.580147	42.253773	47.862045	34.708054	35.203911	48.650307	33.533295	32.470112	43.271099	37.186096	31.185976	41.565674	47.491009	35.398163	41.917522	49.230881	39.635593	31.551107	30.918629	47.21999	39.900745	41.140873	43.228745	31.105143	38.251297	34.544537	36.073017	31.854921	31.362757	40.614079	44.066898	39.245243	47.05077	37.835892	44.991798	37.941578	37.251465	39.595078	31.714624	42.54047	39.524002	32.266277	45.47036	29.820829	37.588055	40.160374	40.904266	41.573395	37.643669	37.266926	35.907665	45.729988	46.193249	39.054836	28.738493	29.732439	32.866184	29.522902
355	34.772022	43.243336	33.050697	39.167389	41.399845	47.627846	35.052559	34.996719	48.479919	33.60738	32.543369	43.466129	37.041267	31.747133	41.344395	47.360264	35.478508	41.864662	48.89521	40.068645	31.562836	31.038353	47.229729	39.747318	41.256725	43.230576	31.357388	38.47578	34.562183	36.238541	32.05529	31.532904	40.661545	43.821362	39.394184	46.947075	37.602146	45.25378	37.531448	37.105495	39.543968	32.053207	42.515503	39.687477	32.187943	45.161541	29.901546	37.959866	40.293339	40.539379	41.507137	37.490852	37.430996	36.037289	45.707542	45.949387	38.993752	29.090237	30.008661	33.010109	29.860956
356	34.86171	43.016144	32.941177	39.734486	40.575218	47.40168	35.385246	34.796616	48.315384	33.678928	32.614117	43.654472	36.901405	32.289021	41.130714	47.233986	35.556076	41.813614	48.571033	40.486835	31.574158	31.153975	47.239132	39.599155	41.368599	43.232342	31.600973	38.692543	34.579243	36.398388	32.248775	31.697235	40.70739	43.584255	39.538013	46.846954	37.376415	45.506771	37.135365	36.964535	39.494614	32.380157	42.491417	39.845352	32.112274	44.8633	29.979494	38.318939	40.421745	40.187012	41.443153	37.343281	37.589455	36.162464	45.685883	45.713894	38.934784	29.429916	30.275387	33.149094	30.187407
357	34.709721	42.523895	32.870178	39.338921	40.117607	47.169571	35.426411	34.597576	47.719704	33.45512	32.558052	43.490582	36.44474	32.295963	40.840401	46.971088	35.234051	41.776772	48.160561	40.510078	31.406498	31.129181	46.980186	39.328186	41.319195	43.078407	31.668585	38.519073	34.303654	36.315876	32.173203	31.783728	40.476768	43.29509	39.400913	46.428669	37.176521	45.269493	36.823483	36.803768	39.149426	32.253532	42.152637	39.753952	31.691414	44.420959	30.097258	38.166035	40.387318	39.782772	41.244949	37.006859	37.655296	35.887115	45.437656	45.396744	38.823574	29.471514	30.056459	32.735435	30.270031
358	34.381401	41.839832	32.827751	38.239975	39.931084	46.934238	35.253815	34.400265	46.811012	33.015999	32.409367	43.069405	35.758163	31.910923	40.495369	46.609341	34.620789	41.750511	47.688843	40.243824	31.108519	31.001619	46.525921	38.968544	41.151875	42.811169	31.606964	38.060532	33.815041	36.056198	31.900856	31.812801	40.044708	42.969208	39.058689	45.779289	36.996529	44.674194	36.574799	36.629284	38.589176	31.795227	41.584942	39.480419	31.019665	43.875168	30.243652	37.638802	40.233772	39.342514	40.949379	36.533703	37.653015	35.319637	45.024662	45.021324	38.674671	29.294544	29.482788	31.918898	30.173645
359	34.062645	41.175697	32.786564	37.173046	39.750004	46.705753	35.086224	34.208698	45.928783	32.589664	32.265007	42.660511	35.091579	31.537115	40.160381	46.258118	34.025406	41.725006	47.230858	39.985336	30.819235	30.877769	46.084858	38.619389	40.989418	42.551689	31.547148	37.615341	33.340641	35.804085	31.636438	31.841028	39.625244	42.652817	38.726425	45.148804	36.821754	44.096252	36.333332	36.459862	38.045231	31.350248	41.033779	39.214848	30.367479	43.345276	30.385775	37.126904	40.084694	38.915054	40.662403	36.074348	37.650795	34.768707	44.623695	44.656811	38.530098	29.122725	28.925831	31.126148	30.080059
360	33.830826	40.632118	32.685688	36.396004	39.56403	46.347614	34.908424	34.108997	45.237461	32.152077	32.096844	42.316269	34.597717	31.179565	39.8018	45.877007	33.575352	41.640888	46.69458	39.560757	30.486055	30.677664	45.666836	38.281666	40.751221	42.216564	31.484896	37.245281	33.072598	35.493156	31.430084	31.723101	39.271866	42.371086	38.432056	44.56702	36.602043	43.567329	36.086124	36.327587	37.655716	30.987539	40.522945	38.907196	29.91449	42.936855	30.435371	36.706711	39.788635	38.586994	40.340374	35.729675	37.519756	34.319565	44.174732	44.292999	38.318333	29.06521	28.563292	30.553604	29.915323
361	33.831963	40.401344	32.413109	36.395313	39.355911	45.609932	34.693874	34.261997	45.049232	31.66291	31.854269	42.137413	34.565052	30.851284	39.360748	45.394737	33.511784	41.38871	45.914494	38.651497	30.0147	30.254852	45.294205	37.960484	40.290031	41.654152	31.413084	37.068813	33.370308	35.003258	31.376978	31.190447	39.087467	42.173538	38.230412	44.095009	36.246391	43.151581	35.811535	36.293293	37.680897	30.838612	40.101635	38.467587	29.998695	42.850014	30.228033	36.524136	39.067371	38.522305	39.905426	35.690533	37.021915	34.135036	43.570805	43.914448	37.908749	29.325195	28.728745	30.571661	29.543739
362	33.833065	40.180149	32.151852	36.394653	39.156429	44.902893	34.488235	34.408642	44.868824	31.194084	31.621784	41.965992	34.533745	30.53664	38.938019	44.932507	33.450859	41.147007	45.166798	37.78001	29.562944	29.849586	44.93705	37.652668	39.848	41.115128	31.344254	36.899673	33.655632	34.533695	31.326065	30.679935	38.910732	41.984196	38.037148	43.642609	35.905499	42.753105	35.548355	36.260433	37.705032	30.695885	39.697849	38.046227	30.079403	42.766781	30.029329	36.349144	38.376064	38.4603	39.488548	35.653011	36.544769	33.958172	42.991966	43.551605	37.516178	29.574383	28.887325	30.58897	29.187574
363	33.834114	39.967964	31.901232	36.394028	38.965061	44.224655	34.290958	34.549324	44.695782	30.744326	31.398767	41.801552	34.503723	30.234791	38.532482	44.489075	33.392422	40.915134	44.449539	36.944016	29.129559	29.460817	44.594444	37.357384	39.423946	40.598022	31.278233	36.737427	33.929367	34.083263	31.277227	30.190191	38.741196	41.80257	37.851753	43.208622	35.578499	42.370853	35.295872	36.228909	37.728191	30.558973	39.310501	37.642036	30.15683	42.686947	29.838715	36.181267	37.712921	38.400822	39.088638	35.617027	36.087032	33.788509	42.436676	43.203556	37.139572	29.813433	29.039474	30.605597	28.845926
364	33.624462	39.90023	31.566879	36.346897	38.976131	43.707024	33.938469	34.16581	44.277855	31.022284	31.198057	41.490807	34.468433	30.280531	38.02499	44.136375	33.123962	40.287815	44.143753	37.259613	29.448849	29.420189	43.966255	37.216221	39.072598	40.161068	31.041849	36.131779	33.329998	33.905781	31.150637	30.116945	38.181988	41.24218	37.47625	43.016018	35.385159	42.1786	35.033512	36.058224	37.351143	30.562651	39.133945	37.28817	30.039242	42.367485	29.663881	35.987877	37.46727	38.117413	38.837078	35.315647	35.893837	33.84938	42.155693	42.876163	36.530865	29.726034	28.850159	30.52421	28.739782
365	33.408279	39.843266	31.237442	36.298378	38.999115	43.214619	33.587109	33.761997	43.857594	31.336037	31.004694	41.180496	34.433891	30.34594	37.526466	43.799732	32.850788	39.655254	43.872036	37.635593	29.804213	29.401863	43.33952	37.088615	38.736164	39.74202	30.802206	35.517338	32.695625	33.750149	31.023106	30.071127	37.615883	40.675606	37.100445	42.843807	35.205704	42.003605	34.778381	35.884197	36.961079	30.574724	38.975456	36.947933	29.913353	42.043056	29.495228	35.798714	37.254288	37.828888	38.602032	35.007179	35.722462	33.922401	41.899727	42.559795	35.926281	29.621447	28.645813	30.439308	28.651077
366	33.198967	39.788109	30.918438	36.251385	39.021389	42.737804	33.24688	33.370964	43.450642	31.639868	30.817467	40.880013	34.400436	30.409304	37.043766	43.473743	32.586277	39.042747	43.608959	37.999645	30.148319	29.384142	42.732674	36.965057	38.410385	39.336277	30.570164	34.92239	32.081367	33.599457	30.899624	30.026787	37.067726	40.126972	36.736568	42.677055	35.03194	41.834175	34.531342	35.715683	36.583385	30.586437	38.821995	36.618484	29.791447	41.728897	29.331926	35.615555	37.048054	37.549515	38.374439	34.708492	35.556522	33.993114	41.651897	42.253464	35.340855	29.520182	28.44795	30.357086	28.565189
367	32.944927	39.385681	30.644756	36.094692	38.637291	42.449192	33.013725	33.029373	42.951881	31.581724	30.455101	40.541771	34.361298	30.398342	36.817604	43.16119	32.369431	38.625645	43.248543	37.821178	30.242172	29.337612	42.200569	36.54533	38.006828	38.960526	30.342266	34.624454	31.734966	33.381012	30.785263	29.962242	36.719322	39.738419	36.39027	42.058964	34.707821	41.29491	34.197105	35.374687	36.273418	30.407063	38.642387	36.119091	29.711807	41.227211	29.253164	35.349209	36.705502	37.282093	37.908546	34.422077	35.159554	33.702068	41.293083	41.914825	34.981922	29.294291	28.230656	30.36301	28.406473
368	32.670891	38.795303	30.40239	35.879272	38.031448	42.272957	32.845943	32.722847	42.411587	31.320187	30.001274	40.189236	34.319748	30.345592	36.741211	42.862713	32.184067	38.327671	42.840618	37.339706	30.192619	29.275803	41.721794	35.966908	37.567699	38.609562	30.121475	34.500637	31.547197	33.128819	30.678459	29.88765	36.491123	39.448452	36.061111	41.198547	34.305416	40.5578	33.820541	34.943253	36.00819	30.123407	38.451748	35.533989	29.657715	40.629906	29.223845	35.041344	36.292992	37.026993	37.317612	34.148582	34.640228	33.212563	40.879028	41.564945	34.758488	29.002636	28.006914	30.418665	28.209898
369	32.407822	38.228577	30.169729	35.672466	37.449883	42.103786	32.684883	32.428585	41.892944	31.069111	29.565632	39.850815	34.279869	30.294949	36.66787	42.57621	32.00613	38.041645	42.449039	36.877533	30.145042	29.216457	41.262192	35.411655	37.146168	38.272659	29.909515	34.38176	31.366959	32.886711	30.575932	29.816055	36.272064	39.170094	35.745152	40.372612	33.919136	39.850216	33.459061	34.529121	35.753586	29.851112	38.268742	34.972347	29.605797	40.056545	29.19569	34.745834	35.897015	36.782108	36.750362	33.886032	34.141735	32.742691	40.481548	41.229088	34.544018	28.722668	27.792116	30.472076	28.021177
370	32.019917	37.642021	29.845989	35.238148	36.807739	41.624447	32.292366	32.147877	41.304825	30.61319	29.224945	39.286106	33.971539	30.135267	36.392151	42.132984	31.688028	37.600895	41.851299	36.242889	29.952553	28.994968	40.71109	34.842392	36.649437	37.836876	29.547565	34.17107	31.091305	32.548191	30.378845	29.515589	35.891289	38.753342	35.279266	39.618069	33.514919	39.092793	33.067341	33.998955	35.273159	29.564381	37.897758	34.481636	29.375544	39.394222	28.96299	34.259258	35.394989	36.309895	36.093731	33.440243	33.578804	32.150787	39.934669	40.723251	34.172523	28.366253	27.635592	30.314871	27.769501
371	31.368122	37.001244	29.328785	34.329365	36.026852	40.500942	31.41832	31.888145	40.5611	29.728502	29.069969	38.246407	33.10815	29.749357	35.696995	41.359573	31.076483	36.834099	40.818825	35.241432	29.459869	28.437441	39.960323	34.231102	35.98756	37.189121	28.871071	33.768002	30.614456	32.004967	29.984205	28.741062	35.171585	38.044384	34.49651	38.991459	33.064533	38.215862	32.604671	33.219585	34.320621	29.241434	37.134476	34.124115	28.776052	38.534809	28.307432	33.371395	34.664734	35.362701	35.239281	32.610058	32.87114	31.295994	39.070053	39.858707	33.471931	27.845404	27.594259	29.724186	27.383379
372	30.761436	36.404785	28.847364	33.483459	35.300003	39.455185	30.604761	31.646391	39.868816	28.905025	28.925726	37.278645	32.304497	29.390144	35.049934	40.639675	30.507235	36.120331	39.857803	34.309269	29.001253	27.918472	39.261478	33.662121	35.371475	36.586163	28.241369	33.39283	30.170609	31.499334	29.616865	28.02014	34.501671	37.384491	33.767899	38.408199	32.645317	37.399586	32.174007	32.494137	33.433987	28.940825	36.424007	33.791313	28.218021	37.734871	27.697245	32.544964	33.985016	34.481041	34.443954	31.837315	32.212448	30.50034	38.265251	39.053978	32.819798	27.360607	27.555779	29.174381	27.023968
373	30.195347	35.848244	28.398159	32.694149	34.621777	38.479378	29.845625	31.420826	39.222866	28.136646	28.791151	36.375626	31.554619	29.054964	34.446171	39.967949	29.976088	35.454342	38.96106	33.439468	28.573345	27.434244	38.609398	33.13121	34.796612	36.023552	27.653799	33.042763	29.756466	31.027529	29.274103	27.347439	33.876587	36.768753	33.088051	37.863956	32.254158	36.637928	31.772167	31.817215	32.606678	28.660339	35.761063	33.480801	27.697336	36.988441	27.127871	31.773811	33.350765	33.658371	33.701824	31.116274	31.597836	29.757923	37.514301	38.303093	32.211304	26.908251	27.519888	28.661369	26.688629
374	29.250425	34.429371	27.568869	31.55896	33.460419	37.104465	28.949135	29.987171	37.649975	27.190157	27.910864	35.089031	30.81809	27.837429	33.236454	38.171055	28.936859	34.062939	37.674541	32.507744	27.743954	26.697567	36.786674	32.234962	33.403324	34.580002	26.950026	31.786928	28.855484	30.036226	28.175434	26.640585	32.780479	35.162189	31.998718	36.38781	30.870747	35.137798	30.667284	30.683559	31.746384	27.94758	34.51902	32.01078	27.039627	35.58572	26.363689	30.887249	32.230797	32.576904	32.703171	30.080996	30.443317	28.867701	36.049866	36.562775	31.257734	26.282314	26.412395	27.94758	25.980976
375	28.429226	33.195141	26.847986	30.572847	32.451054	35.910175	28.170883	28.7388	36.281898	26.368376	27.144327	33.971409	30.179211	26.777798	32.184685	36.607899	28.033361	32.853065	36.556965	31.69924	27.022892	26.057524	35.200928	31.456047	32.19146	33.324314	26.339043	30.693981	28.071999	29.174253	27.2194	26.02725	31.827772	33.764648	31.052145	35.103634	29.666784	33.833561	29.706049	29.698336	30.99995	27.327597	33.439285	30.731041	26.468525	34.366318	25.699997	30.117699	31.257328	31.637728	31.835825	29.181665	29.439682	28.09486	34.776695	35.04921	30.429178	25.738632	25.447491	27.327597	25.365644
376	27.710407	32.114796	26.21698	29.709688	31.567537	34.864784	27.489662	27.646053	35.084377	25.649059	26.473362	32.993134	29.61998	25.850273	31.264034	35.239609	27.242496	31.794041	35.57872	30.991537	26.391733	25.497278	33.812874	30.774248	31.13069	32.22517	25.804245	29.737282	27.386194	28.419744	26.382553	25.490385	30.993853	32.541336	30.223576	33.979557	28.612921	32.691933	28.864666	28.835943	30.346575	26.784903	32.494175	29.610842	25.968641	33.298943	25.119041	29.444096	30.405231	30.815655	31.076622	28.394457	28.561159	27.418379	33.662247	33.724342	29.703913	25.262741	24.60288	26.784903	24.827034
377	26.677814	30.624733	25.305519	28.436878	30.178347	33.154533	26.410807	26.429924	33.289833	24.735567	25.551897	31.28723	28.145472	24.72592	29.734797	33.360416	26.138702	30.234169	33.602253	29.547272	25.182524	24.585508	32.0536	29.392859	29.712093	30.595976	24.797256	28.397142	26.161415	27.179272	25.41585	24.645115	29.627504	31.053532	28.849401	32.306606	27.302834	30.976891	27.580803	27.647797	28.951588	25.663551	30.913692	28.400925	24.846453	31.705036	24.322283	28.08378	28.991323	29.33988	29.585499	27.299231	27.428659	26.458677	32.04187	31.988884	28.290415	24.258896	23.652992	25.723156	23.977333
378	25.668589	29.18405	24.413435	27.184591	28.790277	31.430298	25.331036	25.330681	31.517128	23.873045	24.662014	29.543989	26.534725	23.6796	28.187948	31.545597	25.068048	28.699869	31.526175	28.027624	23.924242	23.667337	30.393463	27.941153	28.352201	28.99098	23.752731	27.09597	24.903797	25.92728	24.530516	23.800261	28.249529	29.667509	27.459848	30.656815	26.073912	29.281715	26.307001	26.499371	27.472824	24.481197	29.312679	27.319313	23.647558	30.131908	23.553116	26.655027	27.561441	27.823004	28.02692	26.237806	26.35453	25.523748	30.453264	30.335096	26.814995	23.196854	22.791183	24.61412	23.127668
379	24.839808	28.000938	23.68084	26.156197	27.650389	30.014339	24.444309	24.427969	30.061363	23.164721	23.931223	28.112427	25.211969	22.820358	26.917654	30.055243	24.188808	27.439896	29.82128	26.779682	22.890926	22.913322	29.030149	26.749002	27.235451	27.672932	22.894964	26.027445	23.871027	24.899145	23.803476	23.106462	27.117924	28.529301	26.318731	29.301998	25.064703	27.889612	25.260942	25.556261	26.258453	23.510235	27.997923	26.431068	22.663013	28.840034	22.921457	25.481728	26.387215	26.57733	26.746994	25.366146	25.472433	24.755981	29.148684	28.977001	25.603357	22.324692	22.083448	23.703375	22.429911
380	23.863396	26.647503	22.76679	24.972191	26.272314	28.395283	23.423983	23.465151	28.465961	22.328638	23.007984	26.613245	23.979633	21.941248	25.61548	28.468117	23.224409	26.064491	28.115887	25.451969	21.888773	22.076597	27.590099	25.470173	25.966007	26.325592	21.98941	24.834249	22.837477	23.82608	22.909494	22.244505	25.854513	27.167189	25.070238	27.797922	24.003492	26.463991	24.100281	24.423895	24.993	22.535109	26.534309	25.275009	21.716116	27.374119	22.083141	24.285044	25.102339	25.261105	25.39905	24.301552	24.402189	23.753248	27.637016	27.490362	24.383085	21.425055	21.292307	22.67701	21.639338
381	22.665676	25.030687	21.590889	23.549438	24.544199	26.462006	22.198519	22.3922	26.637426	21.301334	21.808628	24.975439	22.818003	21.005859	24.226835	26.702353	22.118122	24.494385	26.349449	23.976332	20.890518	21.105598	26.001984	24.036421	24.458475	24.893471	20.99135	23.44112	21.76631	22.658176	21.772717	21.139332	24.379646	25.47366	23.641691	26.051798	22.838921	24.945459	22.753569	23.012051	23.618111	21.520161	24.830605	23.739252	20.783287	25.636152	20.953749	23.016397	23.632013	23.809011	23.917336	22.955223	23.056053	22.41783	25.809881	25.788477	23.10865	20.458794	20.367634	21.46805	20.703373
382	21.731005	23.768974	20.673241	22.439163	23.195618	24.953331	21.242208	21.554903	25.210497	20.499657	20.872684	23.69734	21.911497	20.275908	23.143175	25.324398	21.254807	23.269115	24.970968	22.824793	20.111506	20.347858	24.762669	22.917555	23.282042	23.775883	20.21249	22.353962	20.930407	21.746778	20.885605	20.276884	23.228704	24.152073	22.526894	24.689173	21.930119	23.760433	21.702635	21.910282	22.545183	20.728117	23.501076	22.540798	20.055328	24.27989	20.072403	22.026386	22.484613	22.675838	22.761047	21.904594	22.005568	21.375708	24.384039	24.460382	22.114109	19.704746	19.646042	20.524618	19.972969
383	20.967827	22.749012	19.937893	21.546579	22.110338	23.738417	20.474121	20.870008	24.053234	19.848886	20.118982	22.670143	21.174032	19.682552	22.257723	24.2026	20.554312	22.278217	23.852312	21.89422	19.48119	19.730577	23.749863	22.005913	22.326458	22.858057	19.580992	21.474758	20.255356	21.005722	20.165461	19.580109	22.291212	23.082336	21.626326	23.588381	21.189455	22.799465	20.855911	21.021141	21.676115	20.083513	22.432871	21.574549	19.466877	23.181694	19.363989	21.22559	21.562	21.760935	21.829231	21.05904	21.155087	20.536243	23.234354	23.382835	21.310631	19.092569	19.062166	19.768696	19.376543
384	20.110437	21.795702	19.373148	20.806135	21.18877	22.691643	19.850811	20.077847	22.900734	19.189461	19.469727	21.82379	20.396597	19.066086	21.251467	23.004862	19.850346	21.34437	22.725061	21.030691	18.881208	19.063967	22.595793	21.018066	21.346853	21.727837	18.955233	20.646296	19.637478	20.231789	19.435375	18.936815	21.280748	22.056263	20.796463	22.5737	20.383614	21.844229	20.118452	20.218805	20.831171	19.39901	21.55899	20.720318	18.917213	22.121078	18.778732	20.46814	20.793152	20.927385	21.013563	20.340162	20.335918	19.808084	22.215637	22.30135	20.568958	18.470844	18.506018	19.189924	18.705902
385	19.444483	21.055244	18.934496	20.231014	20.472967	21.878595	19.366673	19.462557	22.005562	18.677269	18.965433	21.166409	19.792747	18.587259	20.469883	22.074553	19.30356	20.619034	21.849501	20.359964	18.415186	18.54619	21.699398	20.250788	20.585974	20.849968	18.469189	20.002811	19.157562	19.630663	18.868301	18.437157	20.495895	21.259285	20.15189	21.785576	19.7577	21.102272	19.545654	19.595619	20.174885	18.867346	20.880232	20.056814	18.490276	21.297274	18.32415	19.87981	20.195971	20.279949	20.380018	19.781797	19.699656	19.2425	21.424381	21.46134	19.992889	17.98794	18.074045	18.740379	18.184998
386	18.912292	20.463514	18.583946	19.77141	19.900938	21.228849	18.979771	18.970852	21.29019	18.267952	18.562429	20.641064	19.310181	18.204611	19.845289	21.331102	18.866598	20.039385	21.149805	19.823956	18.042768	18.132418	20.983047	19.637621	19.977919	20.148424	18.08077	19.488573	18.774036	19.150274	18.415127	18.037857	19.868689	20.622387	19.636778	21.155746	19.257502	20.509342	19.087904	19.097601	19.650415	18.442467	20.337801	19.526577	18.14909	20.638935	17.960876	19.409653	19.718733	19.762556	19.873724	19.335583	19.191189	18.790522	20.792053	20.790049	19.53252	17.60203	17.728838	18.381128	17.768721
387	18.571634	19.915714	18.270437	19.305065	19.451056	20.632389	18.624411	18.609089	20.674028	17.945787	18.243752	20.133625	18.896406	17.902828	19.399956	20.727999	18.50989	19.587355	20.544554	19.363577	17.813917	17.852688	20.390665	19.194374	19.48851	19.635218	17.799673	19.029831	18.459747	18.689268	18.07299	17.826241	19.363939	20.13518	19.197006	20.499443	18.844349	19.968729	18.671318	18.737251	19.1915	18.054205	19.779774	19.072437	17.870279	20.072838	17.684196	18.951452	19.248465	19.261507	19.415632	18.891264	18.793255	18.414276	20.220861	20.208178	19.061426	17.355598	17.460066	18.053488	17.476343
388	18.331837	19.458361	18.011925	18.903725	19.098831	20.135889	18.328547	18.334482	20.173138	17.693472	17.993664	19.703775	18.560623	17.666269	19.067154	20.249466	18.226112	19.234777	20.051712	18.989731	17.656872	17.649473	19.916862	18.860821	19.101477	19.246737	17.588026	18.65192	18.209312	18.299599	17.810062	17.695948	18.964804	19.758471	18.840731	19.930004	18.514063	19.519806	18.325623	18.465958	18.81617	17.731543	19.297489	18.704056	17.648376	19.61293	17.470705	18.562172	18.847485	18.836708	19.036291	18.511141	18.482386	18.112532	19.748144	19.733992	18.654934	17.182386	17.250584	17.781393	17.259529
389	18.137814	19.088308	17.802759	18.578991	18.813845	19.734165	18.089161	18.112291	19.767857	17.489321	17.791315	19.35598	18.28894	17.474865	18.797876	19.862274	17.996502	18.949501	19.652946	18.687244	17.529802	17.485046	19.533501	18.590935	18.788322	18.932405	17.416773	18.346142	18.006683	17.984306	17.597319	17.590527	18.641855	19.453665	18.552462	19.469259	18.24682	19.156582	18.045912	18.246447	18.512484	17.470469	18.907265	18.405993	17.468828	19.240818	17.297964	18.247202	18.523043	18.492996	18.729362	18.203571	18.230852	17.868383	19.365662	19.350325	18.326035	17.042236	17.081087	17.561237	17.084105
390	17.980915	18.816034	17.651003	18.326445	18.581749	19.390791	17.899214	17.946499	19.422235	17.374893	17.63406	19.040205	18.071888	17.332802	18.56015	19.51955	17.788279	18.703062	19.335924	18.415728	17.43535	17.358484	19.213278	18.36459	18.528702	18.669754	17.294476	18.111897	17.822346	17.769342	17.462894	17.465822	18.401445	19.136009	18.322538	19.122482	18.0207	18.863274	17.847494	18.048248	18.259998	17.31049	18.619892	18.188765	17.32069	18.946085	17.178177	18.007126	18.269316	18.238621	18.476233	17.970848	18.02891	17.668833	19.034439	19.023838	18.093489	16.950235	16.96381	17.40053	16.96381
391	17.856794	18.636871	17.554319	18.140144	18.395933	19.094255	17.753826	17.833981	19.124769	17.352434	17.518217	18.743999	17.903732	17.237495	18.345234	19.208605	17.593262	18.486925	19.092426	18.164782	17.37178	17.266951	18.946209	18.174639	18.31472	18.450577	17.219465	17.944065	17.648996	17.653013	17.407074	17.314148	18.23913	18.789078	18.144924	18.882809	17.828356	18.631798	17.727839	17.863653	18.050974	17.252645	18.430426	18.048895	17.199537	18.721224	17.110147	17.836861	18.080175	18.069042	18.269352	17.808208	17.871101	17.508108	18.742943	18.743744	17.954432	16.906111	16.897606	17.296665	16.897606
392	17.754368	18.489027	17.474533	17.986406	18.242601	18.849554	17.633852	17.741133	18.879295	17.333906	17.422628	18.499569	17.764967	17.158852	18.167889	18.952015	17.432333	18.308577	18.891499	17.957695	17.319324	17.191427	18.725821	18.017883	18.138145	18.269709	17.15757	17.805569	17.505953	17.55702	17.361017	17.188986	18.105186	18.502787	17.998352	18.685026	17.669638	18.440783	17.629099	17.71133	17.878485	17.204914	18.274078	17.933472	17.099562	18.535667	17.054008	17.69636	17.924095	17.929102	18.098639	17.674004	17.740879	17.375477	18.502396	18.512608	17.83968	16.869705	16.842979	17.210953	16.842979
393	17.67145	18.363384	17.410305	17.861708	18.117069	18.648552	17.539469	17.662109	18.677025	17.313917	17.346392	18.30036	17.656471	17.098	18.023199	18.739752	17.305759	18.15963	18.719139	17.796753	17.272987	17.129145	18.544447	17.888845	17.993393	18.120924	17.110308	17.691471	17.386728	17.481487	17.320589	17.092068	17.994875	18.270851	17.874313	18.519684	17.542879	18.284044	17.547924	17.587664	17.740406	17.16918	18.143169	17.834574	17.020741	18.378954	17.009172	17.584549	17.794682	17.812773	17.957804	17.565273	17.634378	17.272539	18.305698	18.324234	17.742779	16.843826	16.800823	17.142935	16.802601
394	17.631697	18.242493	17.383198	17.799402	18.042614	18.522533	17.522091	17.584906	18.543806	17.253574	17.321529	18.191198	17.643484	17.097443	17.942383	18.591639	17.282761	18.041721	18.537724	17.787775	17.211346	17.087696	18.42728	17.805113	17.90555	18.025427	17.116673	17.616552	17.294701	17.467445	17.269239	17.090422	17.922842	18.157825	17.759947	18.387096	17.499718	18.187428	17.496365	17.524757	17.69001	17.181692	18.036221	17.731554	17.004446	18.237617	16.99386	17.550589	17.701427	17.725948	17.863426	17.512239	17.572281	17.268299	18.191303	18.22101	17.655533	16.868067	16.80163	17.124214	16.822382
395	17.598175	18.140547	17.360332	17.746866	17.97983	18.416265	17.507435	17.519806	18.431463	17.202686	17.300564	18.099146	17.632536	17.096975	17.874237	18.46674	17.263361	17.942291	18.384739	17.780205	17.159361	17.052748	18.328478	17.734507	17.831478	17.944897	17.12204	17.553377	17.217091	17.455605	17.225935	17.089037	17.862099	18.062515	17.663509	18.275286	17.463318	18.105951	17.452887	17.471714	17.647509	17.192245	17.946033	17.644682	16.990705	18.118433	16.980949	17.521955	17.622791	17.652731	17.783842	17.467518	17.519917	17.264721	18.094839	18.133965	17.581961	16.888512	16.802315	17.108431	16.839058
396	17.569521	18.053413	17.340794	17.701962	17.926165	18.325441	17.494909	17.464165	18.335447	17.159197	17.28264	18.020472	17.623177	17.096571	17.81599	18.359989	17.24678	17.857309	18.25399	17.773733	17.114935	17.022875	18.244032	17.674158	17.768169	17.87607	17.126627	17.499382	17.150764	17.445482	17.188923	17.087851	17.810183	17.981054	17.581085	18.179726	17.432209	18.036314	17.415726	17.426378	17.611187	17.20126	17.868952	17.570431	16.978956	18.016567	16.969912	17.49748	17.55558	17.590155	17.715824	17.429293	17.475163	17.261663	18.012392	18.05957	17.519077	16.905981	16.802896	17.09494	16.853313
397	17.539272	17.997866	17.336185	17.671383	17.863529	18.249598	17.473196	17.460548	18.242554	17.15539	17.276899	17.9695	17.577356	17.114752	17.784807	18.282782	17.253983	17.815437	18.18767	17.735237	17.136623	17.04608	18.170322	17.640125	17.729078	17.827709	17.150827	17.48443	17.164026	17.427107	17.185684	17.1189	17.77387	17.943359	17.572044	18.076626	17.416132	17.9718	17.391659	17.408714	17.58469	17.203741	17.820293	17.544388	16.98427	17.96594	16.982639	17.463558	17.525068	17.556662	17.661449	17.422544	17.451914	17.271706	17.945698	17.979256	17.485767	16.924313	16.826647	17.089354	16.869213
398	17.51165	17.955652	17.33572	17.647392	17.804939	18.185024	17.451385	17.470121	18.15971	17.161749	17.274729	17.930449	17.527122	17.135691	17.763412	18.220572	17.266323	17.788372	18.143866	17.69269	17.172449	17.080048	18.106621	17.615984	17.699865	17.789228	17.177444	17.480595	17.195581	17.408531	17.19109	17.154797	17.745033	17.920218	17.582003	17.981972	17.405363	17.914997	17.373226	17.399639	17.563267	17.204361	17.783506	17.532829	16.993256	17.933002	16.999949	17.430695	17.506655	17.533684	17.61587	17.424225	17.436287	17.283976	17.889551	17.905508	17.463074	16.941027	16.853731	17.086271	16.883928
399	17.487652	17.918972	17.335314	17.626545	17.754036	18.128918	17.432434	17.478436	18.08773	17.167271	17.272844	17.896519	17.483479	17.153881	17.74482	18.166519	17.277042	17.764854	18.105803	17.655722	17.203573	17.109558	18.051275	17.595005	17.67448	17.755791	17.200569	17.477264	17.222996	17.392391	17.195786	17.185982	17.719975	17.900108	17.590649	17.899729	17.396006	17.865641	17.35721	17.391754	17.544649	17.204897	17.751541	17.522781	17.001062	17.904385	17.014988	17.402142	17.490656	17.513718	17.576267	17.425688	17.422709	17.294634	17.840769	17.841431	17.443354	16.955544	16.877262	17.083593	16.896713
400	17.484261	17.895803	17.348064	17.619095	17.728504	18.0858	17.434092	17.482454	18.047199	17.195288	17.2836	17.873558	17.476084	17.179863	17.735771	18.117813	17.298349	17.744179	18.080343	17.640436	17.229353	17.136515	18.012705	17.590267	17.666986	17.740532	17.222996	17.492422	17.260435	17.396639	17.206657	17.202354	17.708986	17.87697	17.597309	17.857664	17.402544	17.836559	17.365765	17.400951	17.541691	17.221628	17.738039	17.528292	17.031176	17.888306	17.044119	17.411833	17.498325	17.512859	17.567562	17.432964	17.42819	17.303131	17.809551	17.81226	17.442039	16.981701	16.918812	17.104269	16.941504
401	17.502028	17.886084	17.374609	17.625296	17.728611	18.055204	17.457012	17.482122	18.038271	17.247025	17.307592	17.861439	17.505882	17.214376	17.736368	18.07365	17.330976	17.726019	18.067358	17.647177	17.250128	17.161356	17.99066	17.60216	17.677771	17.743702	17.245142	17.526922	17.308929	17.421974	17.224104	17.203777	17.712267	17.85025	17.602036	17.856157	17.425579	17.827782	17.399799	17.427925	17.554798	17.255365	17.743282	17.549934	17.084862	17.884823	17.088341	17.461115	17.530527	17.53166	17.590506	17.446367	17.453407	17.309565	17.795801	17.818474	17.459654	17.020359	16.979742	17.149406	17.020144
402	17.517647	17.877544	17.397945	17.630747	17.72871	18.028318	17.47716	17.481831	18.030422	17.292496	17.32868	17.850788	17.532076	17.244711	17.736895	18.034838	17.359655	17.710058	18.055948	17.653105	17.268391	17.183191	17.971283	17.612616	17.68725	17.746487	17.264608	17.557245	17.351555	17.444239	17.239437	17.205029	17.715155	17.826765	17.606194	17.854834	17.445826	17.82007	17.429714	17.451633	17.56632	17.285021	17.747894	17.568956	17.132046	17.881765	17.127211	17.504433	17.55883	17.548185	17.610676	17.458149	17.475574	17.31522	17.783722	17.823936	17.475136	17.054337	17.033291	17.189081	17.089262
403	17.535646	17.874371	17.423382	17.639961	17.734627	18.011124	17.499199	17.488022	18.027737	17.334457	17.350555	17.846178	17.558201	17.276371	17.740742	18.007795	17.388531	17.705246	18.047234	17.663635	17.289755	17.208912	17.958237	17.625866	17.698658	17.75202	17.286833	17.585375	17.391659	17.467371	17.259659	17.216484	17.720396	17.813467	17.613873	17.858578	17.468491	17.817984	17.459219	17.476849	17.579327	17.313192	17.756367	17.588907	17.178305	17.883339	17.166826	17.543493	17.585478	17.566862	17.630995	17.473824	17.497366	17.330685	17.781366	17.834017	17.496309	17.09111	17.086897	17.227322	17.150183
404	17.580246	17.901783	17.478722	17.678284	17.780014	18.041471	17.547585	17.537878	18.054691	17.383184	17.391937	17.875286	17.601444	17.337366	17.767422	18.034359	17.437998	17.765158	18.049095	17.709307	17.344362	17.27556	17.975021	17.665035	17.729464	17.778021	17.34082	17.619009	17.443325	17.511295	17.323254	17.297827	17.743515	17.853313	17.648184	17.895708	17.521118	17.848787	17.506025	17.528175	17.610138	17.351242	17.794067	17.627911	17.249985	17.914196	17.2376	17.582836	17.619902	17.611179	17.665873	17.523737	17.531509	17.416319	17.836699	17.879005	17.566401	17.16963	17.176834	17.282495	17.202024
405	17.619783	17.926083	17.527781	17.712257	17.82025	18.068375	17.590483	17.582077	18.07859	17.426386	17.428627	17.901091	17.63978	17.391439	17.791073	18.057903	17.481848	17.81827	18.050747	17.749794	17.392775	17.334644	17.989901	17.699762	17.756775	17.801071	17.388681	17.648829	17.48913	17.550232	17.379631	17.369938	17.764011	17.888638	17.678604	17.928629	17.567772	17.876097	17.547518	17.573677	17.637447	17.384974	17.82749	17.662487	17.31353	17.941553	17.300343	17.617714	17.650421	17.650467	17.696791	17.567987	17.561779	17.492237	17.885754	17.91889	17.628536	17.239239	17.256563	17.331411	17.247986
406	17.655077	17.947775	17.571575	17.742584	17.856167	18.092388	17.628771	17.621531	18.09992	17.464947	17.46137	17.924124	17.673998	17.439705	17.812187	18.078922	17.52099	17.865681	18.052219	17.785934	17.435987	17.387383	18.003185	17.730759	17.781153	17.82165	17.431402	17.675444	17.530016	17.584991	17.429955	17.434307	17.782309	17.92017	17.705757	17.958012	17.609415	17.900473	17.584558	17.614292	17.661829	17.415081	17.857323	17.693354	17.370251	17.965973	17.35635	17.648849	17.677666	17.685535	17.72439	17.607485	17.588799	17.560001	17.929541	17.954491	17.684	17.301373	17.327732	17.375071	17.289007
407	17.701569	17.973547	17.625044	17.785763	17.90799	18.123184	17.683435	17.679415	18.122389	17.533604	17.524321	17.965141	17.717819	17.506464	17.85746	18.112467	17.582359	17.909517	18.094687	17.830853	17.503605	17.454144	18.044691	17.790127	17.832186	17.877625	17.499142	17.737623	17.589148	17.64477	17.512522	17.51012	17.82041	17.96291	17.771458	17.994877	17.672001	17.946566	17.645842	17.67968	17.731186	17.481817	17.915483	17.750662	17.443336	18.003178	17.431011	17.708786	17.749491	17.742897	17.781824	17.667627	17.663593	17.623165	17.976746	18.004957	17.739777	17.396797	17.415022	17.45627	17.372608
408	17.746599	17.998051	17.676149	17.828115	17.958927	18.152874	17.737076	17.73645	18.14323	17.603024	17.58853	18.006613	17.760061	17.571648	17.904158	18.145916	17.64341	17.948936	18.142439	17.873926	17.570847	17.518362	18.088816	17.850655	17.884708	17.936565	17.566626	17.802282	17.647285	17.70496	17.595156	17.582087	17.859606	18.004503	17.839991	18.030285	17.733883	17.993496	17.707243	17.744953	17.804455	17.55088	17.974901	17.808897	17.513859	18.040041	17.503479	17.769936	17.824932	17.800282	17.8409	17.727207	17.742445	17.680086	18.020763	18.05442	17.790981	17.491449	17.498518	17.538792	17.458416
409	17.78698	18.020023	17.721975	17.866093	18.004601	18.179497	17.785173	17.78759	18.161921	17.66527	17.646105	18.0438	17.797937	17.630095	17.946035	18.175909	17.698151	17.984287	18.185263	17.912548	17.631144	17.575951	18.128384	17.904932	17.931805	17.989416	17.62714	17.86026	17.699419	17.758934	17.66925	17.646622	17.894751	18.041798	17.901442	18.062037	17.789371	18.035576	17.7623	17.803482	17.87015	17.612812	18.028179	17.861115	17.577099	18.073093	17.568459	17.824768	17.892582	17.85174	17.893875	17.780634	17.81315	17.731127	18.06023	18.098774	17.836899	17.576323	17.573389	17.612789	17.535358
410	17.832653	18.046747	17.766014	17.907719	18.035124	18.200411	17.82375	17.832134	18.188725	17.718859	17.700424	18.074938	17.840248	17.68741	17.987659	18.210932	17.753256	18.022882	18.214499	17.953245	17.679857	17.638884	18.168932	17.951628	17.975468	18.035892	17.686321	17.911243	17.755955	17.818537	17.731853	17.709078	17.945887	18.081951	17.951628	18.100645	17.848349	18.076809	17.816931	17.854074	17.925062	17.679523	18.07329	17.913937	17.639441	18.109865	17.634281	17.880873	17.949175	17.911741	17.945646	17.836435	17.876537	17.789272	18.103891	18.139406	17.89278	17.650543	17.644037	17.686295	17.614473
411	17.883371	18.07799	17.808386	17.952831	18.051315	18.215929	17.853331	17.870455	18.223232	17.764277	17.75168	18.100361	17.88678	17.743679	18.029066	18.250744	17.808729	18.064579	18.230888	17.995939	17.717619	17.706919	18.210434	17.991161	18.0159	18.076355	17.744274	17.955627	17.81669	17.883514	17.783604	17.769602	18.012201	18.124832	17.991161	18.145773	17.91066	18.11726	17.871185	17.897171	17.969793	17.750801	18.110687	17.967361	17.70096	18.150183	17.700941	17.938215	17.995325	17.979872	17.996305	17.894516	17.933031	17.854183	18.151548	18.176533	17.958134	17.714716	17.710716	17.759375	17.69569
412	17.928976	18.106083	17.846483	17.993393	18.065874	18.229881	17.879929	17.904907	18.254261	17.805115	17.79777	18.12322	17.928621	17.794275	18.066292	18.286539	17.85861	18.102068	18.245625	18.034325	17.751575	17.768093	18.247751	18.026712	18.052254	18.11274	17.796377	17.995531	17.871302	17.941935	17.830135	17.82402	18.071829	18.163385	18.026712	18.18635	17.966684	18.153629	17.91997	17.935921	18.010012	17.814892	18.144312	18.0154	17.756275	18.186434	17.760872	17.989775	18.036819	18.041128	18.041857	17.946739	17.983824	17.912544	18.194399	18.209915	18.016897	17.772419	17.77067	17.825085	17.768717
413	17.968794	18.131422	17.882448	18.030405	18.081142	18.244349	17.906487	17.937956	18.280128	17.843813	17.842747	18.146502	17.966351	17.839624	18.099781	18.316099	17.903749	18.135244	18.261873	18.071651	17.787312	17.823599	18.278942	18.060177	18.08816	18.145557	17.843813	18.03384	17.922508	17.993027	17.873732	17.873804	18.123432	18.197603	18.061703	18.223528	18.016605	18.187485	17.965286	17.974918	18.048944	17.872692	18.175987	18.061096	17.809702	18.22014	17.8181	18.038677	18.077387	18.09482	18.085859	17.996799	18.03096	17.96739	18.23551	18.244856	18.069738	17.828049	17.827541	17.885569	17.835722
414	17.997103	18.15398	17.923136	18.065651	18.106335	18.267462	17.944067	17.978045	18.29166	17.888372	17.901228	18.181675	17.99987	17.878397	18.129082	18.327597	17.944708	18.161303	18.292389	18.11953	17.846849	17.874763	18.29331	18.097563	18.137022	18.174772	17.888372	18.080463	17.978662	18.029768	17.921349	17.921877	18.157503	18.225014	18.108713	18.25975	18.057657	18.223284	18.012724	18.031561	18.098011	17.924057	18.211464	18.114611	17.876387	18.255615	17.886194	18.095217	18.13051	18.134087	18.14085	18.057381	18.080044	18.028124	18.285433	18.302145	18.115866	17.897011	17.893291	17.945969	17.901508
415	18.022589	18.174292	17.95977	18.097387	18.129019	18.288273	17.977901	18.014143	18.302044	17.928495	17.953888	18.213345	18.03005	17.913305	18.155464	18.337946	17.981586	18.184761	18.319864	18.162636	17.900457	17.920835	18.306246	18.131224	18.181017	18.201075	17.928495	18.122442	18.029222	18.062855	17.964222	17.965164	18.188181	18.249697	18.151041	18.292362	18.094625	18.255516	18.055443	18.082561	18.142191	17.970308	18.243406	18.162796	17.936432	18.287556	17.947508	18.146124	18.178343	18.169443	18.190363	18.111929	18.124239	18.082809	18.330383	18.353731	18.1574	17.959103	17.952496	18.000353	17.960743
416	18.04566	18.192678	17.992933	18.126116	18.149553	18.307112	18.008532	18.046818	18.311443	17.964815	18.001554	18.242012	18.057369	17.944906	18.179348	18.347319	18.014971	18.206001	18.344736	18.20166	17.948986	17.96254	18.317957	18.161695	18.22084	18.224886	17.964815	18.160442	18.074991	18.092802	18.003031	18.004347	18.21595	18.272039	18.18936	18.321888	18.128086	18.284697	18.094107	18.128729	18.182184	18.012177	18.272322	18.206413	17.990784	18.316469	18.00301	18.192205	18.221642	18.20145	18.235184	18.161304	18.164244	18.132313	18.371075	18.400425	18.195	18.015308	18.006088	18.049582	18.014359
417	18.078276	18.217915	18.036287	18.155529	18.181887	18.329147	18.056046	18.08844	18.336369	18.000721	18.045216	18.268408	18.10128	17.998247	18.216497	18.374296	18.069515	18.240932	18.377239	18.234705	18.00485	18.017061	18.355398	18.20425	18.25679	18.265633	18.020996	18.199017	18.117815	18.140516	18.058624	18.056675	18.255095	18.319685	18.230017	18.355785	18.184004	18.322096	18.149044	18.179777	18.229301	18.072445	18.315119	18.249472	18.058538	18.353119	18.063555	18.23921	18.270536	18.258896	18.281126	18.216702	18.217041	18.185047	18.411837	18.434019	18.246418	18.073803	18.067505	18.11171	18.076736
418	18.110062	18.242411	18.078075	18.182735	18.213827	18.350029	18.102892	18.128401	18.362171	18.033703	18.084675	18.292294	18.144758	18.051352	18.253141	18.402374	18.123623	18.275612	18.408569	18.26403	18.057629	18.069611	18.3946	18.245649	18.289175	18.306259	18.076374	18.234638	18.156702	18.187712	18.112894	18.107264	18.293221	18.368202	18.267878	18.3878	18.239616	18.358042	18.202614	18.227673	18.273991	18.131315	18.357069	18.289011	18.123379	18.388285	18.12022	18.282656	18.316584	18.31646	18.323627	18.268808	18.267996	18.234192	18.449379	18.46254	18.296299	18.128077	18.125483	18.171274	18.135769
419	18.138844	18.264595	18.115919	18.207373	18.242752	18.368935	18.145319	18.164591	18.385538	18.063568	18.120409	18.313923	18.184132	18.099447	18.286325	18.427801	18.172623	18.307014	18.436939	18.29059	18.105427	18.117205	18.430103	18.283144	18.318501	18.343052	18.126524	18.266895	18.191916	18.230455	18.162041	18.153082	18.327753	18.412142	18.302166	18.416792	18.28998	18.390594	18.251123	18.271048	18.314461	18.184628	18.395061	18.32482	18.182098	18.420132	18.171539	18.321999	18.358282	18.368593	18.362118	18.315996	18.314148	18.278698	18.483377	18.488365	18.341471	18.177225	18.177994	18.22522	18.18923
420	18.167866	18.28446	18.148636	18.230347	18.271704	18.385115	18.182768	18.196314	18.4069	18.102358	18.153753	18.338902	18.222763	18.143389	18.317108	18.451563	18.211334	18.337646	18.461462	18.318417	18.147886	18.158243	18.455494	18.318697	18.346865	18.378948	18.176493	18.300488	18.23135	18.272318	18.211655	18.200222	18.364038	18.445076	18.339005	18.450296	18.332748	18.426397	18.295757	18.312828	18.352774	18.232826	18.432886	18.365681	18.233509	18.456722	18.219683	18.359262	18.399256	18.412857	18.405109	18.359543	18.355734	18.324543	18.516415	18.520451	18.387016	18.231218	18.234007	18.279642	18.24164
421	18.196817	18.302122	18.176586	18.251657	18.300402	18.398777	18.215538	18.223862	18.426315	18.148533	18.184704	18.366554	18.260386	18.183306	18.345514	18.473648	18.24074	18.367313	18.48241	18.347082	18.185307	18.193199	18.471857	18.352226	18.374126	18.413731	18.225832	18.334919	18.274075	18.313017	18.261209	18.248062	18.401508	18.468132	18.377708	18.487402	18.368509	18.464687	18.336603	18.352829	18.388847	18.276131	18.470201	18.410549	18.278078	18.497089	18.26461	18.394365	18.439211	18.449865	18.451605	18.399508	18.392962	18.371119	18.548306	18.557669	18.432457	18.28891	18.292538	18.333965	18.292637
422	18.223043	18.318121	18.201906	18.270964	18.326399	18.411154	18.245222	18.248814	18.443903	18.190359	18.212738	18.391605	18.294464	18.219467	18.371244	18.493656	18.267378	18.394188	18.501387	18.373051	18.219202	18.224863	18.486681	18.382601	18.398819	18.445236	18.270527	18.366108	18.312778	18.349886	18.306095	18.291399	18.43545	18.489017	18.412771	18.521019	18.400906	18.499371	18.3736	18.389063	18.421528	18.315357	18.504007	18.451191	18.318453	18.533655	18.305309	18.426163	18.475407	18.483387	18.493723	18.435713	18.426683	18.413309	18.57719	18.591383	18.473616	18.341169	18.345554	18.383173	18.338833
423	18.251989	18.340624	18.232687	18.297176	18.356005	18.430532	18.279066	18.280283	18.466824	18.235342	18.245977	18.421206	18.331095	18.258663	18.401075	18.519087	18.299397	18.42646	18.524956	18.404566	18.257458	18.262152	18.509029	18.417456	18.42951	18.480352	18.316927	18.401821	18.354355	18.391285	18.352388	18.337311	18.473448	18.516876	18.451456	18.55854	18.437683	18.537125	18.414385	18.429443	18.459251	18.359283	18.542328	18.494457	18.363321	18.574158	18.352003	18.4641	18.515619	18.521978	18.538294	18.477598	18.466473	18.458572	18.611835	18.629644	18.518501	18.396061	18.400776	18.434845	18.389635
424	18.301607	18.397545	18.296175	18.36068	18.410223	18.485407	18.341183	18.349098	18.519402	18.307995	18.311647	18.479342	18.390162	18.323164	18.457644	18.575359	18.364201	18.491665	18.575317	18.46941	18.326237	18.33493	18.570004	18.482244	18.495132	18.541855	18.385397	18.46792	18.421316	18.464926	18.419443	18.408747	18.540628	18.582825	18.517715	18.624466	18.504602	18.599855	18.484106	18.500134	18.530207	18.436989	18.611845	18.562605	18.441395	18.644125	18.438786	18.53989	18.585569	18.594158	18.607439	18.556683	18.544401	18.53125	18.681692	18.699207	18.593378	18.47961	18.482973	18.513443	18.476021
425	18.346701	18.449274	18.353872	18.418388	18.459492	18.53528	18.397631	18.411634	18.567183	18.374018	18.371326	18.532175	18.443836	18.381777	18.509048	18.626495	18.423092	18.550919	18.621084	18.528336	18.388741	18.401068	18.625416	18.541122	18.554766	18.597744	18.447622	18.52799	18.48217	18.531849	18.480383	18.473667	18.601681	18.642757	18.577932	18.68438	18.565418	18.65686	18.547466	18.564375	18.594688	18.507607	18.67502	18.624535	18.512348	18.707708	18.517647	18.608765	18.649139	18.659752	18.670279	18.628553	18.615221	18.597296	18.745173	18.762428	18.661427	18.555534	18.557671	18.584869	18.554527
426	18.387854	18.496487	18.40653	18.47106	18.504463	18.580795	18.449156	18.468714	18.610794	18.43428	18.425795	18.580395	18.492832	18.435278	18.555965	18.673172	18.476845	18.605003	18.662857	18.582123	18.445791	18.461435	18.675989	18.594866	18.6092	18.648758	18.504414	18.582815	18.537712	18.592934	18.536001	18.532917	18.657402	18.697458	18.632889	18.739063	18.620924	18.708893	18.605301	18.623009	18.653542	18.572054	18.732681	18.681055	18.577105	18.765739	18.589628	18.671631	18.707155	18.719618	18.727633	18.694153	18.679861	18.657579	18.803112	18.820129	18.723534	18.624834	18.625849	18.650061	18.626183
427	18.43117	18.535837	18.452	18.515482	18.54422	18.624102	18.494883	18.512608	18.650803	18.476645	18.475538	18.622858	18.53941	18.485968	18.601881	18.712238	18.526375	18.649622	18.703699	18.627377	18.507143	18.511673	18.719439	18.644592	18.65826	18.694769	18.560562	18.635239	18.592394	18.644606	18.58931	18.588104	18.705406	18.749567	18.688572	18.785419	18.674246	18.757486	18.663282	18.68001	18.707115	18.62978	18.783642	18.735304	18.636335	18.817961	18.64546	18.729422	18.759777	18.7743	18.780195	18.748972	18.741726	18.716167	18.858015	18.869989	18.781075	18.681822	18.685749	18.70653	18.6905
428	18.471695	18.571075	18.493023	18.555365	18.580263	18.663916	18.536371	18.551208	18.687338	18.513067	18.520924	18.66132	18.582232	18.532536	18.64431	18.747255	18.571644	18.689493	18.741434	18.667988	18.564745	18.556644	18.758595	18.690079	18.702911	18.73665	18.612541	18.683477	18.642979	18.691029	18.63839	18.638643	18.748697	18.797489	18.740339	18.82708	18.723356	18.802013	18.717096	18.73262	18.755957	18.682245	18.829836	18.785259	18.690392	18.865467	18.694658	18.782213	18.807722	18.824186	18.828184	18.798096	18.798672	18.770243	18.908459	18.914982	18.833715	18.732714	18.739983	18.757511	18.748985
429	18.508823	18.603359	18.530603	18.591902	18.613283	18.700392	18.574379	18.586571	18.720808	18.546434	18.562502	18.696556	18.621462	18.575199	18.683182	18.779335	18.613115	18.726019	18.776007	18.705191	18.617517	18.597847	18.79447	18.731747	18.743818	18.775017	18.660162	18.727671	18.689323	18.733557	18.683353	18.684944	18.788355	18.841394	18.787764	18.865248	18.768349	18.842804	18.766396	18.780821	18.800705	18.730312	18.872158	18.831024	18.739912	18.908989	18.739731	18.830578	18.851645	18.869892	18.872147	18.843096	18.85084	18.819784	18.954672	18.956202	18.881941	18.779335	18.789671	18.804214	18.802563
430	18.533892	18.625259	18.554935	18.614056	18.635956	18.719847	18.599918	18.610884	18.744925	18.571774	18.591782	18.722338	18.652821	18.605009	18.710541	18.800289	18.641985	18.750147	18.801035	18.730648	18.651966	18.631617	18.820103	18.7617	18.771936	18.80175	18.694479	18.75939	18.723972	18.762512	18.717859	18.719007	18.818365	18.869751	18.821787	18.892193	18.798502	18.873425	18.802176	18.815674	18.833469	18.768139	18.902903	18.862888	18.777836	18.937878	18.775463	18.866163	18.884451	18.901409	18.905178	18.877798	18.887543	18.857693	18.986168	18.987455	18.916862	18.816975	18.828213	18.844555	18.842207
431	18.548807	18.638418	18.568148	18.624174	18.649902	18.72513	18.61496	18.625881	18.76112	18.59026	18.61067	18.740097	18.677408	18.62396	18.728178	18.811903	18.660219	18.763859	18.817974	18.746202	18.671017	18.658945	18.83707	18.781731	18.78927	18.818661	18.717525	18.78055	18.748674	18.780035	18.743435	18.74268	18.840151	18.885057	18.84446	18.909655	18.816168	18.89538	18.826494	18.839222	18.85607	18.797184	18.923832	18.883018	18.805855	18.954458	18.803169	18.8909	18.907803	18.920958	18.9289	18.903698	18.911179	18.885672	19.005268	19.010214	18.94051	18.846861	18.85722	18.879271	18.870008
432	18.562525	18.650517	18.580296	18.633482	18.662729	18.729988	18.628792	18.639671	18.776014	18.607262	18.62804	18.756428	18.700016	18.641394	18.74439	18.822578	18.676985	18.776461	18.833557	18.760508	18.688538	18.684076	18.852676	18.800152	18.805212	18.834215	18.738724	18.800007	18.771393	18.796148	18.766956	18.76445	18.860186	18.899132	18.865313	18.925711	18.832415	18.915575	18.848858	18.860876	18.876848	18.823891	18.943083	18.901529	18.831619	18.969707	18.828646	18.913647	18.929281	18.938936	18.950718	18.927517	18.932913	18.9114	19.022829	19.031139	18.962255	18.874348	18.883892	18.911194	18.895573
433	18.586216	18.672539	18.602678	18.654551	18.685883	18.747381	18.653069	18.66358	18.799307	18.634506	18.654787	18.78134	18.730131	18.668802	18.770498	18.843113	18.703588	18.799799	18.857889	18.786102	18.716154	18.717674	18.877388	18.827478	18.830894	18.859385	18.768272	18.828722	18.802692	18.822714	18.799179	18.795383	18.888941	18.923956	18.894567	18.951345	18.85927	18.94467	18.880054	18.891487	18.907436	18.859642	18.971367	18.929798	18.866068	18.995764	18.86355	18.945028	18.959444	18.966915	18.981476	18.959124	18.963606	18.947149	19.049925	19.060257	18.993305	18.910868	18.919659	18.950645	18.929775
434	18.653593	18.737638	18.669411	18.72547	18.753933	18.816685	18.72295	18.731771	18.860184	18.707306	18.723688	18.844931	18.796085	18.74081	18.840542	18.906116	18.774055	18.869614	18.921413	18.860838	18.788872	18.791611	18.942707	18.895296	18.89986	18.927237	18.836761	18.899597	18.874222	18.89547	18.872309	18.86866	18.957829	18.995682	18.96287	19.019625	18.932974	19.014671	18.952398	18.963566	18.982731	18.93845	19.040874	19.002026	18.941883	19.069252	18.942753	19.016844	19.029968	19.039703	19.053694	19.028011	19.035791	19.029663	19.119837	19.127569	19.067255	18.990597	18.99868	19.028273	19.005112
435	18.7159	18.79784	18.731123	18.791056	18.816864	18.880774	18.787573	18.794832	18.916481	18.774628	18.787405	18.903736	18.85708	18.807402	18.905317	18.96438	18.83922	18.934177	18.980158	18.929951	18.856119	18.859985	19.003115	18.958014	18.963636	18.989983	18.900097	18.965145	18.940369	18.962755	18.939936	18.936424	19.021538	19.06201	19.026037	19.082767	19.001133	19.079407	19.0193	19.030226	19.052362	19.01133	19.105154	19.068821	19.011995	19.137213	19.015997	19.083258	19.095184	19.107014	19.120481	19.091719	19.102547	19.105974	19.184486	19.189819	19.135641	19.064329	19.071756	19.100063	19.074781
436	18.773695	18.853682	18.788364	18.851889	18.875237	18.94022	18.847517	18.853325	18.9687	18.837074	18.846508	18.958284	18.913656	18.869167	18.965401	19.018425	18.899664	18.994062	19.034647	18.994055	18.918493	18.923407	19.059143	19.016188	19.022793	19.048185	18.958843	19.025942	19.001724	19.025164	19.002663	18.999279	19.080629	19.123535	19.084627	19.141336	19.064354	19.139454	19.081356	19.092054	19.116951	19.078928	19.164776	19.130775	19.077026	19.200251	19.083935	19.144859	19.155676	19.169451	19.18243	19.15081	19.164469	19.176754	19.244453	19.247561	19.199074	19.132719	19.139538	19.166649	19.139402
437	18.894943	18.974165	18.909512	18.970125	18.993553	19.058348	18.968864	18.974443	19.087536	18.958229	18.97101	19.078306	19.03336	18.992611	19.083109	19.139891	19.02438	19.118027	19.157072	19.115055	19.042315	19.04707	19.182415	19.138258	19.146191	19.171516	19.085438	19.150862	19.127748	19.152849	19.128979	19.126276	19.206446	19.248053	19.208143	19.265341	19.192335	19.264832	19.206829	19.21773	19.243475	19.206602	19.291281	19.257235	19.204006	19.330034	19.210937	19.276316	19.285246	19.29969	19.310097	19.281757	19.297466	19.303493	19.374859	19.381657	19.330772	19.265293	19.271261	19.29611	19.272125
438	19.018354	19.097025	19.032887	19.089813	19.113688	19.178122	19.092066	19.09761	19.209131	19.080854	19.097765	19.200853	19.155264	19.117826	19.202337	19.264082	19.151169	19.244081	19.282242	19.23727	19.167849	19.172281	19.308279	19.262505	19.271738	19.297129	19.21452	19.277824	19.255833	19.282581	19.257175	19.255199	19.334627	19.374472	19.3339	19.39163	19.322271	19.392403	19.334209	19.345362	19.37163	19.335567	19.420137	19.385698	19.332588	19.46196	19.339121	19.410269	19.417311	19.432199	19.439877	19.41552	19.433048	19.430981	19.507904	19.519039	19.464722	19.399473	19.4046	19.427166	19.407009
439	19.133461	19.21162	19.147961	19.201448	19.22574	19.289837	19.20698	19.21249	19.322544	19.19523	19.21599	19.315157	19.268967	19.234615	19.313541	19.379913	19.26943	19.361652	19.398989	19.351263	19.284939	19.289068	19.425674	19.378393	19.388842	19.414291	19.334915	19.396244	19.375294	19.403585	19.376749	19.375446	19.454185	19.492386	19.451197	19.509422	19.443464	19.511389	19.453018	19.464407	19.491163	19.455858	19.540325	19.50552	19.452518	19.585009	19.458679	19.53521	19.540489	19.55579	19.560925	19.540283	19.559507	19.549891	19.632	19.647179	19.589659	19.524622	19.528971	19.549404	19.53282
440	19.276247	19.352348	19.289698	19.340902	19.363543	19.427387	19.348633	19.354738	19.461761	19.338968	19.361759	19.456141	19.410572	19.378258	19.45406	19.521929	19.414436	19.503342	19.540993	19.493441	19.428301	19.433323	19.568983	19.521553	19.532116	19.557854	19.480343	19.539421	19.519529	19.548157	19.523119	19.520805	19.599276	19.633663	19.595034	19.653013	19.590086	19.6539	19.597881	19.609171	19.636066	19.601942	19.684738	19.650225	19.599209	19.730129	19.605259	19.683201	19.686758	19.702679	19.707937	19.687485	19.708525	19.693495	19.779108	19.794468	19.737328	19.673597	19.677368	19.696278	19.684525
441	19.440046	19.512869	19.451643	19.501501	19.520853	19.584522	19.510559	19.517752	19.620514	19.505053	19.528402	19.617357	19.573381	19.542234	19.616909	19.683764	19.579687	19.663198	19.702076	19.657036	19.591543	19.598402	19.731888	19.685394	19.695194	19.721397	19.644642	19.701269	19.682438	19.71044	19.689764	19.685101	19.763643	19.792513	19.758968	19.816095	19.755886	19.814104	19.762436	19.773367	19.800121	19.767509	19.847385	19.813684	19.76615	19.891762	19.772289	19.848465	19.85034	19.867039	19.874556	19.851471	19.874413	19.855721	19.943462	19.955906	19.902014	19.840452	19.843819	19.861698	19.855742
442	19.593744	19.663494	19.603601	19.652199	19.668467	19.731968	19.662498	19.670715	19.769478	19.660896	19.684772	19.768631	19.726149	19.696102	19.76972	19.835617	19.734753	19.813194	19.85323	19.810543	19.74472	19.753304	19.88475	19.839136	19.848221	19.874859	19.798807	19.853138	19.835304	19.862717	19.846136	19.839264	19.917875	19.941565	19.912792	19.969128	19.911467	19.96443	19.916843	19.927437	19.954058	19.922869	20.000004	19.967066	19.922794	20.043425	19.929022	20.003542	20.003836	20.021265	20.030899	20.005344	20.030073	20.007946	20.097681	20.107393	20.056543	19.997021	20.000004	20.016918	20.016401
443	19.742502	19.809179	19.751179	19.798466	19.81299	19.875353	19.809963	19.818953	19.913998	19.811007	19.834648	19.91519	19.873486	19.844223	19.916803	19.981812	19.884272	19.958288	19.998981	19.958101	19.893385	19.90308	20.031466	19.98686	19.995541	20.022301	19.947927	20.000345	19.982796	20.009445	19.995771	19.988359	20.066263	20.086462	20.060795	20.116177	20.060928	20.110365	20.066046	20.076401	20.102282	20.072344	20.147184	20.115414	20.073423	20.189796	20.080086	20.152843	20.151949	20.169714	20.181614	20.154411	20.179411	20.155832	20.246597	20.254112	20.205664	20.14794	20.150917	20.167139	20.169956
444	19.89916	19.962254	19.908506	19.95406	19.971432	20.028894	19.966793	19.97579	20.067484	19.966373	19.987	20.070078	20.026688	19.997213	20.068647	20.132854	20.039646	20.110781	20.150448	20.109684	20.0515	20.060268	20.18136	20.138411	20.147758	20.173498	20.104624	20.156206	20.136419	20.16153	20.146938	20.144953	20.21921	20.241447	20.213375	20.267056	20.214159	20.265711	20.22226	20.232714	20.25551	20.226421	20.30018	20.271269	20.228386	20.342367	20.236813	20.307114	20.306244	20.322987	20.338068	20.311897	20.331755	20.313667	20.402121	20.409031	20.361042	20.304565	20.308893	20.325306	20.324396
445	20.047169	20.106871	20.057144	20.101061	20.121122	20.173958	20.114964	20.123966	20.212498	20.113161	20.130936	20.216412	20.171429	20.141756	20.212105	20.275555	20.186441	20.254852	20.293552	20.252899	20.200882	20.208775	20.322977	20.281593	20.291571	20.316343	20.252668	20.303461	20.281557	20.305214	20.289759	20.292898	20.363714	20.387871	20.357531	20.409601	20.358927	20.412477	20.369844	20.380392	20.400278	20.371992	20.444731	20.418518	20.374788	20.486513	20.384886	20.452864	20.452023	20.467794	20.485882	20.460686	20.475685	20.462791	20.549053	20.555393	20.507843	20.452543	20.458147	20.474739	20.470304
446	20.187231	20.243729	20.197803	20.24017	20.262779	20.31123	20.25518	20.264187	20.349724	20.252068	20.267149	20.354891	20.308403	20.27854	20.34786	20.410597	20.325357	20.39119	20.428974	20.388426	20.342245	20.349308	20.456991	20.417088	20.42766	20.451523	20.392765	20.442812	20.418905	20.441187	20.424913	20.432901	20.500458	20.526432	20.493948	20.544498	20.495922	20.551371	20.509508	20.520145	20.537277	20.509748	20.58152	20.557861	20.513334	20.622921	20.525009	20.590794	20.589975	20.604826	20.625761	20.601488	20.611891	20.603907	20.688101	20.693899	20.646761	20.592577	20.599386	20.616152	20.608381
447	20.368654	20.425648	20.378654	20.4193	20.444147	20.490297	20.434019	20.445246	20.528803	20.431549	20.44545	20.53087	20.487911	20.459288	20.527428	20.586433	20.505581	20.56739	20.606771	20.567204	20.522934	20.525871	20.63339	20.593996	20.605568	20.628389	20.570335	20.61891	20.596523	20.618267	20.603809	20.61191	20.677208	20.704321	20.671949	20.72019	20.674269	20.726879	20.686321	20.697788	20.713482	20.685902	20.757387	20.733919	20.692232	20.79545	20.703432	20.765764	20.767689	20.780334	20.800226	20.777216	20.786621	20.780458	20.861452	20.866432	20.820036	20.770493	20.775839	20.792583	20.787083
448	20.548443	20.606424	20.557734	20.596704	20.623661	20.667885	20.610956	20.624615	20.706411	20.609365	20.622349	20.704906	20.666027	20.63879	20.705774	20.760786	20.684214	20.741962	20.78322	20.744717	20.70174	20.70026	20.808502	20.769463	20.782047	20.803856	20.745897	20.792957	20.772514	20.793858	20.781507	20.789061	20.852331	20.88044	20.848488	20.894402	20.851105	20.900345	20.861107	20.873474	20.887972	20.860229	20.931534	20.907921	20.869459	20.965988	20.879925	20.938774	20.943703	20.95405	20.972412	20.950653	20.9596	20.954756	21.032526	21.036684	20.991043	20.94644	20.950014	20.966711	20.964159
449	20.719845	20.778769	20.728462	20.765833	20.794798	20.837191	20.77964	20.795614	20.875736	20.778887	20.790997	20.870825	20.835835	20.809921	20.875801	20.92701	20.854513	20.908394	20.951441	20.913952	20.872206	20.866518	20.975445	20.936741	20.950296	20.971136	20.913267	20.958885	20.940298	20.961256	20.950912	20.957951	21.019285	21.048342	21.016792	21.06049	21.019691	21.065718	21.02774	21.040968	21.054325	21.026424	21.097557	21.073809	21.038422	21.128571	21.048183	21.10371	21.111506	21.119663	21.136564	21.116001	21.12451	21.120926	21.19562	21.198994	21.154072	21.11418	21.116068	21.132717	21.132978
450	20.915752	20.973103	20.92222	20.959019	20.987761	21.028996	20.971991	20.987843	21.066576	20.973131	20.984053	21.060707	21.028118	21.003378	21.067375	21.116158	21.044445	21.098751	21.141745	21.104088	21.062073	21.057384	21.165283	21.126675	21.139595	21.160564	21.103258	21.147676	21.131441	21.150846	21.140715	21.146656	21.207067	21.235857	21.206348	21.24707	21.20849	21.252594	21.213715	21.229412	21.241999	21.214762	21.285759	21.261971	21.227482	21.313824	21.235737	21.290155	21.300337	21.306833	21.322361	21.30364	21.312893	21.308813	21.378418	21.383226	21.341118	21.302408	21.304379	21.319918	21.321955
451	21.130604	21.184381	21.133755	21.170803	21.197533	21.238161	21.182634	21.196407	21.273996	21.186499	21.195993	21.269125	21.237738	21.214046	21.275549	21.323017	21.249449	21.30761	21.349081	21.31031	21.266836	21.267296	21.372805	21.334091	21.345104	21.367083	21.310707	21.354124	21.340633	21.357561	21.346201	21.350594	21.410891	21.43844	21.412273	21.449427	21.412832	21.456047	21.414545	21.43399	21.446106	21.420189	21.491074	21.467325	21.431992	21.516594	21.438101	21.493181	21.50536	21.510624	21.524849	21.508486	21.519419	21.513443	21.576372	21.584379	21.546749	21.506401	21.509871	21.523445	21.526434
452	21.336979	21.387325	21.336941	21.374229	21.399033	21.439072	21.384964	21.396742	21.473232	21.391449	21.399567	21.469316	21.439093	21.416405	21.475508	21.521717	21.446367	21.50823	21.548235	21.508398	21.463516	21.468925	21.572136	21.533325	21.542505	21.565451	21.509972	21.552422	21.541571	21.556114	21.543581	21.546486	21.606667	21.63303	21.610073	21.643799	21.609114	21.651478	21.60745	21.630501	21.64216	21.61751	21.688288	21.664576	21.628431	21.711367	21.632483	21.6882	21.702291	21.706375	21.719351	21.70525	21.7178	21.710001	21.766516	21.777599	21.744267	21.702341	21.707251	21.718941	21.722841
453	21.548578	21.595736	21.5464	21.583252	21.60593	21.645802	21.59305	21.603376	21.678232	21.60091	21.608309	21.674818	21.64525	21.62352	21.680849	21.726313	21.64941	21.713369	21.752251	21.711805	21.666231	21.67548	21.776047	21.738138	21.745316	21.768274	21.714622	21.756168	21.746899	21.759735	21.746347	21.748152	21.807686	21.832939	21.812067	21.84355	21.810152	21.852003	21.80665	21.831924	21.843044	21.819616	21.889473	21.866688	21.829967	21.911139	21.832981	21.88822	21.903543	21.906734	21.91847	21.906471	21.919615	21.910698	21.962545	21.975582	21.945662	21.902708	21.908873	21.919483	21.923599
454	21.802135	21.84664	21.801346	21.8353	21.854897	21.896082	21.844624	21.855297	21.926413	21.849546	21.858484	21.921913	21.891277	21.870428	21.928053	21.974529	21.896721	21.957224	21.996082	21.956623	21.912846	21.922354	22.018757	21.985426	21.989782	22.009346	21.961056	22.001808	21.990509	22.003859	21.990696	21.99268	22.049557	22.073872	22.051266	22.084513	22.05032	22.092827	22.050308	22.073082	22.083286	22.061085	22.12697	22.108412	22.071882	22.150772	22.077448	22.128128	22.142366	22.145609	22.156006	22.145767	22.155884	22.148258	22.201221	22.212376	22.183056	22.140923	22.147816	22.160122	22.161985
455	22.047407	22.08934	22.047956	22.079109	22.095724	22.138178	22.087971	22.098982	22.166481	22.09005	22.100479	22.160929	22.129261	22.109264	22.167173	22.214626	22.135944	22.193108	22.231943	22.193436	22.151396	22.16116	22.253532	22.224632	22.226257	22.242537	22.199432	22.239416	22.226154	22.240002	22.227053	22.22921	22.283522	22.306927	22.282644	22.317598	22.282635	22.325777	22.285997	22.306356	22.315678	22.294655	22.356707	22.342232	22.305893	22.382568	22.313923	22.360195	22.373383	22.376675	22.385777	22.377237	22.384428	22.378054	22.432093	22.441427	22.412691	22.371346	22.378944	22.392891	22.392578
456	22.284786	22.324236	22.286636	22.315071	22.328806	22.372488	22.32349	22.334827	22.398825	22.322821	22.334692	22.392258	22.359589	22.340416	22.398603	22.447004	22.367474	22.421402	22.460217	22.42263	22.382275	22.392282	22.480755	22.456144	22.455126	22.468227	22.430141	22.469381	22.454218	22.46855	22.455809	22.458132	22.50996	22.532486	22.506582	22.543188	22.507479	22.551233	22.514107	22.532125	22.540592	22.520716	22.57905	22.568531	22.532373	22.606913	22.542789	22.584797	22.596968	22.600307	22.608156	22.601265	22.605621	22.600456	22.655539	22.663115	22.634939	22.59436	22.602644	22.618176	22.615753
457	22.582048	22.617155	22.578815	22.609884	22.621279	22.662315	22.61128	22.625298	22.686445	22.610462	22.622969	22.680531	22.648575	22.626692	22.685593	22.733173	22.655811	22.706173	22.745558	22.705845	22.666182	22.67827	22.763023	22.737316	22.739819	22.751247	22.713707	22.752029	22.735088	22.750954	22.736479	22.740881	22.792301	22.81358	22.789362	22.823372	22.788441	22.829218	22.795816	22.813248	22.820208	22.800013	22.858582	22.846581	22.810797	22.885912	22.82181	22.86314	22.873562	22.879215	22.887339	22.877512	22.88365	22.878603	22.933752	22.939892	22.911953	22.871962	22.878399	22.892454	22.889463
458	22.880482	22.911097	22.871424	22.905783	22.914967	22.9529	22.899431	22.916389	22.97484	22.898821	22.91184	22.969788	22.938759	22.913752	22.973412	23.019947	22.945114	22.991949	23.031967	22.989767	22.950647	22.965014	23.046164	23.018652	23.025425	23.035427	22.997814	23.035221	23.016554	23.03406	23.017635	23.024323	23.075626	23.095631	23.073507	23.104412	23.070448	23.10783	23.078213	23.095304	23.100702	23.08	23.139334	23.125149	23.089758	23.1658	23.101109	23.142265	23.150881	23.159098	23.167696	23.154385	23.162884	23.15781	23.212887	23.21767	23.18992	23.150475	23.154772	23.166971	23.163628
459	23.170845	23.19709	23.156122	23.193684	23.200716	23.235626	23.179794	23.19961	23.255438	23.179384	23.192905	23.251226	23.221098	23.193052	23.25345	23.298969	23.226597	23.27	23.310637	23.266012	23.227423	23.244009	23.321648	23.292387	23.303312	23.311924	23.27424	23.310757	23.290413	23.309513	23.291189	23.3001	23.351292	23.370062	23.349976	23.377853	23.344831	23.37891	23.352974	23.36974	23.373615	23.352423	23.412497	23.396189	23.361179	23.438124	23.372858	23.413845	23.420702	23.431414	23.440474	23.423771	23.434572	23.429472	23.484474	23.487942	23.460373	23.421461	23.423672	23.434069	23.430386
460	23.487474	23.512068	23.470488	23.506212	23.513021	23.546511	23.489588	23.509867	23.564205	23.48704	23.500381	23.557858	23.528749	23.499903	23.558409	23.604208	23.532322	23.574533	23.615379	23.569567	23.531883	23.546495	23.623816	23.59366	23.605789	23.613985	23.575695	23.610895	23.590616	23.609314	23.592546	23.599436	23.650698	23.669313	23.650833	23.677391	23.644232	23.676767	23.652071	23.66806	23.670822	23.650381	23.709137	23.691944	23.658634	23.734324	23.668465	23.709982	23.715183	23.725687	23.736137	23.718197	23.728441	23.724655	23.779108	23.782429	23.754143	23.716143	23.71648	23.727406	23.723074
461	23.824423	23.849566	23.807924	23.837757	23.845896	23.879259	23.822277	23.841085	23.894859	23.815716	23.828329	23.883974	23.855972	23.828138	23.882637	23.929764	23.856779	23.899603	23.940327	23.89432	23.857849	23.867107	23.946684	23.916332	23.927279	23.935846	23.896517	23.930065	23.911257	23.927938	23.915512	23.916956	23.968441	23.987768	23.970552	23.997162	23.962994	23.995417	23.969984	23.98484	23.986814	23.968128	24.023911	24.006832	23.976282	24.048979	23.98251	24.025122	24.028755	24.036871	24.049452	24.032013	24.039404	24.038017	24.091522	24.095652	24.065922	24.029137	24.027777	24.041107	24.035892
462	24.153267	24.178944	24.137245	24.161327	24.170763	24.204006	24.146961	24.164339	24.217556	24.136482	24.148388	24.202248	24.175327	24.148478	24.199066	24.247486	24.173426	24.216852	24.257458	24.21126	24.17597	24.180004	24.261786	24.231243	24.241034	24.249962	24.209618	24.241554	24.224182	24.238895	24.230713	24.226839	24.27854	24.298565	24.282576	24.309238	24.274086	24.306402	24.280252	24.293999	24.295206	24.278229	24.331112	24.314144	24.286287	24.356064	24.289	24.33268	24.334782	24.34057	24.35523	24.33828	24.342886	24.34384	24.396423	24.40134	24.370199	24.3346	24.331583	24.347263	24.341181
463	24.488098	24.513643	24.471302	24.49111	24.501444	24.534126	24.476982	24.492376	24.5452	24.463118	24.473944	24.526112	24.500298	24.473841	24.521421	24.570665	24.495771	24.539175	24.579556	24.533804	24.498188	24.498751	24.581926	24.551437	24.560183	24.569157	24.527525	24.558804	24.542225	24.555353	24.549871	24.542646	24.594282	24.614834	24.599174	24.625988	24.59026	24.622042	24.594799	24.608088	24.608934	24.593044	24.643763	24.626749	24.600445	24.668257	24.601259	24.645039	24.646114	24.64982	24.666245	24.649361	24.652161	24.654701	24.706684	24.711866	24.679733	24.644938	24.640747	24.657736	24.651424
464	24.866495	24.88949	24.844337	24.864929	24.874788	24.905302	24.847862	24.859182	24.912163	24.832333	24.840679	24.891375	24.866837	24.838669	24.886282	24.934719	24.859819	24.900932	24.940699	24.897711	24.856302	24.859493	24.941223	24.911703	24.919716	24.927593	24.883593	24.917625	24.89959	24.912395	24.904245	24.900555	24.951082	24.971598	24.953014	24.980358	24.945469	24.975182	24.945419	24.960562	24.962486	24.945498	24.996576	24.978928	24.950184	25.01935	24.954805	24.995205	24.996994	24.99939	25.016542	24.998207	25.002611	25.004124	25.056637	25.060215	25.028524	24.993193	24.989506	25.004131	24.999886
465	25.236794	25.257296	25.209389	25.230751	25.240145	25.268534	25.21081	25.218143	25.271276	25.193647	25.199568	25.248823	25.225538	25.195694	25.243336	25.290981	25.216076	25.254953	25.294109	25.253832	25.206753	25.212517	25.292835	25.264254	25.271555	25.27836	25.232044	25.268768	25.249308	25.261795	25.251038	25.250801	25.300249	25.320726	25.299284	25.327143	25.293079	25.320765	25.288534	25.305492	25.308475	25.290409	25.341839	25.32357	25.292435	25.362932	25.300785	25.337875	25.340366	25.341478	25.359344	25.339588	25.34556	25.346071	25.399103	25.401119	25.36985	25.334	25.330799	25.343111	25.340887
466	25.599251	25.617313	25.56671	25.588825	25.597763	25.624073	25.566069	25.569502	25.622786	25.54731	25.550854	25.5987	25.576635	25.545153	25.592821	25.639702	25.564787	25.601473	25.640038	25.602409	25.549782	25.558064	25.636995	25.609344	25.615942	25.621696	25.573114	25.612471	25.591618	25.603794	25.590483	25.59363	25.642023	25.66246	25.638216	25.666586	25.633324	25.659025	25.62438	25.643116	25.647133	25.628012	25.67979	25.660917	25.627439	25.699238	25.639439	25.673288	25.676464	25.676315	25.694889	25.67374	25.681252	25.680777	25.734312	25.734795	25.703945	25.667587	25.664865	25.67491	25.674673
467	26.016304	26.028656	25.978037	25.996643	26.002434	26.030027	25.972683	25.972525	26.026106	25.94842	25.95118	25.998882	25.974312	25.945312	25.990311	26.033422	25.962595	25.996204	26.033655	25.995836	25.945499	25.951996	26.028883	26.001675	26.006275	26.011927	25.963053	26.001593	25.981071	25.993797	25.979063	25.982201	26.029869	26.048798	26.024601	26.051611	26.01705	26.044754	26.009825	26.028526	26.03124	26.010006	26.063204	26.042807	26.008972	26.080959	26.01836	26.053909	26.057213	26.059082	26.074013	26.053583	26.060749	26.060238	26.110872	26.113712	26.082272	26.044872	26.042622	26.05176	26.052225
468	26.433313	26.439613	26.389345	26.403927	26.406261	26.435575	26.37899	26.375351	26.429251	26.348797	26.351007	26.398739	26.371199	26.345201	26.387205	26.426214	26.359951	26.39043	26.426702	26.388323	26.341291	26.345459	26.420238	26.393402	26.395863	26.401543	26.352655	26.389927	26.369965	26.383341	26.367369	26.370037	26.417038	26.434294	26.410521	26.435938	26.399824	26.430025	26.395109	26.413527	26.41465	26.391199	26.445934	26.423916	26.390001	26.462025	26.395983	26.433861	26.437218	26.441505	26.452272	26.432842	26.439411	26.438993	26.486313	26.492002	26.459841	26.421347	26.419554	26.427988	26.428974
469	26.841774	26.842148	26.792225	26.802862	26.801809	26.832802	26.776972	26.769924	26.824135	26.740969	26.74264	26.790398	26.759953	26.736891	26.775965	26.810955	26.749161	26.776573	26.811701	26.772762	26.728973	26.730856	26.803577	26.7771	26.777468	26.783176	26.734268	26.770296	26.750887	26.7649	26.747713	26.749924	26.796268	26.81188	26.788527	26.812393	26.77475	26.8074	26.772499	26.790642	26.790201	26.764574	26.820818	26.797216	26.763216	26.835281	26.76586	26.806025	26.809433	26.816092	26.822788	26.804329	26.810312	26.809984	26.854061	26.862535	26.829672	26.790106	26.788763	26.796509	26.797998
470	27.273804	27.270742	27.219767	27.227699	27.225187	27.255226	27.198145	27.189985	27.243053	27.159702	27.160009	27.207788	27.175293	27.15242	27.189919	27.223143	27.161425	27.188931	27.221123	27.18137	27.138948	27.139797	27.211884	27.182983	27.184223	27.189541	27.14118	27.174919	27.155954	27.169577	27.151426	27.152025	27.198612	27.212984	27.188507	27.21405	27.173943	27.208063	27.17248	27.189425	27.189402	27.162764	27.21825	27.193378	27.16046	27.231533	27.161364	27.200884	27.204433	27.212301	27.216396	27.199772	27.204906	27.202118	27.246771	27.25412	27.222145	27.182236	27.181425	27.187889	27.189272
471	27.723446	27.718977	27.665823	27.67207	27.669674	27.696615	27.636656	27.629257	27.680004	27.598528	27.596804	27.644596	27.610743	27.585831	27.622854	27.656164	27.590942	27.621122	27.64893	27.608147	27.565569	27.566416	27.639025	27.605438	27.609962	27.61455	27.56719	27.597794	27.579195	27.591578	27.572689	27.570747	27.618292	27.63175	27.60491	27.634754	27.591423	27.626211	27.589386	27.60438	27.606388	27.579683	27.632576	27.606689	27.575802	27.645046	27.576273	27.612772	27.616543	27.624664	27.627363	27.613279	27.617342	27.610022	27.658352	27.661409	27.63162	27.591949	27.591736	27.596447	27.597227
472	28.163958	28.158115	28.102831	28.10743	28.105133	28.129047	28.066271	28.059614	28.108093	28.028437	28.024733	28.072542	28.037361	28.010441	28.04701	28.080399	28.011742	28.04454	28.068054	28.026264	27.983538	27.984371	28.057501	28.019323	28.027058	28.03093	27.984554	28.012094	27.993847	28.005016	27.985403	27.980974	28.029451	28.042027	28.012865	28.046915	28.000435	28.035868	27.997833	28.010925	28.01491	27.988148	28.038496	28.011623	27.982716	28.050169	27.982765	28.016302	28.020283	28.028658	28.029993	28.018389	28.021414	28.009653	28.06159	28.060436	28.032789	27.993351	27.993723	27.996719	27.996904
473	28.607964	28.599844	28.542316	28.545851	28.543314	28.564014	28.499302	28.492785	28.538826	28.460163	28.455166	28.502172	28.465658	28.437614	28.47307	28.506338	28.435266	28.469879	28.489912	28.447575	28.404633	28.404888	28.477734	28.436693	28.446308	28.449446	28.404337	28.429348	28.410431	28.420723	28.400782	28.394281	28.442924	28.455044	28.423962	28.46052	28.411856	28.447311	28.408443	28.42001	28.425459	28.398514	28.446917	28.419426	28.391632	28.457897	28.391201	28.422504	28.426626	28.434536	28.43507	28.424948	28.427139	28.412142	28.466473	28.462425	28.435928	28.396801	28.396952	28.398863	28.398382
474	29.088799	29.074949	29.014688	29.019249	29.01519	29.031818	28.968296	28.959719	29.002562	28.921885	28.918087	28.961229	28.923311	28.897285	28.929171	28.96159	28.891695	28.92528	28.944603	28.903378	28.859997	28.857553	28.927156	28.889421	28.896151	28.898439	28.855696	28.88003	28.856653	28.867241	28.848415	28.841248	28.887241	28.900455	28.868809	28.901783	28.854382	28.887575	28.849205	28.860563	28.865627	28.838072	28.88661	28.859821	28.83004	28.897226	28.828875	28.860497	28.864491	28.869286	28.871044	28.858822	28.860907	28.846889	28.899326	28.897041	28.86813	28.829586	28.826544	28.829664	28.828207
475	29.559395	29.539949	29.477009	29.482573	29.477018	29.489666	29.427305	29.416716	29.456434	29.373779	29.371157	29.410521	29.371225	29.347178	29.375565	29.407152	29.338408	29.370985	29.389616	29.34948	29.305672	29.300579	29.367014	29.332516	29.336422	29.337873	29.297447	29.321119	29.293377	29.30426	29.286522	29.278702	29.3221	29.33639	29.304192	29.333656	29.287487	29.318464	29.280584	29.291742	29.296429	29.268274	29.316944	29.290844	29.259115	29.327202	29.257235	29.289165	29.293037	29.294788	29.297739	29.283464	29.285442	29.272387	29.322973	29.322411	29.291132	29.25316	29.246994	29.251295	29.248882
476	30.020073	29.99514	29.929585	29.936129	29.92911	29.93786	29.876635	29.864077	29.900732	29.816147	29.814672	29.85034	29.809696	29.787584	29.812548	29.843321	29.7757	29.807293	29.825249	29.786175	29.741949	29.734268	29.797598	29.766268	29.767408	29.768044	29.729885	29.752907	29.720894	29.732059	29.715391	29.706934	29.747793	29.763136	29.730392	29.756424	29.71146	29.740271	29.702869	29.713831	29.718143	29.689407	29.738205	29.712782	29.679144	29.748116	29.676559	29.708799	29.712549	29.711315	29.715439	29.69915	29.701031	29.68891	29.73768	29.738808	29.705217	29.667803	29.658581	29.664036	29.660686
477	30.505117	30.474789	30.410559	30.410995	30.404699	30.411083	30.347654	30.335192	30.370193	30.286318	30.282507	30.315828	30.277517	30.253309	30.277386	30.30442	30.237289	30.266985	30.283356	30.244123	30.199957	30.191071	30.25392	30.221361	30.221943	30.223995	30.181042	30.2043	30.174313	30.184217	30.166885	30.156704	30.1987	30.209991	30.179119	30.202726	30.160316	30.187595	30.149599	30.159798	30.162706	30.13558	30.181122	30.155281	30.124458	30.188877	30.118355	30.149326	30.153231	30.151648	30.154345	30.137634	30.139482	30.127672	30.173847	30.175167	30.141434	30.104616	30.096153	30.101902	30.096811
478	30.983671	30.948067	30.885685	30.879154	30.873871	30.878147	30.812096	30.800018	30.83359	30.750774	30.744194	30.7754	30.739889	30.71307	30.736631	30.75959	30.692858	30.720562	30.735254	30.695702	30.651659	30.641783	30.704519	30.670151	30.670496	30.674244	30.625612	30.649223	30.622089	30.630552	30.612326	30.600309	30.643923	30.650551	30.621836	30.643213	30.603489	30.629353	30.59063	30.600006	30.601391	30.576151	30.618027	30.591631	30.564219	30.623425	30.554277	30.583786	30.587879	30.586317	30.587261	30.570354	30.572182	30.560589	30.604109	30.605412	30.571842	30.535614	30.528419	30.53434	30.527428
479	31.451139	31.410381	31.349806	31.336472	31.332174	31.334389	31.265783	31.254074	31.286249	31.204473	31.195185	31.224331	31.191549	31.162182	31.185236	31.204218	31.137871	31.16363	31.176683	31.136816	31.092897	31.082052	31.144682	31.108549	31.108656	31.114059	31.059889	31.083843	31.059494	31.066549	31.047445	31.033638	31.078833	31.080898	31.054295	31.07349	31.036394	31.060875	31.021442	31.03001	31.029915	31.006512	31.044811	31.01787	30.99379	31.047901	30.980099	31.008184	31.012463	31.010918	31.010151	30.993053	30.994856	30.983479	31.024405	31.025696	30.992279	30.956627	30.950674	30.956757	30.948072
480	31.928301	31.883514	31.821966	31.80595	31.799408	31.799242	31.73027	31.717485	31.747255	31.665707	31.65518	31.683329	31.650633	31.618128	31.640804	31.658325	31.590736	31.614956	31.627062	31.587523	31.542801	31.532251	31.593218	31.555584	31.554968	31.559471	31.504362	31.527529	31.504187	31.509897	31.488968	31.475513	31.52042	31.520254	31.494078	31.513113	31.47563	31.499985	31.460167	31.467203	31.46607	31.44311	31.480452	31.452787	31.428677	31.480595	31.413639	31.440359	31.443951	31.443579	31.440315	31.42366	31.424246	31.41419	31.452774	31.452316	31.421381	31.385481	31.378561	31.385544	31.375414
481	32.411186	32.363327	32.298531	32.283234	32.271793	32.268986	32.201458	32.186417	32.212955	32.13097	32.120419	32.148449	32.113659	32.077557	32.099953	32.118092	32.047932	32.070953	32.082684	32.044003	31.997713	31.988499	32.046539	32.007626	32.005882	32.007393	31.955141	31.976593	31.952778	31.957212	31.933668	31.922344	31.96542	31.964954	31.937813	31.958353	31.918007	31.94327	31.903332	31.908249	31.90645	31.88279	31.921335	31.892799	31.865889	31.918005	31.851486	31.876904	31.879091	31.880835	31.874445	31.858747	31.857136	31.849316	31.885773	31.882149	31.855589	31.818768	31.809065	31.817547	31.806261
482	32.882446	32.831585	32.763615	32.749031	32.732807	32.727425	32.661308	32.644054	32.667446	32.58503	32.574455	32.602371	32.565544	32.525921	32.54805	32.566792	32.494122	32.515968	32.527332	32.489494	32.441673	32.433762	32.488941	32.448784	32.445942	32.444527	32.395069	32.414841	32.390572	32.393761	32.367664	32.358418	32.399704	32.398949	32.370861	32.392872	32.349731	32.375889	32.335835	32.338676	32.336227	32.311886	32.351604	32.32222	32.292576	32.344883	32.278797	32.302937	32.303761	32.307568	32.298122	32.28336	32.279606	32.273968	32.308342	32.301636	32.279346	32.241623	32.22921	32.239151	32.226734
483	33.348186	33.294525	33.223526	33.208797	33.188293	33.180595	33.115807	33.09618	33.117004	33.033539	33.023228	33.050224	33.010975	32.968929	32.990734	33.009899	32.935123	32.955769	32.966568	32.929184	32.880367	32.873154	32.926006	32.884811	32.880405	32.876884	32.829651	32.847988	32.823093	32.825062	32.797413	32.789539	32.828876	32.827892	32.799103	32.82169	32.776897	32.802734	32.76273	32.764141	32.761478	32.73597	32.776318	32.74646	32.714375	32.766617	32.701111	32.724369	32.724033	32.728939	32.717369	32.703068	32.697922	32.693386	32.726231	32.717426	32.697346	32.658646	32.645245	32.655491	32.642372
484	33.824924	33.769058	33.69532	33.677269	33.654099	33.644882	33.581219	33.558403	33.57869	33.491756	33.482807	33.505775	33.462547	33.422012	33.443268	33.462208	33.386707	33.405945	33.415379	33.377052	33.329166	33.320438	33.372822	33.331306	33.32346	33.320778	33.273808	33.291492	33.265282	33.266068	33.24049	33.231472	33.268089	33.267117	33.238445	33.258293	33.216068	33.237015	33.197697	33.199959	33.198715	33.170158	33.209084	33.180161	33.146557	33.19775	33.133446	33.157234	33.156467	33.158916	33.148575	33.13298	33.129128	33.121738	33.154999	33.147682	33.122234	33.082165	33.074234	33.080425	33.068188
485	34.290642	34.232613	34.1562	34.134907	34.109123	34.098431	34.035866	34.00993	34.029694	33.939381	33.931755	33.950787	33.903671	33.864613	33.885338	33.904057	33.827843	33.845711	33.853809	33.81456	33.76759	33.757381	33.809299	33.767475	33.756264	33.754406	33.707691	33.724739	33.697247	33.696873	33.673317	33.663181	33.697147	33.696182	33.667625	33.684795	33.645077	33.661243	33.622597	33.625702	33.625835	33.594299	33.63184	33.603825	33.568745	33.618912	33.555782	33.58009	33.578896	33.578945	33.569801	33.552948	33.550365	33.54018	33.573849	33.567982	33.537285	33.495884	33.493298	33.495533	33.484158
486	34.745716	34.685577	34.606548	34.582088	34.553753	34.541622	34.480125	34.451141	34.470398	34.376778	34.370445	34.385635	34.334721	34.2971	34.317303	34.335812	34.258904	34.275429	34.282227	34.242069	34.195992	34.184338	34.235806	34.193672	34.179176	34.178127	34.131657	34.148087	34.119343	34.117836	34.096256	34.085026	34.116398	34.115448	34.087002	34.101562	34.064281	34.075787	34.037796	34.041718	34.043201	34.008751	34.044941	34.017815	33.981281	34.030453	33.968472	33.993279	33.991676	33.989376	33.981403	33.963322	33.961975	33.949066	33.983128	33.97868	33.94286	33.90015	33.902786	33.901157	33.890625
487	35.210697	35.14563	35.06551	35.039635	35.0089	34.996632	34.932461	34.903347	34.920105	34.827934	34.81773	34.831802	34.780788	34.743324	34.760349	34.7775	34.701927	34.716297	34.722687	34.680573	34.633984	34.621571	34.671913	34.630058	34.616547	34.613773	34.567204	34.581635	34.553905	34.549393	34.527222	34.516808	34.546646	34.546013	34.516434	34.528503	34.492184	34.50341	34.463337	34.46843	34.467567	34.434643	34.471794	34.443073	34.405888	34.45443	34.391804	34.414135	34.413532	34.409363	34.402954	34.385063	34.38205	34.369698	34.402103	34.397083	34.362209	34.319649	34.320614	34.318439	34.306889
488	35.669167	35.598843	35.517864	35.49086	35.457794	35.445583	35.378235	35.349419	35.363422	35.273376	35.258614	35.27198	35.22142	35.183922	35.19743	35.213081	35.139114	35.151245	35.15736	35.113171	35.065872	35.052822	35.101952	35.060455	35.048546	35.043713	34.996994	35.009254	34.982853	34.975109	34.951981	34.942646	34.971138	34.97086	34.93998	34.949627	34.914024	34.925625	34.883106	34.8894	34.885689	34.854912	34.89336	34.862701	34.824989	34.872967	34.809448	34.828903	34.829487	34.823547	34.818741	34.801239	34.796173	34.784851	34.815319	34.809448	34.77639	34.7342	34.732502	34.730282	34.717453
489	36.118378	36.042904	35.96109	35.93298	35.897629	35.885464	35.815006	35.78648	35.797794	35.709827	35.690594	35.703274	35.653156	35.61562	35.625683	35.639866	35.567478	35.577415	35.583263	35.537033	35.48904	35.475365	35.523308	35.482159	35.471821	35.464966	35.418098	35.428234	35.403137	35.392227	35.368164	35.35989	35.387058	35.387127	35.354977	35.362247	35.327347	35.339317	35.294403	35.301868	35.295372	35.266697	35.306412	35.273857	35.23563	35.283051	35.218655	35.235294	35.237045	35.229378	35.226135	35.209015	35.201927	35.19162	35.220196	35.213486	35.182209	35.140373	35.136078	35.133808	35.119732
490	36.566483	36.486797	36.403763	36.373829	36.338768	36.323639	36.251839	36.222679	36.231613	36.144596	36.123188	36.135094	36.085384	36.045982	36.053761	36.067131	35.994251	36.003353	36.008617	35.961678	35.912842	35.898907	35.944908	35.904453	35.893898	35.885719	35.838501	35.847069	35.823051	35.810894	35.78648	35.777241	35.803162	35.80357	35.770233	35.77787	35.742413	35.75383	35.708107	35.715576	35.708118	35.67997	35.718105	35.685532	35.64867	35.694225	35.630253	35.645954	35.646019	35.638569	35.635773	35.617859	35.610535	35.599831	35.627361	35.620121	35.589596	35.548893	35.542152	35.539982	35.52533
491	37.0131	36.930019	36.845444	36.813072	36.780495	36.759823	36.688202	36.657619	36.66444	36.577404	36.555786	36.566837	36.517517	36.474686	36.481174	36.494289	36.419167	36.428593	36.432995	36.386482	36.33667	36.322792	36.366211	36.326729	36.314453	36.305531	36.257797	36.26527	36.242149	36.230373	36.206116	36.194191	36.218925	36.219669	36.185207	36.195553	36.158455	36.168556	36.123383	36.129837	36.122986	36.094013	36.128147	36.097157	36.063271	36.105843	36.0434	36.059769	36.055706	36.050148	36.046837	36.027126	36.021088	36.008789	36.036003	36.028488	35.997833	35.958923	35.949875	35.947929	35.933273
492	37.451641	37.365223	37.279129	37.244373	37.214237	37.188118	37.11668	37.084694	37.089443	37.002392	36.980564	36.99078	36.941833	36.895638	36.90086	36.913715	36.836391	36.846138	36.849693	36.803608	36.752834	36.739017	36.779896	36.741375	36.727394	36.717751	36.66951	36.675915	36.653671	36.642269	36.61816	36.603592	36.627167	36.628242	36.592686	36.605682	36.566978	36.575779	36.531147	36.536606	36.530354	36.500568	36.530777	36.501339	36.470371	36.51001	36.44907	36.466103	36.457981	36.454288	36.450466	36.428986	36.424213	36.410351	36.437248	36.429466	36.398689	36.361538	36.350227	36.348499	36.333839
493	37.883568	37.793465	37.706169	37.66938	37.640598	37.610443	37.538788	37.505352	37.508141	37.421112	37.398849	37.408085	37.359634	37.31105	37.315353	37.327091	37.248398	37.258022	37.260853	37.214973	37.163689	37.149479	37.188072	37.149979	37.135029	37.124352	37.075882	37.08136	37.059464	37.048714	37.024315	37.007702	37.030003	37.031044	36.994846	37.009518	36.969437	36.977173	36.932735	36.937176	36.931576	36.901005	36.928005	36.899925	36.870918	36.908352	36.848511	36.866016	36.854839	36.851856	36.848007	36.824932	36.821129	36.805737	36.832367	36.824585	36.792942	36.757355	36.744827	36.742992	36.728294
494	38.312859	38.217499	38.130196	38.092678	38.060993	38.032227	37.958778	37.923599	37.924782	37.837936	37.814297	37.821934	37.774441	37.72728	37.732002	37.739098	37.662285	37.670048	37.672592	37.626064	37.576027	37.55957	37.596767	37.556969	37.543934	37.530914	37.483341	37.488441	37.464764	37.455826	37.42934	37.412937	37.43346	37.433044	37.397953	37.410458	37.369881	37.377415	37.331795	37.335072	37.330379	37.299095	37.325588	37.298157	37.267365	37.305389	37.245094	37.262375	37.251957	37.245117	37.243141	37.219093	37.215122	37.198292	37.224815	37.218086	37.182583	37.147835	37.138256	37.134983	37.12009
495	38.73455	38.634033	38.546719	38.508492	38.473953	38.446548	38.371338	38.334442	38.334049	38.247383	38.222385	38.228451	38.181904	38.136135	38.141281	38.143806	38.068848	38.07478	38.077038	38.029881	37.981071	37.96241	37.998234	37.956764	37.945602	37.930283	37.883587	37.888321	37.862892	37.855728	37.827194	37.811001	37.829773	37.827934	37.793934	37.804302	37.763233	37.770569	37.723789	37.725929	37.72213	37.690144	37.716137	37.689339	37.656799	37.695396	37.634659	37.651726	37.642048	37.631416	37.63129	37.606277	37.602146	37.583897	37.610321	37.604626	37.565327	37.531406	37.524719	37.520042	37.504951
496	39.148842	39.043251	38.955925	38.917	38.879658	38.853596	38.776649	38.738075	38.736134	38.649647	38.623314	38.627842	38.582218	38.537823	38.543369	38.541409	38.468277	38.472408	38.474388	38.426609	38.379005	38.358177	38.392651	38.349541	38.340221	38.322647	38.276814	38.281174	38.254036	38.248615	38.218063	38.20208	38.219135	38.215885	38.182961	38.191231	38.149689	38.15683	38.108906	38.109924	38.107002	38.074318	38.099831	38.073654	38.039398	38.07856	38.017387	38.034237	38.025291	38.010933	38.012619	37.986668	37.982376	37.96273	37.989056	37.984379	37.941349	37.908245	37.904396	37.898335	37.883057
497	39.557896	39.451534	39.36211	39.322437	39.279427	39.254932	39.177261	39.138626	39.134014	39.047588	39.021133	39.024918	38.977345	38.931988	38.937603	38.935032	38.861965	38.866146	38.866745	38.817764	38.770519	38.74836	38.783993	38.739277	38.729198	38.712116	38.665707	38.66943	38.641571	38.635124	38.604946	38.587646	38.606731	38.602489	38.567581	38.576206	38.535889	38.541569	38.49308	38.494045	38.489182	38.457512	38.483177	38.454948	38.421135	38.458275	38.398125	38.414684	38.404606	38.39101	38.391285	38.365978	38.361427	38.341377	38.366463	38.36142	38.319733	38.287689	38.28196	38.275543	38.259766
498	39.95911	39.85268	39.760857	39.720448	39.671398	39.648487	39.570267	39.531826	39.524414	39.438026	39.411655	39.414825	39.364883	39.318199	39.323822	39.321285	39.248009	39.252518	39.251595	39.201324	39.154305	39.130974	39.168159	39.121857	39.110611	39.094467	39.047249	39.050308	39.021904	39.014	38.98457	38.965725	38.987411	38.982262	38.94492	38.954277	38.915451	38.919483	38.870537	38.871609	38.864388	38.833988	38.859901	38.829239	38.796211	38.830948	38.772034	38.7883	38.776802	38.764671	38.763042	38.738621	38.733803	38.713512	38.737209	38.731579	38.69202	38.66106	38.652729	38.646118	38.629803
499	40.352329	40.245831	40.151665	40.110523	40.055561	40.034191	39.955433	39.917191	39.907024	39.82069	39.794388	39.796963	39.744694	39.696724	39.702354	39.699833	39.626347	39.631191	39.628773	39.577248	39.530445	39.505966	39.544659	39.496811	39.484425	39.469189	39.421196	39.423588	39.394657	39.385319	39.356621	39.336277	39.360508	39.354465	39.314732	39.324818	39.287437	39.289864	39.240463	39.241657	39.232117	39.202965	39.229122	39.19606	39.163799	39.196182	39.138489	39.154469	39.141575	39.130886	39.127392	39.10384	39.098751	39.07822	39.100552	39.094353	39.056885	39.026989	39.016106	39.009312	38.992466
500	40.736523	40.629276	40.533344	40.490463	40.433388	40.411411	40.33094	40.293468	40.283691	40.195961	40.169079	40.172039	40.118954	40.069607	40.074913	40.072132	39.998241	40.002731	40.000336	39.947365	39.900978	39.875309	39.913307	39.865868	39.852505	39.837334	39.789066	39.790588	39.760544	39.750076	39.721508	39.701355	39.725666	39.718628	39.678852	39.688892	39.650612	39.653595	39.604603	39.604259	39.594757	39.56575	39.591671	39.556458	39.52504	39.55658	39.498699	39.513744	39.501369	39.491261	39.486778	39.464458	39.457047	39.437275	39.458889	39.452175	39.415459	39.386536	39.37429	39.366676	39.350555
501	41.11108	41.002487	40.905331	40.85981	40.803997	40.779522	40.696285	40.660107	40.653507	40.563103	40.535053	40.539268	40.486732	40.435925	40.440617	40.437313	40.362865	40.366383	40.36536	40.310791	40.264999	40.238083	40.273441	40.228138	40.213943	40.19809	40.150009	40.150471	40.118809	40.107483	40.078499	40.060051	40.082241	40.07412	40.0364	40.045704	40.004429	40.009895	39.962078	39.958733	39.951363	39.921524	39.946781	39.909634	39.879139	39.911167	39.851868	39.865387	39.85524	39.84494	39.840271	39.819492	39.80793	39.789799	39.811287	39.804096	39.766945	39.738903	39.726368	39.717365	39.703091
502	41.477146	41.367237	41.268875	41.220772	41.166203	41.139271	41.053341	41.018425	41.014931	40.921913	40.892723	40.898163	40.846165	40.79393	40.798023	40.794216	40.719208	40.721775	40.722103	40.665962	40.620758	40.592632	40.625397	40.582188	40.567188	40.550663	40.502762	40.502186	40.468941	40.456776	40.427391	40.41061	40.430729	40.421543	40.38583	40.394424	40.350216	40.358112	40.31144	40.305157	40.299881	40.26923	40.293827	40.254799	40.225193	40.25771	40.197025	40.209053	40.201084	40.190598	40.185734	40.166466	40.150852	40.134323	40.155689	40.148033	40.110451	40.083275	40.070457	40.060101	40.047623
503	41.834614	41.723442	41.62413	41.573875	41.520428	41.491032	41.403122	41.368664	41.367386	41.273106	41.243111	41.248814	41.19709	41.143635	41.147152	41.142715	41.067513	41.069084	41.069977	41.013264	40.967979	40.939369	40.969818	40.928307	40.912582	40.895512	40.847431	40.846313	40.811687	40.79916	40.769432	40.753742	40.772018	40.762074	40.727734	40.735401	40.689346	40.69886	40.653149	40.645073	40.64085	40.609406	40.633404	40.593513	40.564228	40.597111	40.535568	40.546322	40.539959	40.529091	40.523724	40.505543	40.487144	40.471687	40.492962	40.484699	40.447338	40.420078	40.407322	40.396099	40.384941
504	42.181747	42.069454	41.970234	41.919498	41.866734	41.834633	41.747669	41.710278	41.707539	41.617718	41.588287	41.59013	41.53759	41.483696	41.486691	41.481068	41.407185	41.407494	41.405655	41.352566	41.304367	41.278374	41.307487	41.26609	41.249973	41.232826	41.182995	41.18343	41.148178	41.137352	41.107475	41.090508	41.107777	41.098316	41.062759	41.068493	41.025101	41.03289	40.987411	40.982281	40.9748	40.94257	40.966145	40.929722	40.898331	40.931087	40.870918	40.881245	40.874134	40.86198	40.854729	40.835892	40.819977	40.803417	40.824718	40.815197	40.780865	40.749451	40.73822	40.728142	40.716366
505	42.520107	42.406719	42.307583	42.256378	42.204281	42.169548	42.083508	42.043259	42.039093	41.953625	41.924744	41.922817	41.86948	41.815155	41.817646	41.810867	41.73827	41.737347	41.732838	41.683289	41.632252	41.608803	41.636616	41.595333	41.578835	41.561615	41.510071	41.51202	41.476166	41.466995	41.43697	41.418755	41.435043	41.426056	41.389313	41.393162	41.35236	41.358479	41.313221	41.310963	41.300301	41.267311	41.290466	41.257435	41.22398	41.256615	41.197796	41.207691	41.199856	41.186451	41.177364	41.15789	41.144398	41.126762	41.148079	41.137341	41.105949	41.070496	41.060749	41.051796	41.039406
506	42.850018	42.735561	42.636509	42.584846	42.533405	42.496101	42.410957	42.36792	42.36237	42.281139	42.252792	42.247196	42.193077	42.138336	42.140331	42.132431	42.061085	42.05896	42.051857	42.005753	41.951942	41.930984	41.957527	41.916351	41.899487	41.882191	41.828983	41.832413	41.795963	41.788406	41.758236	41.738808	41.754147	41.745613	41.707714	41.709721	41.671452	41.67593	41.630901	41.631435	41.617676	41.583939	41.606693	41.576962	41.5415	41.574013	41.516506	41.525993	41.517445	41.502823	41.491947	41.471848	41.460712	41.442032	41.463371	41.451439	41.422924	41.383526	41.375225	41.367363	41.354382
507	43.182217	43.065292	42.963177	42.912025	42.860249	42.821236	42.736111	42.693035	42.68618	42.604801	42.574615	42.568298	42.514915	42.462795	42.461666	42.454025	42.381863	42.379627	42.371742	42.325081	42.272953	42.251083	42.276966	42.23468	42.216614	42.199757	42.147907	42.149399	42.115086	42.105316	42.076309	42.056309	42.069824	42.061802	42.024715	42.025753	41.987366	41.992508	41.948776	41.947128	41.933796	41.901703	41.923256	41.89159	41.8577	41.889324	41.831894	41.842117	41.831646	41.819809	41.807106	41.786774	41.77647	41.757374	41.777592	41.765865	41.738132	41.698956	41.690445	41.680492	41.668243
508	43.506969	43.387383	43.281727	43.231243	43.178967	43.138432	43.053173	43.01054	43.002434	42.920135	42.887745	42.881237	42.828838	42.779816	42.775166	42.768021	42.694698	42.692551	42.684216	42.636311	42.586605	42.563255	42.5886	42.545002	42.525627	42.509289	42.459297	42.458302	42.426552	42.413948	42.386307	42.365856	42.377441	42.369926	42.333988	42.334221	42.295258	42.301449	42.259182	42.254528	42.242222	42.212162	42.232395	42.197926	42.166199	42.196812	42.139248	42.150391	42.137821	42.129406	42.114922	42.094429	42.084667	42.065281	42.084206	42.072922	42.045582	42.007355	41.998348	41.985786	41.974499
509	43.82262	43.700455	43.591351	43.541519	43.488758	43.446743	43.361355	43.319149	43.30983	43.226643	43.192101	43.185406	43.133965	43.087952	43.079876	43.073227	42.998772	42.996712	42.987938	42.938824	42.891476	42.86668	42.891502	42.846638	42.825981	42.810146	42.761963	42.758549	42.72929	42.713928	42.687614	42.666737	42.676441	42.669422	42.63459	42.634048	42.594528	42.601738	42.56089	42.553318	42.542011	42.51392	42.532875	42.495678	42.466061	42.495689	42.437988	42.450027	42.435421	42.430332	42.414112	42.393463	42.384228	42.364559	42.382221	42.371376	42.344418	42.30711	42.297623	42.282528	42.272171
510	44.131565	44.008171	43.898052	43.847927	43.793468	43.750877	43.665398	43.623398	43.612938	43.530437	43.494476	43.487274	43.436001	43.390598	43.381783	43.374367	43.300003	43.298306	43.288891	43.238728	43.19199	43.167999	43.190945	43.144989	43.125187	43.109028	43.062	43.057976	43.029255	43.012943	42.987026	42.96558	42.975254	42.968216	42.933197	42.932587	42.893024	42.899807	42.859215	42.850353	42.841278	42.812637	42.831631	42.792732	42.763462	42.793526	42.735744	42.74654	42.731956	42.726734	42.710556	42.690907	42.680695	42.66193	42.678078	42.667084	42.639961	42.604221	42.593445	42.578297	42.567562
511	44.433289	44.309944	44.201061	44.149769	44.092484	44.050167	43.964638	43.922634	43.911095	43.830761	43.794052	43.786049	43.734215	43.687191	43.680119	43.670773	43.597649	43.596565	43.586327	43.535259	43.487514	43.466412	43.486217	43.439346	43.422363	43.405109	43.358635	43.355694	43.325691	43.310112	43.28373	43.261585	43.272938	43.265419	43.228996	43.228989	43.189861	43.194878	43.153454	43.144836	43.139114	43.107582	43.127846	43.088192	43.057648	43.089458	43.031639	43.039211	43.026566	43.01799	43.003506	42.985924	42.973347	42.956577	42.970982	42.95929	42.931515	42.897923	42.885109	42.872231	42.859886
512	44.725998	44.602699	44.495026	44.442593	44.382565	44.340511	44.254936	44.212925	44.200344	44.122108	44.084682	44.075901	44.023514	43.974922	43.969543	43.958328	43.886398	43.885914	43.874878	43.822937	43.774212	43.755905	43.772663	43.724911	43.710667	43.692352	43.646412	43.644516	43.613266	43.598396	43.571564	43.548748	43.561726	43.553741	43.515961	43.516533	43.477829	43.481136	43.4389	43.430515	43.428055	43.393711	43.415207	43.374825	43.343048	43.376549	43.318691	43.323139	43.312378	43.300541	43.287704	43.272133	43.257252	43.242432	43.255135	43.242775	43.214355	43.18285	43.16806	43.157387	43.143482
513	45.012344	44.888954	44.782318	44.728912	44.666595	44.624657	44.539383	44.497238	44.483505	44.406845	44.368832	44.359612	44.306667	44.257061	44.252609	44.240032	44.168999	44.168861	44.157227	44.104679	44.055195	44.038582	44.053207	44.00489	43.992638	43.973709	43.92828	43.927158	43.894871	43.880413	43.853203	43.829903	43.844036	43.835709	43.797039	43.797813	43.759701	43.761421	43.718422	43.710487	43.709969	43.673904	43.696087	43.65543	43.622734	43.657024	43.599361	43.602016	43.592148	43.577766	43.566364	43.552032	43.535583	43.52203	43.533524	43.520657	43.491856	43.461914	43.445606	43.436802	43.421616
514	45.300751	45.176632	45.070381	45.016651	44.953903	44.911407	44.828072	44.785172	44.769661	44.692287	44.654274	44.646175	44.592541	44.544453	44.537407	44.525696	44.454216	44.453316	44.441975	44.390015	44.340714	44.320782	44.337322	44.289883	44.276344	44.258846	44.213894	44.212326	44.179844	44.16444	44.137154	44.114231	44.127419	44.119328	44.081898	44.081066	44.044392	44.044952	44.001312	43.994888	43.990334	43.957458	43.977852	43.939026	43.906803	43.937729	43.881351	43.888321	43.874763	43.860924	43.850113	43.833553	43.818806	43.803467	43.815907	43.803249	43.775269	43.744579	43.728741	43.720432	43.705132
515	45.580025	45.455204	45.349319	45.295288	45.232121	45.189087	45.107624	45.063988	45.046761	44.968697	44.930679	44.923668	44.869373	44.82275	44.813194	44.802322	44.730412	44.728771	44.717709	44.666317	44.617191	44.594048	44.612442	44.565861	44.551071	44.534958	44.490467	44.488472	44.455795	44.439476	44.412117	44.389557	44.401829	44.393967	44.357738	44.355358	44.320065	44.319515	44.275253	44.27029	44.261822	44.23204	44.250698	44.21365	44.181885	44.209545	44.154419	44.165562	44.148437	44.13512	44.124882	44.106167	44.093063	44.076	44.089352	44.076893	44.049709	44.018295	44.002907	43.995087	43.979675
516	45.85059	45.725079	45.619564	45.565228	45.501656	45.458103	45.378456	45.334106	45.315212	45.236481	45.19846	45.192497	45.137562	45.092361	45.080372	45.070316	44.997986	44.995628	44.984837	44.933998	44.885044	44.858788	44.878983	44.833221	44.817223	44.802456	44.758408	44.755997	44.723137	44.705929	44.678501	44.656296	44.667679	44.660042	44.624969	44.62109	44.587143	44.585503	44.540642	44.537102	44.524841	44.498055	44.51503	44.479706	44.448387	44.472881	44.418961	44.434151	44.413574	44.400757	44.391079	44.37027	44.358765	44.340031	44.354267	44.342003	44.31559	44.283478	44.268524	44.261173	44.245655
517	46.1259	45.999737	45.892735	45.836811	45.775364	45.730961	45.651928	45.608009	45.588581	45.509148	45.471298	45.463772	45.411324	45.365669	45.352955	45.342735	45.271191	45.268059	45.257183	45.206383	45.158108	45.132153	45.151634	45.106125	45.090115	45.075371	45.030281	45.028442	44.99654	44.978619	44.951283	44.930378	44.939632	44.93121	44.896744	44.891941	44.857437	44.856743	44.813503	44.80899	44.796326	44.76976	44.786057	44.751713	44.720711	44.744339	44.691216	44.705078	44.685715	44.67252	44.662743	44.64257	44.630844	44.613071	44.626766	44.613735	44.586971	44.555157	44.541214	44.532585	44.51881
518	46.394711	46.267925	46.159111	46.101387	46.042503	45.997215	45.918545	45.875263	45.855534	45.77541	45.737766	45.72821	45.678799	45.63232	45.619247	45.608665	45.538132	45.534237	45.523205	45.472343	45.424828	45.39983	45.418121	45.372753	45.35696	45.341984	45.295586	45.294498	45.263752	45.245171	45.217957	45.198505	45.205452	45.19606	45.162075	45.156487	45.121078	45.121685	45.080471	45.074547	45.062134	45.035252	45.051083	45.017555	44.986828	45.010059	44.957634	44.969154	44.951893	44.938148	44.928154	44.90913	44.896832	44.880512	44.893398	44.879436	44.852112	44.820778	44.807938	44.797726	44.786003
519	46.654678	46.527287	46.416721	46.357258	46.300854	46.254707	46.176388	46.133724	46.113705	46.032921	45.995472	45.983948	45.937473	45.890198	45.876778	45.865849	45.796288	45.791653	45.780476	45.729549	45.68277	45.658703	45.675846	45.630611	45.615032	45.599831	45.552166	45.551804	45.522179	45.502956	45.475861	45.457813	45.462521	45.452194	45.418678	45.412334	45.376041	45.377914	45.33865	45.33136	45.319202	45.292004	45.307392	45.274647	45.244194	45.267044	45.215286	45.224545	45.209312	45.195042	45.18483	45.166924	45.154076	45.139156	45.151264	45.136395	45.108532	45.077667	45.065884	45.054142	45.044403
520	46.910133	46.781368	46.670837	46.610714	46.55439	46.508785	46.430527	46.387653	46.367825	46.287598	46.250324	46.236794	46.192379	46.144165	46.130871	46.119617	46.050297	46.045185	46.033253	45.98336	45.937122	45.913654	45.929806	45.885078	45.869286	45.853306	45.805977	45.805161	45.775612	45.757156	45.730556	45.711655	45.716537	45.705299	45.672188	45.665936	45.628937	45.630959	45.593567	45.585419	45.573421	45.546013	45.560928	45.528038	45.498482	45.521061	45.470474	45.477985	45.463524	45.449139	45.439049	45.42128	45.407566	45.393532	45.405151	45.39072	45.362152	45.332195	45.320404	45.30835	45.298923
521	47.160854	47.029964	46.921227	46.861511	46.802887	46.759224	46.680733	46.636833	46.617668	46.539207	46.502079	46.486504	46.443275	46.393993	46.38129	46.369736	46.299942	46.294594	46.281322	46.233532	46.187641	46.164452	46.179771	46.135914	46.119488	46.102188	46.056786	46.05434	46.023849	46.007538	45.981819	45.959824	45.967262	45.955132	45.922367	45.917042	45.879505	45.880585	45.844986	45.836475	45.824547	45.797028	45.811455	45.777496	45.749458	45.771873	45.722946	45.729233	45.714291	45.700203	45.690563	45.671967	45.657074	45.643425	45.654842	45.642166	45.612728	45.584118	45.571251	45.560093	45.549328
522	47.402985	47.270039	47.163029	47.10371	47.042866	47.001072	46.922363	46.877468	46.858944	46.782188	46.745205	46.727657	46.685574	46.635254	46.623127	46.611279	46.541023	46.535454	46.520889	46.475128	46.429573	46.406647	46.421173	46.378155	46.361115	46.342545	46.298992	46.294975	46.263577	46.24934	46.224461	46.199482	46.209396	46.196396	46.163971	46.159546	46.121487	46.121647	46.08778	46.078926	46.06707	46.039436	46.053391	46.018402	45.991837	46.014084	45.966759	45.971863	45.956463	45.942661	45.933456	45.914059	45.898033	45.88475	45.895973	45.884991	45.854713	45.8274	45.813503	45.803207	45.791145
523	47.640411	47.505821	47.400387	47.341343	47.278728	47.238281	47.159706	47.113922	47.095837	47.020351	46.983715	46.964645	46.923203	46.872215	46.860676	46.848316	46.778084	46.772274	46.756615	46.712597	46.667305	46.644489	46.658348	46.615963	46.598495	46.5788	46.536861	46.531521	46.499538	46.486794	46.462395	46.4356	46.447048	46.433552	46.401447	46.397682	46.359406	46.358696	46.326084	46.316998	46.305244	46.277462	46.291115	46.255466	46.23003	46.251907	46.206013	46.210159	46.194496	46.180828	46.171997	46.151829	46.135216	46.12215	46.133099	46.123341	46.092651	46.066307	46.051727	46.042164	46.029053
524	47.888664	47.754333	47.649921	47.590488	47.52824	47.486538	47.410057	47.363811	47.345104	47.268803	47.233658	47.21524	47.171829	47.122036	47.111233	47.097103	47.029499	47.023315	47.007473	46.963959	46.918499	46.89502	46.908836	46.866062	46.849079	46.828888	46.787498	46.781956	46.75108	46.736969	46.711151	46.68848	46.696693	46.684612	46.652794	46.648537	46.611603	46.61013	46.576431	46.56768	46.556232	46.528046	46.542274	46.507843	46.481918	46.502228	46.457088	46.46133	46.446426	46.432106	46.423393	46.402466	46.388103	46.374454	46.384686	46.37381	46.34494	46.317951	46.304459	46.295021	46.282024
525	48.128014	47.993927	47.890507	47.830692	47.768795	47.725895	47.651421	47.604736	47.58543	47.508331	47.474628	47.456837	47.41153	47.362888	47.352783	47.336952	47.271881	47.265347	47.249313	47.206291	47.160675	47.136559	47.150341	47.107185	47.090683	47.07	47.029137	47.023399	46.993591	46.978161	46.950989	46.932281	46.937378	46.926655	46.895115	46.890385	46.854755	46.852543	46.817787	46.809372	46.79821	46.769638	46.78442	46.751152	46.724766	46.743565	46.69915	46.703484	46.68932	46.674362	46.665764	46.644108	46.631916	46.617706	46.627243	46.615288	46.588161	46.560558	46.548115	46.538807	46.525921
526	48.35891	48.225063	48.122589	48.062412	48.000862	47.956802	47.884266	47.837151	47.817276	47.739407	47.707092	47.689903	47.642776	47.595234	47.585815	47.568348	47.505714	47.498833	47.482632	47.440071	47.394299	47.369568	47.383312	47.339798	47.323753	47.302601	47.262253	47.256321	47.227539	47.210838	47.18235	47.167484	47.169567	47.16016	47.12888	47.123699	47.089314	47.086395	47.050632	47.042526	47.031647	47.002705	47.018017	46.985878	46.959038	46.976376	46.932667	46.937092	46.923637	46.908066	46.899574	46.877224	46.867119	46.852367	46.86124	46.848244	46.822807	46.794605	46.783169	46.773987	46.7612
527	48.597374	48.459782	48.358215	48.297848	48.237217	48.19313	48.120846	48.074688	48.053024	47.976093	47.943436	47.926991	47.879566	47.832607	47.822784	47.805531	47.743549	47.736256	47.720631	47.677128	47.631069	47.607677	47.620838	47.579723	47.562218	47.540779	47.499794	47.495113	47.466667	47.449268	47.421047	47.405876	47.408508	47.398365	47.367321	47.361237	47.328018	47.324947	47.289787	47.281998	47.270142	47.241585	47.255291	47.223797	47.197159	47.21526	47.171192	47.175758	47.161953	47.148201	47.138504	47.117496	47.106571	47.091423	47.100292	47.087082	47.062778	47.03474	47.022675	47.01326	47.000751
528	48.830509	48.688396	48.587692	48.527176	48.467567	48.423706	48.351303	48.306366	48.2827	48.207058	48.173695	48.158001	48.110622	48.064102	48.053665	48.037014	47.975273	47.967556	47.952667	47.907936	47.861584	47.839909	47.852379	47.814205	47.794868	47.77319	47.731327	47.72818	47.699909	47.681953	47.654343	47.637974	47.641926	47.630604	47.599785	47.592728	47.560616	47.557522	47.523308	47.515823	47.502743	47.47472	47.486408	47.455421	47.429127	47.448452	47.403805	47.408531	47.394135	47.382694	47.371532	47.352287	47.339924	47.324409	47.333443	47.320194	47.296871	47.269161	47.256115	47.246395	47.234203
529	49.055038	48.908577	48.808712	48.748051	48.689423	48.645779	48.573254	48.529507	48.50391	48.429508	48.395458	48.380489	48.333153	48.287064	48.276031	48.259964	48.198456	48.190327	48.176147	48.130234	48.083591	48.06358	48.075386	48.040047	48.018936	47.997032	47.954323	47.952652	47.924553	47.906052	47.879036	47.861511	47.86673	47.854275	47.823673	47.815681	47.784634	47.781521	47.748211	47.74102	47.726768	47.699261	47.708996	47.678509	47.652538	47.673046	47.627846	47.632717	47.61776	47.608543	47.595974	47.578419	47.564663	47.548809	47.557991	47.544712	47.522331	47.494934	47.480949	47.470936	47.459049
530	49.280231	49.133579	49.033253	48.973022	48.914249	48.870697	48.798225	48.755718	48.729221	48.656403	48.621483	48.606796	48.559818	48.514313	48.502289	48.487026	48.42606	48.417118	48.403843	48.357765	48.311756	48.291695	48.303059	48.268711	48.246933	48.22567	48.182369	48.180901	48.152855	48.134048	48.107769	48.089344	48.095028	48.082878	48.051609	48.044163	48.013371	48.01062	47.977394	47.970398	47.955711	47.92844	47.937168	47.907509	47.88195	47.901527	47.857174	47.862522	47.847061	47.838417	47.825188	47.808674	47.794529	47.778736	47.787563	47.77486	47.752537	47.725636	47.711113	47.701385	47.689758
531	49.506893	49.364464	49.262299	49.203102	49.142982	49.099403	49.027164	48.985977	48.95966	48.888794	48.85281	48.83794	48.791634	48.746891	48.733459	48.719234	48.659122	48.648945	48.636784	48.591637	48.547234	48.525303	48.536457	48.501144	48.479889	48.460194	48.416546	48.413925	48.38583	48.366955	48.341579	48.322506	48.32782	48.317486	48.284634	48.279301	48.247894	48.245914	48.211899	48.204994	48.190651	48.163315	48.172031	48.143566	48.118519	48.134926	48.092907	48.099072	48.083172	48.07336	48.060261	48.044083	48.030621	48.015308	48.023247	48.011768	47.988567	47.962349	47.947712	47.938885	47.927475
532	49.725334	49.586971	49.483047	49.424847	49.363426	49.319813	49.247803	49.207886	49.181751	49.112759	49.075748	49.060696	49.015045	48.971035	48.956245	48.943024	48.883743	48.872364	48.86129	48.817028	48.774178	48.750439	48.761391	48.725155	48.704395	48.686211	48.642235	48.638512	48.610363	48.591419	48.566914	48.547215	48.55217	48.543591	48.509209	48.505905	48.473915	48.472683	48.437897	48.431084	48.417076	48.389671	48.39838	48.371067	48.346508	48.359863	48.320091	48.327042	48.310722	48.299778	48.286804	48.270958	48.258156	48.243301	48.250393	48.240086	48.216038	48.190483	48.175739	48.167778	48.156574
533	49.93811	49.80312	49.697872	49.640266	49.578011	49.534401	49.46278	49.423649	49.397678	49.330318	49.292477	49.277206	49.232121	49.188747	49.17289	49.160393	49.101906	49.089859	49.079346	49.035965	48.994282	48.969353	48.979908	48.9431	48.922668	48.905727	48.861916	48.856907	48.828827	48.809971	48.786156	48.76606	48.770782	48.76329	48.727764	48.726158	48.693714	48.692936	48.657696	48.650902	48.637218	48.609863	48.618542	48.592129	48.568062	48.578815	48.540981	48.548347	48.531643	48.519943	48.507137	48.491409	48.479279	48.464878	48.471226	48.461716	48.437111	48.41206	48.397316	48.390091	48.37891
534	50.156986	50.021709	49.917648	49.858208	49.797871	49.754448	49.68433	49.643154	49.617321	49.550339	49.512733	49.496902	49.451958	49.408733	49.39344	49.380043	49.322292	49.312801	49.299698	49.257294	49.214653	49.192059	49.20092	49.165649	49.144615	49.127464	49.086899	49.079281	49.052055	49.03421	49.010174	48.990997	48.99617	48.985867	48.951397	48.949669	48.917507	48.915485	48.881615	48.874435	48.861103	48.83448	48.843006	48.81612	48.792614	48.803146	48.76561	48.771194	48.754242	48.743973	48.731647	48.714718	48.703476	48.689587	48.695747	48.684826	48.661293	48.635929	48.62188	48.614674	48.602352
535	50.36834	50.232761	50.129868	50.068653	50.01017	49.966927	49.898262	49.85511	49.829399	49.762798	49.72541	49.709038	49.66423	49.621143	49.6064	49.592144	49.535099	49.528069	49.51247	49.471001	49.427437	49.407108	49.414333	49.380554	49.358921	49.341572	49.304146	49.294006	49.267601	49.250736	49.226475	49.208199	49.213814	49.200787	49.167332	49.165489	49.133602	49.130379	49.097832	49.090282	49.077286	49.051365	49.059746	49.032402	49.009441	49.019756	48.982521	48.986374	48.969185	48.960297	48.948421	48.93034	48.919964	48.906555	48.912544	48.900257	48.877766	48.852097	48.838707	48.83152	48.818104
536	50.572544	50.436687	50.334908	50.271988	50.215286	50.172222	50.104958	50.059891	50.034309	49.968071	49.930897	49.914001	49.869328	49.826382	49.81216	49.797066	49.740711	49.736061	49.718048	49.677486	49.63303	49.614883	49.620529	49.588192	49.565987	49.548443	49.514046	49.501472	49.475861	49.459942	49.435467	49.418049	49.424095	49.408436	49.375965	49.37402	49.342392	49.338005	49.30674	49.298828	49.286156	49.260918	49.269157	49.241375	49.218945	49.229046	49.192093	49.194283	49.176865	49.169304	49.157875	49.138676	49.129131	49.116196	49.122013	49.108406	49.086918	49.060955	49.048214	49.041035	49.026566
537	50.775581	50.636269	50.535805	50.473331	50.415413	50.373737	50.306313	50.260319	50.235134	50.170048	50.133278	50.115974	50.071918	50.029079	50.015419	50.000263	49.944378	49.938103	49.919968	49.879402	49.837669	49.818382	49.824669	49.791054	49.769421	49.75227	49.717381	49.706181	49.68	49.664978	49.640118	49.623402	49.6278	49.611813	49.58149	49.578087	49.547421	49.543179	49.511379	49.50396	49.492241	49.46727	49.474724	49.446228	49.423912	49.435146	49.397312	49.400486	49.382355	49.374725	49.362831	49.344452	49.335281	49.321548	49.327965	49.313797	49.293026	49.266384	49.253853	49.246445	49.232754
538	50.973682	50.830196	50.731075	50.669582	50.609707	50.569695	50.501709	50.455059	50.43034	50.366573	50.330246	50.31258	50.269241	50.226509	50.213398	50.198383	50.142902	50.134033	50.116348	50.075542	50.037395	50.016151	50.023621	49.988075	49.967289	49.95068	49.914417	49.90551	49.878429	49.864285	49.839008	49.822918	49.825203	49.809464	49.781532	49.776367	49.746826	49.743046	49.710266	49.703537	49.692909	49.668091	49.674625	49.645367	49.623062	49.635738	49.596745	49.601555	49.582592	49.574547	49.561962	49.54488	49.535961	49.52113	49.528316	49.513802	49.49366	49.466255	49.453823	49.446125	49.433662
539	51.165657	51.018131	50.920303	50.859756	50.798	50.759602	50.691074	50.643784	50.619507	50.55703	50.52113	50.503105	50.460468	50.417835	50.405258	50.390369	50.335281	50.323902	50.30666	50.265621	50.230946	50.207813	50.216423	50.179012	50.159039	50.142956	50.105362	50.098682	50.070728	50.05743	50.031746	50.016273	50.016491	50.000999	49.975388	49.968517	49.94006	49.936737	49.903004	49.896942	49.887379	49.862709	49.868347	49.838345	49.816055	49.830124	49.790009	49.796406	49.776642	49.768192	49.754936	49.739113	49.730431	49.714539	49.722473	49.707623	49.688087	49.659946	49.64761	49.639633	49.628349
540	51.355713	51.206745	51.109642	51.049744	50.987701	50.949394	50.881207	50.833599	50.809616	50.747562	50.712543	50.694836	50.652294	50.609623	50.596928	50.582279	50.52721	50.515015	50.497936	50.456631	50.423981	50.400459	50.408722	50.370644	50.351692	50.335537	50.297939	50.291939	50.264168	50.251186	50.225616	50.209743	50.209438	50.194687	50.169331	50.16188	50.134338	50.1306	50.096607	50.091499	50.082924	50.057976	50.062794	50.033176	50.01083	50.025581	49.985611	49.992115	49.972099	49.963791	49.950455	49.934952	49.926006	49.909695	49.917641	49.903156	49.883556	49.854763	49.842964	49.834934	49.824097
541	51.545071	51.397697	51.300663	51.241051	51.180614	51.140617	51.073795	51.026241	51.002365	50.939728	50.906128	50.889542	50.846367	50.80352	50.78994	50.775654	50.720161	50.709133	50.69191	50.650276	50.617981	50.595821	50.602005	50.564648	50.546951	50.530064	50.493992	50.486881	50.460529	50.447243	50.422375	50.404922	50.405891	50.392467	50.364952	50.358246	50.331402	50.326244	50.292789	50.288971	50.281322	50.255596	50.259674	50.231754	50.20927	50.223881	50.185524	50.19043	50.170784	50.163269	50.150543	50.134254	50.124474	50.108482	50.115578	50.102295	50.081837	50.052475	50.041748	50.03392	50.022655
542	51.729233	51.583408	51.486439	51.427101	51.368225	51.326584	51.261097	51.213593	51.189823	51.12661	51.094402	51.078899	51.035107	50.992088	50.977646	50.963718	50.90781	50.897919	50.88055	50.8386	50.806652	50.785809	50.789978	50.753319	50.736855	50.71925	50.68465	50.676464	50.651489	50.637913	50.613739	50.594746	50.596935	50.584805	50.555199	50.549221	50.52306	50.516518	50.483578	50.481022	50.47427	50.447784	50.451141	50.424873	50.402252	50.416733	50.379951	50.383293	50.36401	50.357269	50.345123	50.328083	50.317478	50.301804	50.308071	50.295956	50.27467	50.244759	50.235062	50.227444	50.215755
543	51.91301	51.768391	51.671589	51.612335	51.554932	51.511677	51.447384	51.40015	51.376438	51.312881	51.281761	51.267033	51.222939	51.179867	51.164597	51.150852	51.094688	51.085846	51.068317	51.026257	50.994595	50.9748	50.977196	50.941322	50.925903	50.907665	50.874321	50.865166	50.841629	50.827606	50.804008	50.783783	50.787033	50.77589	50.744637	50.739216	50.713654	50.705902	50.673294	50.67194	50.665741	50.638802	50.64156	50.616734	50.593948	50.60833	50.573021	50.574886	50.556065	50.549889	50.538219	50.52058	50.509155	50.493885	50.499344	50.48827	50.466354	50.436066	50.427185	50.419765	50.407612
544	52.129028	51.983238	51.887424	51.826763	51.770367	51.725376	51.661503	51.616264	51.592285	51.530029	51.497959	51.481773	51.439659	51.397491	51.381546	51.366669	51.311367	51.303101	51.285255	51.244663	51.212872	51.192165	51.194443	51.160152	51.144547	51.126225	51.092632	51.08313	51.06179	51.046055	51.022213	51.002956	51.006191	50.993793	50.9641	50.958031	50.932472	50.924789	50.890995	50.890678	50.882423	50.857227	50.860298	50.835564	50.812305	50.826912	50.792599	50.79332	50.775749	50.768726	50.756668	50.739651	50.727249	50.713158	50.717735	50.706989	50.685863	50.656479	50.646801	50.639599	50.626511
545	52.339851	52.192909	52.098072	52.03603	51.98061	51.933933	51.870464	51.827175	51.802933	51.741947	51.70895	51.691334	51.651173	51.609875	51.593269	51.577282	51.522835	51.515121	51.496971	51.457817	51.425888	51.404305	51.406456	51.373714	51.357929	51.33952	51.305687	51.295841	51.276661	51.259243	51.235168	51.216846	51.220078	51.206459	51.178272	51.171577	51.146023	51.138401	51.103455	51.104156	51.093884	51.070404	51.073765	51.049114	51.025402	51.040237	51.006882	51.0065	50.990147	50.982292	50.969856	50.953442	50.94009	50.927143	50.930874	50.920441	50.900097	50.871574	50.861134	50.854141	50.840141
546	52.54565	52.397583	52.303688	52.240299	52.185844	52.13752	52.074444	52.033062	52.008564	51.948814	51.914906	51.895905	51.857639	51.817196	51.799942	51.782871	51.729256	51.722092	51.703636	51.66589	51.633827	51.611382	51.613419	51.582188	51.566227	51.547729	51.513672	51.503487	51.486404	51.467358	51.443058	51.425648	51.428867	51.414043	51.387344	51.380039	51.354481	51.346924	51.310848	51.312542	51.300304	51.278496	51.28215	51.25758	51.233429	51.248474	51.216061	51.2146	51.199436	51.190769	51.177971	51.162136	51.147861	51.136036	51.138939	51.128803	51.109211	51.081551	51.070351	51.06356	51.048672
547	52.769382	52.621304	52.526695	52.463127	52.409714	52.361679	52.298622	52.256477	52.232338	52.172939	52.138817	52.119911	52.082764	52.042191	52.025711	52.008366	51.955776	51.94751	51.930161	51.891232	51.859795	51.837784	51.839024	51.808071	51.792454	51.774353	51.740456	51.730465	51.712715	51.694061	51.669865	51.652485	51.655682	51.641743	51.614826	51.607807	51.581615	51.574715	51.539516	51.540607	51.527534	51.507198	51.510155	51.486294	51.462479	51.476597	51.443542	51.443226	51.428848	51.419247	51.406334	51.391178	51.377506	51.365047	51.368378	51.358425	51.338226	51.31184	51.300133	51.293625	51.279301
548	52.994984	52.847214	52.751415	52.688007	52.635651	52.588455	52.525322	52.481659	52.458046	52.398727	52.364594	52.346218	52.309948	52.268959	52.253662	52.236263	52.184753	52.174919	52.159058	52.118217	52.087624	52.066414	52.066666	52.035637	52.020519	52.002937	51.969326	51.959675	51.940464	51.922775	51.898788	51.881184	51.884342	51.871891	51.844257	51.837791	51.810791	51.804691	51.77095	51.770992	51.757408	51.738483	51.740456	51.717472	51.694214	51.707085	51.672943	51.6744	51.660683	51.65012	51.637173	51.622711	51.610069	51.596474	51.600605	51.59079	51.569599	51.54459	51.532448	51.526249	51.512909
549	53.215744	53.068275	52.971313	52.908062	52.856739	52.810371	52.747154	52.701996	52.678905	52.619671	52.585518	52.567665	52.532257	52.490852	52.476723	52.459282	52.408813	52.397449	52.383049	52.340336	52.31057	52.290142	52.289421	52.258312	52.243679	52.226608	52.193272	52.18396	52.163315	52.146576	52.122795	52.104969	52.108089	52.097088	52.068756	52.062828	52.035034	52.029739	51.997406	51.996429	51.982349	51.96479	51.965816	51.943691	51.920967	51.932621	51.897419	51.900612	51.887535	51.876034	51.863052	51.849281	51.837646	51.822941	51.827843	51.818161	51.796001	51.772343	51.759773	51.75388	51.741497
550	53.437687	53.290333	53.192924	53.129993	53.078651	53.033245	52.969521	52.924484	52.901276	52.842609	52.808369	52.790306	52.755146	52.713821	52.700279	52.682911	52.633446	52.621536	52.607704	52.564304	52.534943	52.515137	52.514141	52.483315	52.468578	52.45179	52.418743	52.409382	52.38821	52.371956	52.347912	52.330326	52.333355	52.322762	52.294476	52.28849	52.260876	52.255672	52.224613	52.222603	52.208591	52.19207	52.192204	52.170246	52.148415	52.159111	52.123482	52.127625	52.11454	52.103138	52.090359	52.076519	52.065403	52.050407	52.055668	52.045761	52.02359	52.000946	51.987671	51.981892	51.969929
551	53.663116	53.515617	53.41869	53.356327	53.303593	53.259338	53.194542	53.151695	53.127563	53.070103	53.035664	53.016453	52.980762	52.940136	52.926464	52.909313	52.860798	52.849632	52.835209	52.792645	52.763157	52.743767	52.743382	52.713306	52.697701	52.680897	52.648193	52.638252	52.617706	52.601349	52.576435	52.559704	52.562565	52.551044	52.523762	52.516945	52.490765	52.484745	52.454781	52.451729	52.438503	52.4226	52.421928	52.399231	52.37875	52.388828	52.353592	52.357662	52.343731	52.333786	52.321529	52.306633	52.295391	52.281166	52.286266	52.275646	52.254719	52.232655	52.2183	52.212406	52.20015
552	53.88438	53.73674	53.640282	53.578465	53.524376	53.481232	53.415394	53.374706	53.349655	53.293385	53.258751	53.238415	53.202202	53.162266	53.14846	53.131527	53.083946	53.073509	53.058506	53.016758	52.987152	52.968163	52.968376	52.939034	52.922585	52.905758	52.873386	52.862888	52.842957	52.8265	52.800732	52.784843	52.787529	52.775089	52.748806	52.741169	52.716393	52.709579	52.680683	52.676617	52.664162	52.648853	52.6474	52.623974	52.60482	52.614296	52.579437	52.583443	52.568672	52.560158	52.548409	52.532494	52.521126	52.507656	52.512596	52.501278	52.481564	52.460075	52.44466	52.438652	52.426113
553	54.101425	53.953671	53.857719	53.796204	53.740883	53.698772	53.632156	53.593361	53.567429	53.51218	53.477432	53.456146	53.419487	53.380169	53.36631	53.349556	53.302818	53.292992	53.277512	53.23658	53.206707	53.188152	53.188969	53.16021	53.143047	53.126144	53.09409	53.083164	53.063732	53.047268	53.020805	53.005672	53.008121	52.994888	52.96954	52.961254	52.937656	52.930164	52.902351	52.897369	52.885567	52.870731	52.868694	52.844585	52.826584	52.835495	52.801006	52.804993	52.789474	52.782185	52.770966	52.75415	52.742691	52.729893	52.734756	52.722843	52.704102	52.68306	52.666836	52.660667	52.647953
554	54.313015	54.165417	54.070431	54.006683	53.951263	53.909416	53.844685	53.805435	53.778736	53.72308	53.688858	53.668404	53.631985	53.592628	53.579468	53.562607	53.515999	53.505611	53.490566	53.450615	53.418922	53.401192	53.402691	53.373138	53.356598	53.338879	53.307064	53.297009	53.277016	53.261612	53.23584	53.220772	53.222229	53.209293	53.18449	53.177166	53.152679	53.145557	53.119087	53.114204	53.101856	53.086193	53.085621	53.06118	53.042709	53.051388	53.017242	53.021698	53.006138	52.998264	52.987862	52.971298	52.960014	52.947189	52.952759	52.941166	52.921135	52.899315	52.884705	52.877914	52.866119
555	54.521145	54.373707	54.279655	54.213722	54.158203	54.116611	54.053741	54.014034	53.986584	53.930534	53.896839	53.877182	53.841011	53.801613	53.789146	53.772163	53.725697	53.71476	53.70013	53.661148	53.627663	53.610741	53.61293	53.582596	53.566654	53.548145	53.51656	53.507362	53.486813	53.472446	53.447361	53.432358	53.432835	53.420197	53.395931	53.389549	53.364182	53.357422	53.332275	53.327488	53.314602	53.298126	53.299004	53.274239	53.255306	53.263748	53.229927	53.234852	53.219254	53.2108	53.20121	53.184898	53.173786	53.160923	53.167198	53.155922	53.134609	53.11203	53.099007	53.09161	53.080715
556	54.725899	54.578613	54.485493	54.4174	54.361786	54.32045	54.259407	54.219254	54.191071	54.134613	54.101444	54.082577	54.046642	54.00721	53.995419	53.978329	53.931992	53.920509	53.906303	53.868271	53.833027	53.816902	53.819752	53.788651	53.773308	53.754013	53.722656	53.714298	53.693207	53.679859	53.655441	53.640511	53.640015	53.627682	53.603935	53.598488	53.572254	53.565853	53.542007	53.537315	53.523899	53.506626	53.508919	53.483833	53.464455	53.472664	53.439175	53.444553	53.428913	53.419907	53.411102	53.395027	53.38409	53.371197	53.378159	53.367191	53.344624	53.321297	53.30983	53.301842	53.291821
557	54.931046	54.784363	54.689766	54.62355	54.567051	54.525269	54.465538	54.425327	54.39679	54.339684	54.307674	54.290146	54.252815	54.213326	54.201965	54.185287	54.137959	54.127659	54.113815	54.0756	54.040562	54.024445	54.02684	53.996174	53.980034	53.962048	53.930752	53.921944	53.901394	53.887402	53.864704	53.847778	53.847496	53.835339	53.811668	53.805851	53.77961	53.773819	53.750484	53.74633	53.731983	53.715271	53.717484	53.693569	53.67416	53.680885	53.648151	53.652878	53.638065	53.628593	53.620487	53.604134	53.593601	53.580528	53.587402	53.57663	53.554161	53.531437	53.520077	53.511333	53.501163
558	55.134445	54.988525	54.891651	54.828644	54.771011	54.728554	54.66996	54.629814	54.601051	54.543221	54.512577	54.496552	54.457302	54.41774	54.406738	54.390633	54.341934	54.333389	54.319893	54.281109	54.246948	54.230564	54.232132	54.202312	54.184906	54.168911	54.13763	54.12793	54.108284	54.093105	54.072456	54.052864	54.053181	54.041164	54.017426	54.010807	53.98484	53.979729	53.95665	53.953171	53.937767	53.92207	53.923695	53.90144	53.882145	53.886978	53.855125	53.858845	53.845142	53.835255	53.827797	53.810997	53.800945	53.787636	53.79417	53.783562	53.761627	53.73996	53.728222	53.71867	53.708004
559	55.334961	55.189781	55.090672	55.03083	54.972069	54.928951	54.871471	54.831398	54.802406	54.743862	54.714561	54.700024	54.658878	54.619247	54.608589	54.593063	54.543018	54.536194	54.523041	54.483692	54.450397	54.43375	54.434502	54.40551	54.38686	54.372833	54.34156	54.330994	54.312241	54.295876	54.277252	54.255039	54.255939	54.244064	54.220253	54.212849	54.187141	54.18272	54.159882	54.157074	54.140629	54.125923	54.126972	54.106354	54.08717	54.090141	54.059158	54.06189	54.049278	54.038979	54.032166	54.014915	54.005344	53.991806	53.997993	53.987537	53.966141	53.945511	53.933399	53.923058	53.911911
560	55.534733	55.389225	55.288696	55.230637	55.171513	55.12812	55.070908	55.03091	55.00161	54.943626	54.914783	54.900585	54.859509	54.820061	54.808945	54.793594	54.743076	54.737156	54.724113	54.68515	54.652275	54.634815	54.635395	54.606987	54.587406	54.574818	54.543465	54.533134	54.513721	54.497593	54.479683	54.456543	54.457603	54.445816	54.422062	54.41404	54.388767	54.384815	54.362034	54.358601	54.342426	54.328262	54.328911	54.309444	54.290165	54.292351	54.262054	54.263847	54.251869	54.241623	54.23484	54.217415	54.208313	54.195358	54.201084	54.190887	54.169708	54.149605	54.137085	54.126572	54.115177
561	55.735062	55.587666	55.486893	55.428654	55.370258	55.327152	55.268978	55.229069	55.199329	55.143761	55.114086	55.098598	55.06041	55.021523	55.008774	54.993046	54.943306	54.937099	54.923843	54.886627	54.853516	54.834442	54.835789	54.807602	54.78756	54.775654	54.744087	54.7356	54.71328	54.699451	54.680355	54.65876	54.659325	54.64756	54.62405	54.615658	54.591064	54.587269	54.564278	54.55835	54.544334	54.530079	54.53056	54.511555	54.49189	54.494827	54.464947	54.465885	54.453903	54.444378	54.436729	54.419518	54.4109	54.399693	54.40477	54.394978	54.373581	54.353256	54.340286	54.330498	54.319191
562	55.933006	55.783749	55.682735	55.624313	55.566631	55.523808	55.464699	55.424862	55.394699	55.341511	55.311012	55.294247	55.258923	55.220581	55.206223	55.190117	55.141144	55.134659	55.121189	55.085701	55.052368	55.031693	55.033798	55.005825	54.985325	54.974098	54.942329	54.935654	54.910461	54.898899	54.878624	54.858555	54.85865	54.846901	54.823639	54.814869	54.790951	54.787308	54.764114	54.755718	54.743839	54.729481	54.729801	54.711254	54.6912	54.694893	54.665428	54.66552	54.653526	54.644714	54.636223	54.619217	54.611069	54.601585	54.606026	54.596638	54.575027	54.554482	54.541058	54.531986	54.520779
563	56.128895	55.977802	55.876606	55.81794	55.760956	55.718388	55.658329	55.618614	55.588161	55.537148	55.505817	55.487793	55.455101	55.417355	55.401516	55.385036	55.336781	55.329926	55.316341	55.282551	55.248951	55.226864	55.229603	55.201866	55.180973	55.170273	55.138386	55.133293	55.105556	55.096001	55.074608	55.056065	55.055702	55.044018	55.02103	55.011948	54.988628	54.98513	54.961712	54.951077	54.941212	54.926647	54.926872	54.908646	54.888237	54.892754	54.86359	54.862934	54.850937	54.842716	54.833496	54.816681	54.809032	54.801022	54.804874	54.795795	54.774048	54.753304	54.739529	54.731136	54.719967
564	56.32679	56.174076	56.073505	56.013535	55.95705	55.914394	55.853199	55.814278	55.785606	55.733906	55.701439	55.682312	55.649311	55.612831	55.597324	55.58054	55.532177	55.52367	55.511303	55.479073	55.444592	55.423611	55.425323	55.397995	55.377655	55.365433	55.334728	55.328075	55.302048	55.291016	55.269211	55.252464	55.251873	55.241032	55.218716	55.210041	55.186359	55.182934	55.158909	55.149113	55.139751	55.12339	55.124336	55.104626	55.084084	55.090851	55.060257	55.060333	55.048317	55.038921	55.030663	55.013882	55.007217	54.997169	55.000919	54.990952	54.970158	54.949547	54.936813	54.928566	54.916733
565	56.522549	56.368225	56.268276	56.20702	56.15102	56.108292	56.045975	56.007832	55.980927	55.928547	55.894955	55.874741	55.841423	55.806206	55.791008	55.773926	55.72546	55.715317	55.704159	55.673481	55.638115	55.618233	55.618923	55.592007	55.572216	55.558479	55.528957	55.520756	55.496418	55.483921	55.461723	55.446751	55.445915	55.435921	55.414265	55.406006	55.381954	55.378597	55.353981	55.345016	55.336136	55.318005	55.319668	55.298485	55.277824	55.286808	55.254791	55.255592	55.243568	55.233002	55.225693	55.208961	55.203266	55.191196	55.194843	55.184002	55.164146	55.143673	55.131973	55.123871	55.111374
566	56.716209	56.560291	56.460953	56.398434	56.342911	56.300102	56.236679	56.199306	56.174141	56.121094	56.086391	56.065102	56.031471	55.997498	55.98262	55.965244	55.916672	55.904907	55.894947	55.865799	55.829567	55.810772	55.810452	55.783939	55.764694	55.749458	55.7211	55.711372	55.688713	55.674755	55.652161	55.638947	55.637886	55.628712	55.607719	55.599861	55.575455	55.572163	55.546959	55.538815	55.530422	55.510529	55.512913	55.490261	55.469482	55.480659	55.447243	55.448765	55.436729	55.425007	55.41864	55.401947	55.397205	55.383141	55.386692	55.374981	55.356056	55.33572	55.325031	55.317081	55.303932
567	56.904339	56.747482	56.647961	56.585358	56.529976	56.488049	56.425816	56.388103	56.36264	56.3111	56.276566	56.255238	56.220757	56.186897	56.172298	56.15464	56.106491	56.094521	56.084793	56.054539	56.019306	56.0009	56.001003	55.973713	55.955482	55.939804	55.910904	55.901371	55.879318	55.864471	55.84227	55.828865	55.828911	55.819393	55.797928	55.790199	55.766045	55.761955	55.736893	55.729912	55.719887	55.700649	55.703056	55.680103	55.659401	55.670883	55.637699	55.639095	55.62743	55.616741	55.608646	55.592442	55.587524	55.574005	55.576984	55.565105	55.546249	55.526184	55.515652	55.507839	55.495018
568	57.08931	56.93177	56.83176	56.769527	56.714161	56.673477	56.613304	56.574833	56.548279	56.499088	56.465202	56.444229	56.408691	56.374504	56.360172	56.342251	56.294716	56.283081	56.273224	56.240868	56.207336	56.189041	56.190117	56.161602	56.144547	56.128853	56.098759	56.090099	56.068218	56.052704	56.031193	56.016857	56.01852	56.008194	55.985844	55.978119	55.954468	55.949253	55.924614	55.918915	55.906467	55.888802	55.890961	55.868141	55.847591	55.858658	55.826324	55.827286	55.816139	55.807316	55.796474	55.78093	55.775391	55.763401	55.765621	55.753857	55.73473	55.714989	55.704273	55.696606	55.684483
569	57.272518	57.114304	57.013805	56.951946	56.896584	56.857143	56.799011	56.759781	56.732166	56.68528	56.652039	56.631424	56.594837	56.560326	56.546272	56.528072	56.48114	56.469845	56.459862	56.425415	56.39357	56.375389	56.37743	56.347702	56.331825	56.316097	56.284828	56.27702	56.255318	56.239147	56.218327	56.203056	56.206314	56.195206	56.171967	56.164253	56.141098	56.134766	56.110542	56.106125	56.091263	56.07515	56.07708	56.054394	56.033993	56.044655	56.013161	56.01368	56.00304	55.996059	55.982506	55.967625	55.961472	55.950989	55.952461	55.9408	55.92141	55.901997	55.891098	55.883575	55.872135
570	57.454281	57.2953	57.1945	57.132984	57.077156	57.038162	56.981224	56.941597	56.914139	56.867493	56.834972	56.814735	56.77721	56.742561	56.728691	56.710468	56.664097	56.653034	56.642365	56.606926	56.576496	56.558155	56.560783	56.530655	56.515652	56.499607	56.467716	56.460083	56.438797	56.422596	56.402557	56.386177	56.390381	56.378757	56.355183	56.347477	56.324356	56.317688	56.293827	56.289898	56.274349	56.258667	56.260628	56.238045	56.217796	56.228298	56.197254	56.197624	56.187408	56.180889	56.166615	56.151752	56.145279	56.135399	56.136616	56.124657	56.10569	56.086647	56.075077	56.067646	56.057167
571	57.635029	57.475124	57.374329	57.313103	57.256023	57.216228	57.15913	57.119675	57.094372	57.044571	57.012917	56.993073	56.954811	56.920296	56.906487	56.888634	56.842743	56.831753	56.819504	56.784809	56.755383	56.73642	56.739067	56.709839	56.695251	56.678371	56.646793	56.638229	56.617737	56.602554	56.583447	56.565613	56.569759	56.558048	56.535019	56.527317	56.50351	56.497772	56.474155	56.46946	56.455986	56.438904	56.44133	56.418812	56.39875	56.409447	56.37825	56.378956	56.368999	56.360687	56.348946	56.333084	56.326736	56.316006	56.317745	56.304825	56.287418	56.268829	56.255768	56.24836	56.239258
572	57.814377	57.653557	57.55278	57.491833	57.433521	57.392925	57.33567	57.296391	57.273216	57.220299	57.189487	57.170052	57.131058	57.096672	57.082909	57.065426	57.02002	57.009094	56.995285	56.961334	56.932896	56.91333	56.915985	56.887646	56.87347	56.855782	56.824501	56.81501	56.7953	56.781132	56.762947	56.743675	56.747757	56.735962	56.713474	56.705784	56.681282	56.676472	56.653095	56.647636	56.636219	56.617748	56.620644	56.598194	56.578308	56.589214	56.557865	56.558887	56.549198	56.539108	56.529861	56.513016	56.506802	56.495224	56.49749	56.483608	56.467758	56.449615	56.435074	56.427692	56.419956
573	57.992386	57.830601	57.729877	57.669205	57.609737	57.568371	57.511002	57.471893	57.450699	57.394825	57.364815	57.345764	57.30616	57.271843	57.258148	57.241013	57.196075	57.185204	57.169903	57.136681	57.109116	57.089008	57.091705	57.064171	57.050358	57.031906	57.000942	56.990616	56.971634	56.958378	56.941067	56.920494	56.924503	56.912647	56.890644	56.882954	56.857826	56.853886	56.830727	56.82457	56.815044	56.795269	56.798618	56.776218	56.756496	56.767612	56.73613	56.737465	56.728004	56.716228	56.709332	56.691628	56.685501	56.673122	56.675892	56.66116	56.646751	56.629013	56.613098	56.605743	56.599319
574	58.169895	58.005627	57.906334	57.845348	57.786793	57.745354	57.688862	57.649876	57.627331	57.572155	57.54158	57.522816	57.485401	57.449574	57.436119	57.418995	57.37439	57.363201	57.347797	57.315453	57.28606	57.266609	57.270306	57.241398	57.226963	57.208836	57.178967	57.169598	57.15015	57.135593	57.117886	57.099068	57.103123	57.091366	57.068562	57.060921	57.036388	57.03215	57.008762	57.003296	56.991684	56.972385	56.975948	56.953598	56.933613	56.944839	56.914085	56.915421	56.905235	56.893719	56.885773	56.870472	56.863636	56.850822	56.853981	56.840843	56.825684	56.807022	56.792461	56.784866	56.778843
575	58.346302	58.179558	58.081692	58.020393	57.962746	57.921238	57.865612	57.826752	57.80286	57.748371	57.717247	57.698769	57.663536	57.626198	57.612984	57.59586	57.551594	57.540096	57.524597	57.493114	57.461899	57.443108	57.447781	57.417534	57.402462	57.38467	57.355888	57.347466	57.327549	57.311703	57.293606	57.276535	57.280624	57.268982	57.245373	57.237785	57.213856	57.209293	57.185684	57.180904	57.167221	57.148407	57.152184	57.129879	57.109623	57.120972	57.090931	57.092262	57.081367	57.070107	57.061123	57.048195	57.040661	57.027416	57.030964	57.019405	57.003506	56.983929	56.970703	56.962883	56.957253
576	58.521618	58.352409	58.255966	58.19437	58.137615	58.096035	58.041275	58.002537	57.977306	57.923508	57.891827	57.873631	57.840569	57.801731	57.788761	57.771637	57.727707	57.715893	57.700294	57.669674	57.63665	57.618511	57.624161	57.592571	57.576881	57.559414	57.531708	57.524235	57.503857	57.486717	57.468231	57.452904	57.457031	57.445496	57.421093	57.413555	57.390213	57.385349	57.361519	57.357418	57.341671	57.32333	57.327324	57.305061	57.284554	57.296009	57.266682	57.268005	57.256401	57.245403	57.235382	57.224823	57.216599	57.202919	57.206852	57.196869	57.180222	57.15974	57.147835	57.139801	57.134556
577	58.692284	58.522694	58.426868	58.365387	58.308273	58.266884	58.211441	58.173382	58.147358	58.094238	58.061779	58.044159	58.01099	57.972687	57.959141	57.942802	57.898884	57.88694	57.871418	57.840897	57.807369	57.789795	57.795258	57.763237	57.747208	57.730984	57.702873	57.695663	57.674767	57.658516	57.639492	57.624596	57.628536	57.616161	57.591843	57.584644	57.561897	57.556618	57.532578	57.52879	57.513916	57.495136	57.499229	57.477253	57.456406	57.467987	57.438786	57.439518	57.427639	57.4175	57.407177	57.396744	57.38781	57.375622	57.37862	57.369072	57.352192	57.33205	57.321053	57.312923	57.306332
578	58.860607	58.691536	58.595974	58.534794	58.476765	58.435696	58.378895	58.341759	58.315163	58.262737	58.229385	58.212471	58.178211	58.141335	58.12685	58.111633	58.067589	58.055599	58.04023	58.009453	57.975994	57.958961	57.963718	57.931667	57.915424	57.900841	57.871689	57.864441	57.843006	57.828587	57.80896	57.793922	57.797581	57.783951	57.760109	57.753365	57.731216	57.725471	57.701241	57.697582	57.684868	57.665234	57.669395	57.64782	57.626595	57.638298	57.608955	57.608856	57.596909	57.587868	57.577576	57.566303	57.556648	57.546776	57.548256	57.538658	57.521774	57.50251	57.492226	57.484066	57.475365
579	59.028198	58.859646	58.764328	58.703465	58.644527	58.603771	58.545612	58.509392	58.482246	58.4305	58.396267	58.380051	58.344704	58.309235	58.293819	58.279724	58.23555	58.223515	58.208305	58.17728	58.143894	58.12738	58.131443	58.099358	58.082916	58.069958	58.039768	58.032482	58.010502	57.997906	57.977695	57.962505	57.965885	57.951008	57.927639	57.921349	57.899796	57.893597	57.869179	57.865643	57.855068	57.834591	57.838821	57.817631	57.796036	57.807861	57.778389	57.777451	57.765434	57.757496	57.747223	57.735115	57.724739	57.717178	57.717163	57.707512	57.690609	57.672222	57.662647	57.654457	57.643665
580	59.195213	59.026825	58.931095	58.870411	58.810986	58.770134	58.711464	58.675861	58.648109	58.596672	58.562416	58.546429	58.510506	58.475788	58.460045	58.446777	58.402199	58.390373	58.375179	58.343845	58.311295	58.294441	58.298176	58.266335	58.250088	58.23753	58.206612	58.199429	58.177227	58.165806	58.145027	58.13002	58.13308	58.11808	58.09425	58.088718	58.067387	58.061058	58.036697	58.033455	58.023445	58.002918	58.006977	57.985954	57.96479	57.976204	57.94677	57.945641	57.933624	57.926266	57.916004	57.903378	57.892235	57.885891	57.885033	57.875504	57.858963	57.840561	57.831718	57.823288	57.811443
581	59.362041	59.193184	59.095776	59.035076	58.975906	58.934212	58.876568	58.841026	58.812599	58.760803	58.728104	58.711468	58.67588	58.640736	58.625751	58.612789	58.567272	58.556152	58.540703	58.508991	58.478661	58.459862	58.463932	58.432842	58.417545	58.403133	58.372082	58.36525	58.343388	58.331955	58.31068	58.296402	58.299065	58.285992	58.26004	58.255821	58.234035	58.228157	58.204311	58.201664	58.189362	58.170204	58.173676	58.152401	58.133156	58.143181	58.114071	58.113922	58.102036	58.09433	58.084045	58.071487	58.059471	58.05238	58.051891	58.042782	58.02729	58.007248	57.999168	57.990108	57.979141
582	59.5285	59.359158	59.260105	59.199364	59.140461	59.097935	59.041302	59.005833	58.976727	58.924568	58.893425	58.876144	58.840897	58.805328	58.791088	58.778435	58.731991	58.721565	58.705868	58.673771	58.645653	58.624916	58.629322	58.598984	58.584629	58.568371	58.537186	58.530704	58.509182	58.497738	58.475979	58.462421	58.464695	58.453548	58.425461	58.422543	58.400326	58.394897	58.371563	58.369507	58.354919	58.337128	58.34	58.318478	58.301144	58.309788	58.280998	58.281837	58.270084	58.26202	58.251728	58.239227	58.226341	58.218498	58.218376	58.209698	58.195251	58.173561	58.166252	58.156567	58.146465
583	59.694599	59.524788	59.424114	59.363331	59.30468	59.261333	59.205711	59.17028	59.140526	59.088005	59.058399	59.040474	59.005566	58.969574	58.956085	58.943718	58.896374	58.886635	58.870689	58.838219	58.812256	58.789642	58.794373	58.764744	58.751339	58.733265	58.701962	58.695801	58.674622	58.663166	58.640926	58.628075	58.629967	58.620708	58.590549	58.588886	58.566254	58.561264	58.538425	58.536945	58.520134	58.503689	58.505981	58.484226	58.468754	58.476021	58.447563	58.449387	58.437759	58.429317	58.419025	58.406597	58.392864	58.384277	58.384521	58.376251	58.362816	58.339523	58.33297	58.322674	58.313431
584	59.861816	59.691025	59.591599	59.529907	59.470783	59.42812	59.372616	59.335548	59.307224	59.253658	59.224678	59.206276	59.171516	59.135757	59.123482	59.109245	59.063023	59.053211	59.037964	59.004829	58.976562	58.95713	58.961151	58.930069	58.91708	58.899647	58.870018	58.861656	58.841049	58.829109	58.80751	58.793758	58.796108	58.785927	58.757885	58.754337	58.733223	58.728016	58.703838	58.702194	58.687462	58.670998	58.673824	58.652298	58.635605	58.641918	58.613979	58.617367	58.605183	58.595181	58.58572	58.57386	58.560913	58.552158	58.552597	58.543842	58.528751	58.506977	58.499325	58.489887	58.480499
585	60.028915	59.857147	59.75898	59.696381	59.636791	59.594791	59.539402	59.500713	59.473812	59.419216	59.39085	59.371967	59.33736	59.301834	59.290756	59.274681	59.229557	59.219681	59.205128	59.171341	59.140755	59.124504	59.127827	59.095276	59.08271	59.065922	59.03796	59.027405	59.007366	58.994938	58.973988	58.959328	58.962143	58.951031	58.925102	58.919674	58.900089	58.894653	58.869148	58.867329	58.854668	58.838196	58.841568	58.820259	58.802353	58.807709	58.780296	58.785248	58.772503	58.760941	58.752312	58.741016	58.728855	58.719929	58.720566	58.711327	58.694576	58.674328	58.665573	58.656998	58.647465
586	60.195915	60.02317	59.926258	59.862751	59.802689	59.761364	59.706085	59.665768	59.640301	59.584663	59.556927	59.53756	59.503101	59.467815	59.457939	59.439999	59.396	59.386051	59.372181	59.337761	59.304852	59.291786	59.294395	59.260391	59.248238	59.232098	59.205807	59.193047	59.173576	59.160675	59.140354	59.124798	59.128075	59.116047	59.092224	59.084915	59.066849	59.061199	59.034355	59.032364	59.02179	59.005291	59.009201	58.988125	58.968998	58.9734	58.946507	58.953018	58.93972	58.926594	58.918797	58.908073	58.896702	58.8876	58.888435	58.878716	58.86031	58.841576	58.831722	58.824013	58.814327
587	60.364323	60.190315	60.092758	60.028427	59.969185	59.927605	59.871674	59.831596	59.806335	59.750546	59.722645	59.703369	59.669083	59.634071	59.623592	59.605431	59.560997	59.551765	59.538132	59.503441	59.470474	59.457241	59.460175	59.426071	59.413574	59.397675	59.371681	59.358917	59.338863	59.325783	59.305988	59.290165	59.293449	59.281643	59.258217	59.250225	59.232044	59.226753	59.200413	59.198044	59.187611	59.171398	59.175335	59.153938	59.134407	59.139771	59.112495	59.118366	59.105206	59.092022	59.084778	59.073483	59.063263	59.053413	59.055054	59.044659	59.026505	59.00798	58.997269	58.989685	58.979954
588	60.533585	60.358173	60.259033	60.193939	60.136158	60.093845	60.036892	59.997963	59.972328	59.916805	59.888344	59.869457	59.835358	59.800636	59.788662	59.77108	59.725452	59.717308	59.703697	59.668945	59.637009	59.62196	59.625729	59.592201	59.578991	59.563129	59.536755	59.525063	59.503841	59.490757	59.471424	59.455635	59.458702	59.447701	59.42382	59.41573	59.396637	59.391968	59.367065	59.364204	59.35297	59.337189	59.340904	59.318913	59.299362	59.306641	59.278553	59.282677	59.270008	59.257496	59.250671	59.238243	59.229362	59.218491	59.221222	59.210068	59.193092	59.174126	59.162678	59.154869	59.145134
589	60.702999	60.526188	60.425453	60.359596	60.303284	60.260235	60.202251	60.164482	60.13847	60.08321	60.054199	60.035698	60.001774	59.967361	59.953888	59.936882	59.890049	59.883015	59.869419	59.834599	59.803699	59.786839	59.791435	59.75848	59.744556	59.728737	59.701984	59.691353	59.668976	59.655888	59.637005	59.621262	59.624111	59.613914	59.589588	59.581387	59.561371	59.557354	59.533882	59.530525	59.518475	59.503128	59.506626	59.484035	59.464478	59.473671	59.444756	59.447159	59.434963	59.42313	59.41671	59.403156	59.395618	59.383713	59.387547	59.375626	59.359844	59.340431	59.328247	59.320213	59.310471
590	60.872196	60.69413	60.592377	60.525841	60.470505	60.426735	60.368103	60.331108	60.30476	60.250248	60.220402	60.202469	60.168205	60.133888	60.119492	60.103298	60.055767	60.049545	60.035507	60.001087	59.970741	59.952526	59.957569	59.925098	59.910625	59.895145	59.867279	59.858025	59.834915	59.822155	59.802979	59.787525	59.790176	59.780418	59.755665	59.747993	59.727242	59.723259	59.700893	59.69733	59.684799	59.669418	59.672386	59.649921	59.630291	59.640522	59.611458	59.612549	59.600182	59.589558	59.582817	59.56889	59.562172	59.549587	59.554054	59.541977	59.526981	59.507034	59.494465	59.486572	59.476608
591	61.040997	60.861988	60.760391	60.693359	60.637981	60.59351	60.535004	60.498024	60.471409	60.418659	60.38736	60.370411	60.334747	60.300072	60.285984	60.27103	60.223816	60.217834	60.202427	60.169338	60.138565	60.119949	60.12466	60.09248	60.077812	60.06329	60.03281	60.02552	60.002571	59.990818	59.969818	59.955143	59.957664	59.94762	59.922455	59.916615	59.895454	59.89032	59.868385	59.865181	59.852879	59.836491	59.838284	59.817451	59.797626	59.807079	59.779251	59.779896	59.766018	59.75771	59.749119	59.736366	59.729393	59.716862	59.720993	59.709995	59.69495	59.674316	59.66209	59.655128	59.644485
592	61.210335	61.030376	60.928936	60.861404	60.805988	60.760807	60.702431	60.66547	60.638588	60.587597	60.554852	60.538883	60.501808	60.466789	60.452991	60.439289	60.392399	60.38665	60.369865	60.338135	60.306911	60.287903	60.292274	60.260384	60.245522	60.231964	60.198849	60.193546	60.170757	60.160011	60.137196	60.123306	60.125679	60.115356	60.089779	60.085766	60.064209	60.057907	60.036404	60.033566	60.021488	60.004086	60.004711	59.985519	59.965485	59.974163	59.947575	59.947777	59.932373	59.926395	59.915943	59.904373	59.897144	59.884666	59.88847	59.878551	59.863464	59.842129	59.830254	59.824211	59.812893
593	61.380196	61.199303	61.098015	61.029984	60.974533	60.928638	60.870384	60.833443	60.806297	60.757076	60.72287	60.707878	60.669399	60.634022	60.620533	60.608089	60.561516	60.555996	60.537838	60.507458	60.475792	60.456383	60.460419	60.428822	60.413765	60.401165	60.365414	60.362095	60.33947	60.329746	60.305088	60.292	60.294224	60.283615	60.257626	60.255455	60.233486	60.226028	60.20496	60.202484	60.190636	60.172218	60.171658	60.15411	60.133873	60.141785	60.116428	60.116188	60.099262	60.095608	60.083294	60.072906	60.065426	60.053001	60.056465	60.047638	60.032505	60.010468	59.998947	59.993832	59.981823
594	61.54414	61.362179	61.258934	61.192043	61.135883	61.090477	61.032742	60.994865	60.968304	60.91819	60.88451	60.86861	60.83094	60.795807	60.781883	60.769176	60.722607	60.71542	60.698963	60.668034	60.637016	60.618271	60.621239	60.590981	60.57505	60.562325	60.529293	60.524063	60.502392	60.49102	60.468178	60.45406	60.456215	60.446297	60.419899	60.416443	60.395615	60.387749	60.367031	60.363136	60.350597	60.332741	60.333847	60.314117	60.295666	60.303444	60.27631	60.277359	60.261845	60.25631	60.24564	60.23497	60.225876	60.214771	60.217415	60.209362	60.193176	60.171394	60.160301	60.154701	60.144032
595	61.709064	61.526024	61.420792	61.355061	61.298168	61.253292	61.196091	61.157234	61.131279	61.080235	61.047119	61.030273	60.993431	60.958565	60.944195	60.931198	60.884624	60.875725	60.861023	60.829533	60.799175	60.781105	60.782997	60.754101	60.737274	60.724415	60.694195	60.686993	60.666294	60.653221	60.632259	60.617077	60.619164	60.609962	60.583157	60.578346	60.558689	60.550423	60.530056	60.524719	60.511471	60.494198	60.497009	60.475044	60.458408	60.466064	60.437115	60.439472	60.425419	60.417938	60.408962	60.397987	60.387249	60.377495	60.379307	60.372025	60.354771	60.33326	60.322601	60.316486	60.307198
596	61.875076	61.690968	61.583717	61.519165	61.461533	61.417175	61.360504	61.320679	61.29533	61.243355	61.210793	61.192997	61.157013	61.122398	61.107582	61.094296	61.047722	61.037098	61.024166	60.992092	60.962402	60.945026	60.945831	60.918301	60.900574	60.887569	60.860191	60.851002	60.831268	60.816498	60.797428	60.781174	60.783195	60.774708	60.747494	60.741322	60.722847	60.71418	60.694164	60.68737	60.673405	60.656719	60.661255	60.637032	60.622234	60.629761	60.598976	60.602665	60.590076	60.580635	60.573364	60.56208	60.549694	60.541309	60.542274	60.535759	60.517426	60.496193	60.485977	60.479343	60.471447
597	62.036377	61.850124	61.743473	61.678535	61.619335	61.576004	61.519508	61.479317	61.454647	61.402119	61.369602	61.351402	61.315506	61.280949	61.265953	61.252235	61.206543	61.195797	61.182522	61.150215	61.120625	61.103558	61.104889	61.076988	61.059231	61.046165	61.019241	61.009834	60.991192	60.975182	60.956936	60.940369	60.942112	60.933441	60.905754	60.900299	60.881489	60.872864	60.852097	60.8451	60.831268	60.814255	60.81992	60.794884	60.780685	60.787781	60.757076	60.760735	60.748638	60.738754	60.732067	60.719913	60.708164	60.699619	60.701138	60.693848	60.675484	60.654758	60.644882	60.637875	60.630047
598	62.195824	62.006821	61.902225	61.836021	61.77478	61.732761	61.676247	61.636017	61.612076	61.559212	61.526455	61.508148	61.471916	61.437309	61.422272	61.408035	61.36375	61.35376	61.338974	61.306625	61.276806	61.25983	61.2626	61.233353	61.216034	61.202961	61.175167	61.166553	61.149048	61.132072	61.114044	61.09758	61.098934	61.089561	61.061382	61.057812	61.037815	61.029476	61.007343	61.000835	60.987621	60.969757	60.976227	60.951172	60.936893	60.943359	60.91383	60.916698	60.904549	60.895073	60.888325	60.874992	60.865177	60.855614	60.858463	60.849548	60.831726	60.811638	60.802036	60.794754	60.786266
599	62.356686	62.164902	62.062389	61.994904	61.93161	61.890911	61.834366	61.794121	61.770897	61.717709	61.684696	61.666279	61.629711	61.595051	61.579979	61.565228	61.522358	61.51313	61.496811	61.464424	61.434364	61.417492	61.421715	61.391102	61.374237	61.361153	61.332481	61.324657	61.308319	61.290348	61.272549	61.256187	61.257141	61.247074	61.218388	61.216717	61.19553	61.187477	61.163963	61.157955	61.145367	61.126637	61.133915	61.108845	61.094482	61.100327	61.071968	61.074047	61.06184	61.052776	61.045982	61.031456	61.023586	61.012997	61.017197	61.006622	60.989357	60.969906	60.960587	60.953026	60.943867
600	62.511223	62.317432	62.215828	62.147678	62.082966	62.043137	61.986298	61.946415	61.923386	61.869919	61.836658	61.818428	61.781185	61.746841	61.731564	61.716522	61.674301	61.665745	61.648476	61.616104	61.585873	61.568993	61.573948	61.542637	61.526299	61.51297	61.483841	61.476238	61.460175	61.442055	61.424492	61.407925	61.409058	61.398178	61.369854	61.368649	61.346859	61.339005	61.314594	61.309017	61.297279	61.277832	61.285133	61.260368	61.24577	61.251526	61.223721	61.225677	61.213512	61.204552	61.197262	61.182247	61.175716	61.164021	61.169506	61.157913	61.140842	61.122131	61.112831	61.105209	61.095325
601	62.6492	62.455208	62.351776	62.284393	62.219769	62.179726	62.121956	62.083389	62.059277	62.005711	61.972195	61.954777	61.916126	61.882961	61.86713	61.852287	61.808933	61.800812	61.783974	61.751724	61.721474	61.704308	61.708313	61.67791	61.662251	61.648125	61.619534	61.610771	61.59296	61.576633	61.559349	61.541824	61.544521	61.532551	61.506611	61.502491	61.481548	61.473648	61.449474	61.44418	61.433834	61.413986	61.419476	61.395729	61.380577	61.387539	61.358788	61.362194	61.350273	61.340679	61.331917	61.31805	61.311405	61.298466	61.305038	61.29393	61.276211	61.258453	61.248554	61.241402	61.23069
602	62.788498	62.594318	62.489033	62.422424	62.357903	62.317638	62.258923	62.221676	62.19648	62.142807	62.109028	62.092453	62.052364	62.02039	62.003994	61.989368	61.944855	61.937176	61.920773	61.888649	61.858379	61.840923	61.843987	61.814468	61.799507	61.784573	61.756535	61.746605	61.727024	61.712509	61.695499	61.677021	61.68129	61.668213	61.644672	61.637627	61.617531	61.609589	61.585659	61.580647	61.571705	61.551453	61.555099	61.532394	61.516685	61.524849	61.495144	61.500031	61.488365	61.478127	61.467861	61.455154	61.448406	61.434204	61.441879	61.431252	61.412884	61.396091	61.385578	61.378906	61.367352
603	62.929153	62.734776	62.627621	62.561787	62.497372	62.456886	62.397217	62.361305	62.335014	62.281239	62.247189	62.231457	62.189907	62.159145	62.142189	62.127762	62.082088	62.074863	62.058891	62.02689	61.996609	61.97887	61.980965	61.952354	61.938095	61.922337	61.894863	61.883759	61.862385	61.849709	61.832966	61.813534	61.819382	61.805195	61.784077	61.774075	61.754822	61.746849	61.72316	61.71843	61.710911	61.690247	61.692047	61.670387	61.654114	61.663502	61.632816	61.639194	61.627781	61.616905	61.605133	61.593594	61.586731	61.571251	61.580044	61.569904	61.550884	61.535065	61.523933	61.517746	61.505341
604	63.039684	62.844597	62.73679	62.671543	62.608498	62.566406	62.508881	62.471313	62.445007	62.390636	62.357475	62.340378	62.300407	62.268299	62.252491	62.236763	62.190861	62.184387	62.167763	62.136261	62.106766	62.087654	62.09185	62.06216	62.048523	62.032623	62.005604	61.994827	61.973156	61.960209	61.942802	61.924171	61.929447	61.916248	61.893768	61.8843	61.865139	61.857975	61.832558	61.829109	61.820698	61.80064	61.802937	61.780602	61.764317	61.772747	61.744221	61.748524	61.736912	61.727013	61.715031	61.703323	61.696266	61.68214	61.68977	61.679733	61.661293	61.644012	61.63332	61.626797	61.61533
605	63.149731	62.953918	62.845493	62.780834	62.719238	62.675457	62.620224	62.58086	62.554592	62.499596	62.467365	62.448818	62.410557	62.376984	62.362408	62.345303	62.299198	62.293507	62.276173	62.245201	62.216526	62.196003	62.202435	62.171577	62.158554	62.142544	62.115963	62.105591	62.083687	62.070377	62.052258	62.034519	62.039108	62.026997	62.002987	61.994205	61.975109	61.968796	61.941547	61.93943	61.930038	61.910629	61.913525	61.89043	61.874165	61.881535	61.855316	61.857384	61.845543	61.836689	61.824566	61.812626	61.805367	61.792713	61.79908	61.789139	61.77132	61.75248	61.742264	61.735386	61.72493
606	63.260605	63.064049	62.955017	62.890945	62.830799	62.785328	62.73241	62.691231	62.664993	62.609379	62.578094	62.558067	62.521534	62.486488	62.473152	62.454666	62.40836	62.403446	62.385399	62.354965	62.32711	62.305157	62.31385	62.281811	62.269413	62.253296	62.227161	62.217194	62.195038	62.18137	62.162544	62.145687	62.149597	62.138588	62.113029	62.104946	62.085896	62.080448	62.051357	62.050587	62.040199	62.021439	62.024944	62.001083	61.984844	61.99115	61.967243	61.967056	61.954994	61.947197	61.934925	61.92276	61.915283	61.904121	61.90921	61.899364	61.882179	61.861759	61.85202	61.84478	61.835354
607	63.362663	63.166054	63.057495	62.992035	62.93206	62.886818	62.833332	62.792015	62.765373	62.710686	62.678955	62.658577	62.623699	62.586998	62.574242	62.555641	62.509304	62.50425	62.486465	62.455219	62.427658	62.406284	62.414795	62.382786	62.369781	62.354683	62.327248	62.318069	62.295521	62.282555	62.263275	62.246681	62.249863	62.240185	62.213837	62.206314	62.186264	62.1814	62.152016	62.151432	62.141018	62.122463	62.126465	62.102039	62.086411	62.092216	62.068855	62.068645	62.055676	62.048298	62.035931	62.023724	62.015385	62.005531	62.0098	61.999989	61.983459	61.961842	61.952705	61.944698	61.93644
608	63.45932	63.263077	63.155682	63.087601	63.027008	62.983177	62.927349	62.886913	62.8596	62.806816	62.773777	62.753742	62.720467	62.682003	62.669426	62.651516	62.605232	62.599468	62.582546	62.549656	62.522053	62.502502	62.509304	62.478085	62.463718	62.450321	62.420528	62.412369	62.389313	62.377731	62.358166	62.341423	62.343861	62.33567	62.30899	62.301945	62.280231	62.275803	62.247066	62.245964	62.236118	62.217491	62.22192	62.197037	62.182419	62.188061	62.164139	62.165283	62.151009	62.143635	62.131214	62.11908	62.109463	62.100811	62.104542	62.09473	62.078869	62.056278	62.047821	62.038803	62.031807
609	63.556469	63.360584	63.254349	63.18364	63.122421	63.080036	63.021832	62.982292	62.954311	62.903427	62.869072	62.84938	62.817719	62.777485	62.765087	62.74786	62.701641	62.695164	62.679108	62.644569	62.61692	62.599201	62.604298	62.57386	62.558128	62.546452	62.514275	62.507133	62.483578	62.473381	62.453526	62.436642	62.43832	62.431633	62.404621	62.39806	62.374664	62.370663	62.342598	62.340961	62.331688	62.313004	62.31786	62.292511	62.278915	62.284374	62.259899	62.262409	62.246811	62.239445	62.226971	62.214912	62.204014	62.196564	62.199764	62.189949	62.174751	62.151188	62.143429	62.133385	62.127644
610	63.653519	63.45731	63.352032	63.279987	63.218147	63.176727	63.116783	63.077557	63.049339	62.999638	62.964569	62.944977	62.91386	62.87328	62.860714	62.84412	62.797684	62.790691	62.775143	62.739609	62.711685	62.695347	62.699284	62.66951	62.653034	62.642151	62.608589	62.602211	62.578423	62.56879	62.548733	62.531822	62.533081	62.527519	62.499882	62.494011	62.469082	62.465935	62.43816	62.43642	62.427353	62.40847	62.413414	62.388081	62.374859	62.380547	62.355423	62.358768	62.342571	62.334747	62.32267	62.310673	62.298996	62.292244	62.294865	62.285568	62.270401	62.246101	62.238674	62.228138	62.22348
611	63.749332	63.55098	63.446106	63.376163	63.313694	63.272049	63.212006	63.171585	63.144279	63.093834	63.05965	63.039505	63.006092	62.968929	62.955303	62.93919	62.891781	62.88483	62.868816	62.83403	62.805237	62.789066	62.793285	62.763874	62.748329	62.735771	62.70343	62.697132	62.673813	62.662621	62.642567	62.62595	62.627663	62.622242	62.593216	62.588596	62.562508	62.561298	62.53286	62.53212	62.522285	62.502907	62.507015	62.48291	62.468441	62.475372	62.449379	62.452118	62.437248	62.427734	62.417267	62.405281	62.394173	62.386723	62.388695	62.381279	62.364464	62.340057	62.332069	62.322418	62.318333
612	63.845371	63.644875	63.540405	63.472565	63.40947	63.367592	63.307457	63.265823	63.239433	63.188248	63.154949	63.134254	63.098545	63.0648	63.05011	63.034481	62.986095	62.979191	62.962711	62.928677	62.899006	62.882996	62.88752	62.858463	62.843849	62.829624	62.798508	62.792271	62.769432	62.756676	62.736626	62.720306	62.722462	62.717201	62.686771	62.683403	62.656151	62.656898	62.627785	62.628048	62.617439	62.597561	62.600834	62.577969	62.562241	62.570412	62.543549	62.545689	62.532139	62.520935	62.512089	62.500107	62.489574	62.481426	62.482746	62.477215	62.458748	62.434238	62.425686	62.416916	62.413406
613	63.941639	63.738983	63.634926	63.569183	63.505459	63.463356	63.403118	63.360279	63.334805	63.282883	63.250465	63.229214	63.1912	63.160904	63.145142	63.129986	63.080627	63.073765	63.056816	63.023533	62.992989	62.977146	62.981964	62.953274	62.939583	62.923676	62.893784	62.887634	62.865265	62.850945	62.830891	62.814869	62.817478	62.812363	62.780537	62.778427	62.750008	62.752701	62.722935	62.724186	62.712807	62.692432	62.694866	62.673233	62.656254	62.665672	62.637936	62.639473	62.627251	62.614346	62.607121	62.595154	62.585186	62.57634	62.577011	62.573368	62.553246	62.528633	62.519516	62.511635	62.508698
614	64.045105	63.840794	63.73629	63.66877	63.607323	63.564598	63.503944	63.462418	63.436329	63.382973	63.352226	63.330334	63.292259	63.261353	63.245655	63.231869	63.183056	63.174503	63.158024	63.125813	63.094288	63.077503	63.082607	63.0536	63.039024	63.024395	62.99514	62.989532	62.966507	62.952465	62.931561	62.915737	62.918205	62.912853	62.882008	62.878674	62.85128	62.851585	62.822868	62.823399	62.812733	62.793221	62.796585	62.773937	62.755428	62.766258	62.738331	62.739628	62.727345	62.715469	62.706451	62.695141	62.686611	62.676376	62.677021	62.672989	62.653168	62.629753	62.62051	62.612171	62.608063
615	64.148972	63.943039	63.838028	63.768459	63.709484	63.66613	63.605022	63.564999	63.538177	63.483353	63.454319	63.431782	63.393803	63.362026	63.346462	63.334095	63.285942	63.275574	63.259632	63.2285	63.195992	63.178192	63.183586	63.154228	63.138626	63.125481	63.096817	63.091778	63.068039	63.054394	63.032578	63.016945	63.019222	63.013618	62.983913	62.979198	62.952965	62.950588	62.923038	62.922729	62.912888	62.894333	62.898739	62.874924	62.854874	62.867111	62.839043	62.840126	62.827694	62.817024	62.806	62.795372	62.788345	62.776669	62.777328	62.772751	62.753349	62.731247	62.721897	62.713017	62.707626
616	64.252747	64.045197	63.939678	63.868069	63.811565	63.767563	63.706017	63.667477	63.639935	63.58363	63.556324	63.533146	63.495255	63.462597	63.447178	63.43623	63.388729	63.376545	63.361145	63.331104	63.297611	63.278793	63.284473	63.254761	63.238144	63.226475	63.198395	63.193947	63.169479	63.156231	63.133514	63.118069	63.120163	63.114296	63.085728	63.079624	63.054554	63.0495	63.023125	63.021969	63.012947	62.995346	63.000805	62.975819	62.954227	62.96788	62.939663	62.940536	62.927956	62.918503	62.905449	62.895512	62.889988	62.876873	62.87756	62.872433	62.853462	62.832649	62.823208	62.813766	62.807095
617	64.367462	64.158409	64.052353	63.9804	63.924072	63.879822	63.818256	63.780098	63.752087	63.696163	63.668262	63.645721	63.60849	63.574768	63.55859	63.548237	63.501114	63.488029	63.473839	63.442101	63.409798	63.390297	63.396198	63.365894	63.349499	63.338898	63.310169	63.304474	63.28112	63.268024	63.245178	63.229687	63.232552	63.225334	63.197472	63.191147	63.166576	63.160973	63.134701	63.133968	63.124596	63.10717	63.113369	63.088203	63.065742	63.080086	63.050724	63.052326	63.038994	63.030983	63.017376	63.006901	63.000767	62.98793	62.989456	62.983418	62.964947	62.944485	62.934834	62.924797	62.917751
618	64.489334	64.278862	64.172249	64.10112	64.043411	63.999165	63.937878	63.899357	63.871021	63.816757	63.786678	63.765644	63.729458	63.69455	63.677013	63.666679	63.619759	63.606388	63.593872	63.558525	63.528908	63.508945	63.515018	63.483959	63.468639	63.458832	63.428616	63.42041	63.399433	63.386311	63.363869	63.348175	63.352482	63.343151	63.315685	63.309944	63.285393	63.280724	63.253815	63.254368	63.243866	63.226086	63.232784	63.208153	63.185257	63.199814	63.168613	63.171577	63.157093	63.150661	63.137508	63.125664	63.117504	63.106102	63.109016	63.101841	63.083893	63.063133	63.053219	63.042545	63.035744
619	64.610733	64.398834	64.291672	64.221359	64.162285	64.118042	64.05703	64.018135	63.989491	63.936878	63.904636	63.885105	63.84996	63.813858	63.794975	63.784664	63.73793	63.724274	63.713432	63.674492	63.647549	63.627129	63.633369	63.601566	63.587318	63.578285	63.546585	63.535881	63.517277	63.504131	63.482101	63.466202	63.471943	63.460499	63.433434	63.428284	63.403755	63.400005	63.372467	63.374306	63.362675	63.344532	63.351738	63.327629	63.304306	63.319057	63.286049	63.290363	63.274734	63.26989	63.257172	63.243961	63.23378	63.223816	63.228107	63.219791	63.202381	63.181324	63.171143	63.159836	63.153278
620	64.735413	64.522415	64.414833	64.345078	64.284767	64.240486	64.179848	64.140244	64.111671	64.060265	64.026352	64.00795	63.973682	63.936501	63.916756	63.906281	63.859726	63.846195	63.836456	63.79509	63.769848	63.74929	63.755173	63.723278	63.709564	63.700581	63.668072	63.65609	63.638897	63.625645	63.603981	63.588066	63.594402	63.581528	63.554752	63.550346	63.525677	63.522442	63.494587	63.49712	63.484837	63.466518	63.474007	63.449852	63.4268	63.441132	63.407379	63.412369	63.395996	63.392334	63.379883	63.365818	63.354301	63.3452	63.35038	63.341187	63.324036	63.303089	63.29258	63.281143	63.274639
621	64.870415	64.657249	64.549637	64.479652	64.418564	64.374092	64.314125	64.272774	64.24543	64.193901	64.159798	64.141403	64.107559	64.069611	64.0504	64.039246	63.992817	63.98064	63.97031	63.929939	63.903572	63.883816	63.887779	63.857754	63.842953	63.831867	63.800518	63.790882	63.772236	63.758678	63.737251	63.721889	63.726353	63.714005	63.687252	63.684063	63.658787	63.654804	63.627552	63.629063	63.617558	63.599598	63.606663	63.580833	63.560074	63.572121	63.54081	63.54451	63.528561	63.524944	63.512222	63.498783	63.487934	63.478035	63.482677	63.473339	63.455627	63.436039	63.425053	63.414932	63.40794
622	65.004364	64.791039	64.683403	64.61319	64.551323	64.50666	64.447372	64.404289	64.378159	64.326515	64.292206	64.273842	64.24041	64.201698	64.183029	64.171188	64.124886	64.114044	64.103134	64.063744	64.03627	64.017311	64.019379	63.991188	63.975311	63.962139	63.931953	63.924629	63.904552	63.890682	63.869495	63.854687	63.8573	63.845451	63.818729	63.816746	63.790871	63.786148	63.759495	63.759983	63.749249	63.73164	63.738293	63.710808	63.692318	63.702099	63.673203	63.675629	63.660095	63.656521	63.643543	63.63073	63.620537	63.609852	63.613964	63.604473	63.586212	63.567959	63.556499	63.547684	63.540203
623	65.137306	64.923805	64.816147	64.745712	64.683083	64.638229	64.579597	64.534798	64.509872	64.458122	64.423607	64.405258	64.372238	64.332771	64.314636	64.302124	64.255943	64.246437	64.234947	64.196541	64.167946	64.149788	64.149956	64.123611	64.106659	64.091423	64.062386	64.057358	64.035866	64.021675	64.000725	63.986473	63.987232	63.975906	63.949203	63.948406	63.92194	63.916485	63.890427	63.889908	63.879936	63.862682	63.868923	63.839787	63.823555	63.831085	63.804596	63.805748	63.790638	63.787102	63.773865	63.761669	63.752129	63.740658	63.744236	63.734608	63.71579	63.698883	63.686943	63.679428	63.671459
624	65.268372	65.055725	64.947662	64.876503	64.813766	64.768654	64.710754	64.666229	64.641281	64.588448	64.555168	64.53595	64.502556	64.463341	64.44664	64.433708	64.38736	64.378334	64.366577	64.329361	64.300041	64.281464	64.282486	64.254684	64.238327	64.223274	64.194191	64.188217	64.167175	64.154068	64.13208	64.117622	64.118942	64.107468	64.081581	64.079376	64.054283	64.048347	64.022881	64.021156	64.010872	63.994141	63.998699	63.971935	63.955326	63.963364	63.935165	63.937317	63.92289	63.916473	63.905739	63.893414	63.883366	63.872284	63.876949	63.865288	63.84729	63.830261	63.819336	63.810284	63.802464
625	65.398232	65.186523	65.078033	65.006104	64.943329	64.897942	64.840782	64.79673	64.771637	64.717606	64.685699	64.66555	64.631714	64.592842	64.577644	64.564339	64.517769	64.50914	64.497162	64.461151	64.431137	64.412025	64.414177	64.38459	64.368996	64.35434	64.325104	64.317879	64.297462	64.285561	64.262405	64.247681	64.249786	64.238121	64.213097	64.209244	64.185715	64.179321	64.154449	64.151505	64.1408	64.124596	64.12738	64.103363	64.086113	64.094933	64.064629	64.067993	64.054268	64.044716	64.036736	64.0242	64.013535	64.002968	64.008865	63.994991	63.977943	63.960655	63.950878	63.940018	63.932419
626	65.527	65.316216	65.207298	65.134605	65.071793	65.026146	64.969704	64.926117	64.900879	64.845688	64.81514	64.794052	64.759766	64.721252	64.707535	64.693855	64.647087	64.638847	64.626633	64.591812	64.561119	64.541473	64.544746	64.513405	64.498558	64.484291	64.454903	64.446434	64.426643	64.415947	64.39164	64.37664	64.379532	64.367653	64.343506	64.338005	64.316025	64.309181	64.284904	64.280746	64.26963	64.25396	64.254967	64.233673	64.215782	64.22538	64.192993	64.197571	64.18454	64.17186	64.166618	64.153885	64.142601	64.132538	64.139648	64.123604	64.107498	64.089951	64.081314	64.068672	64.061272
627	65.658745	65.447632	65.338806	65.26593	65.202522	65.157036	65.100517	65.057182	65.031509	64.9767	64.945602	64.92511	64.890495	64.852806	64.838097	64.824554	64.777893	64.769264	64.757172	64.722069	64.691521	64.672256	64.675644	64.643738	64.628952	64.614845	64.58519	64.576363	64.556938	64.546013	64.52224	64.506569	64.509789	64.49765	64.474068	64.467896	64.446205	64.440331	64.415131	64.410973	64.399757	64.383873	64.384743	64.36412	64.346222	64.355446	64.323654	64.327423	64.31501	64.302101	64.297226	64.284233	64.272873	64.263084	64.270683	64.254501	64.238235	64.220253	64.211761	64.199158	64.191696
628	65.792397	65.580048	65.471672	65.399048	65.334633	65.289642	65.232399	65.189163	65.162857	65.109566	65.076515	65.057762	65.022896	64.986382	64.968842	64.955818	64.909515	64.899887	64.888176	64.851692	64.821915	64.803688	64.806488	64.774902	64.759651	64.745537	64.71553	64.706985	64.687752	64.675537	64.653534	64.636902	64.640106	64.62767	64.604416	64.598305	64.575951	64.572128	64.544861	64.541611	64.530548	64.513908	64.515816	64.494339	64.476929	64.484886	64.455727	64.457176	64.44532	64.434341	64.42804	64.414757	64.403725	64.394066	64.401566	64.38681	64.369545	64.350983	64.341904	64.330719	64.32299
629	65.924873	65.711281	65.603355	65.530983	65.465584	65.421059	65.363129	65.319977	65.29303	65.241257	65.206276	65.18924	65.154129	65.118774	65.098427	65.085915	65.039963	65.02935	65.018013	64.980164	64.951149	64.93396	64.936157	64.9049	64.889183	64.875061	64.844711	64.836456	64.817406	64.803925	64.783669	64.766083	64.769272	64.756538	64.73362	64.727554	64.704552	64.702751	64.673454	64.671097	64.660179	64.642776	64.645744	64.623398	64.606468	64.61319	64.586617	64.585777	64.574478	64.565399	64.557701	64.544121	64.533409	64.523872	64.531296	64.517929	64.499695	64.48056	64.470886	64.461113	64.453117
630	66.057327	65.842888	65.735115	65.662949	65.597137	65.552711	65.494194	65.451019	65.423767	65.373154	65.336586	65.32074	65.285362	65.250603	65.228699	65.216629	65.170959	65.159592	65.148338	65.109619	65.080879	65.06456	65.066399	65.035423	65.01915	65.00499	64.97451	64.966576	64.947365	64.933174	64.914078	64.895889	64.899269	64.886383	64.863312	64.857552	64.834106	64.83342	64.802856	64.80114	64.790115	64.772156	64.776001	64.753365	64.736465	64.742508	64.717552	64.715401	64.704315	64.696655	64.687759	64.674202	64.663612	64.654221	64.661278	64.649185	64.630058	64.610306	64.600403	64.591797	64.583458
631	66.192627	65.978607	65.869942	65.797852	65.733551	65.688019	65.629234	65.58564	65.559227	65.508568	65.471581	65.45517	65.419464	65.383408	65.364075	65.352257	65.306564	65.295311	65.283104	65.245132	65.215096	65.199089	65.201256	65.170547	65.153336	65.139084	65.109215	65.101707	65.081154	65.068138	65.048225	65.030579	65.034805	65.022278	64.997467	64.992844	64.969673	64.967102	64.937828	64.93589	64.923866	64.906036	64.910202	64.889183	64.870781	64.878052	64.851501	64.85125	64.839241	64.831352	64.821976	64.809494	64.798355	64.789169	64.794937	64.783684	64.763992	64.743446	64.734474	64.72628	64.717331
632	66.326828	66.113228	66.0037	65.931671	65.868874	65.822235	65.763184	65.719185	65.693588	65.642891	65.605476	65.588516	65.552483	65.515137	65.498367	65.486786	65.441086	65.429924	65.416771	65.379555	65.348228	65.332535	65.335045	65.304565	65.286453	65.272102	65.242813	65.235748	65.213867	65.202011	65.18129	65.164192	65.169266	65.157089	65.130539	65.127052	65.104141	65.099701	65.071716	65.069557	65.056541	65.038834	65.043335	65.023918	65.004021	65.012497	64.984367	64.986	64.973076	64.964973	64.955109	64.943703	64.932014	64.923035	64.927513	64.917099	64.896843	64.875511	64.86747	64.85968	64.850121
633	66.459938	66.246758	66.136368	66.064407	66.00309	65.955353	65.896057	65.851631	65.826866	65.776115	65.738289	65.720779	65.684425	65.645782	65.631554	65.620224	65.574516	65.563446	65.549355	65.512886	65.48027	65.464882	65.467743	65.437508	65.418472	65.404037	65.375343	65.36869	65.345497	65.334793	65.313271	65.296707	65.302635	65.290794	65.26252	65.260162	65.237526	65.231224	65.204498	65.202133	65.188133	65.170547	65.175377	65.157547	65.136169	65.145859	65.116158	65.119659	65.10582	65.097504	65.087166	65.076813	65.064583	65.055809	65.059013	65.049431	65.028618	65.006508	64.999382	64.991997	64.981834
634	66.587807	66.375519	66.263687	66.193039	66.129921	66.083107	66.023979	65.979462	65.954369	65.903625	65.866524	65.848419	65.812149	65.774246	65.759689	65.74675	65.701393	65.689972	65.676102	65.639709	65.608353	65.592453	65.595024	65.564468	65.546005	65.531601	65.503326	65.49572	65.473518	65.462196	65.440453	65.425461	65.429153	65.417953	65.390732	65.388077	65.364685	65.35865	65.332169	65.328995	65.315773	65.297363	65.303642	65.283821	65.263939	65.273026	65.243713	65.2472	65.23288	65.224022	65.214569	65.202507	65.19207	65.181992	65.184647	65.176544	65.15609	65.134621	65.127541	65.117897	65.108765
635	66.714394	66.503059	66.389732	66.320541	66.255226	66.209572	66.15065	66.106102	66.080544	66.029785	65.993561	65.974869	65.938721	65.901825	65.886559	65.871796	65.826836	65.81501	65.801491	65.765114	65.735313	65.718796	65.721016	65.690056	65.672363	65.657997	65.630127	65.621384	65.600471	65.588295	65.566429	65.553116	65.554199	65.543663	65.517845	65.514709	65.490463	65.484955	65.458572	65.454521	65.442291	65.422958	65.430817	65.408569	65.390533	65.398819	65.370125	65.37336	65.358604	65.349159	65.340767	65.326653	65.318314	65.30674	65.308945	65.302383	65.282402	65.261765	65.254608	65.242386	65.234482
636	66.840248	66.62986	66.515053	66.447296	66.379799	66.335312	66.276604	66.23201	66.205978	66.155228	66.119858	66.100586	66.064575	66.028656	66.012703	65.996117	65.951553	65.939316	65.926163	65.889786	65.861549	65.844414	65.846291	65.814919	65.797989	65.783669	65.756187	65.746323	65.7267	65.713676	65.691673	65.680038	65.67852	65.668648	65.644241	65.640617	65.615501	65.610527	65.584251	65.57933	65.568092	65.547829	65.557251	65.5326	65.516403	65.52388	65.495804	65.498787	65.48362	65.473579	65.46624	65.450081	65.443832	65.430763	65.432526	65.42749	65.407997	65.388176	65.380936	65.366158	65.359482
637	66.963615	66.752914	66.637741	66.569946	66.501556	66.457626	66.398987	66.35434	66.327637	66.277107	66.242126	66.222351	66.18676	66.151138	66.134956	66.117798	66.073112	66.060867	66.047905	66.011711	65.983521	65.965843	65.968155	65.936493	65.920509	65.905731	65.878372	65.868118	65.849396	65.835129	65.813469	65.802383	65.800041	65.79023	65.7659	65.762451	65.737366	65.732292	65.705887	65.70079	65.69014	65.66967	65.679008	65.653671	65.638153	65.64547	65.617737	65.62001	65.605568	65.595421	65.588333	65.571083	65.565582	65.552254	65.553841	65.549133	65.529778	65.510521	65.502472	65.487663	65.481255
638	67.085129	66.873047	66.758461	66.689392	66.621178	66.577324	66.5186	66.473907	66.446358	66.396225	66.361229	66.341057	66.306137	66.270241	66.254196	66.237495	66.192253	66.180305	66.167442	66.131554	66.102173	66.084	66.087418	66.05555	66.040649	66.025009	65.997536	65.987518	65.969376	65.953537	65.932617	65.92115	65.919449	65.90918	65.88385	65.881119	65.856789	65.85112	65.824402	65.819702	65.809303	65.7892	65.797081	65.772476	65.756691	65.764389	65.736763	65.737953	65.725189	65.715324	65.707832	65.690247	65.684425	65.671844	65.673477	65.668091	65.648613	65.629684	65.620239	65.607491	65.600586
639	67.206367	66.992928	66.878899	66.808578	66.74054	66.696754	66.637955	66.593216	66.564819	66.515091	66.48008	66.45948	66.42524	66.389069	66.373161	66.356926	66.311127	66.299484	66.286705	66.251137	66.220566	66.201904	66.206406	66.174332	66.160515	66.144028	66.116432	66.106644	66.089088	66.071686	66.051491	66.039642	66.038582	66.027863	66.001549	65.999512	65.975952	65.969673	65.942642	65.938339	65.9282	65.908455	65.914902	65.891022	65.874954	65.883049	65.855522	65.855644	65.844551	65.834961	65.827057	65.809158	65.803001	65.791168	65.792839	65.786781	65.767174	65.748589	65.73774	65.727058	65.719643
640	67.323456	67.108788	66.995407	66.923882	66.856117	66.812202	66.753227	66.708717	66.679474	66.629845	66.5951	66.574104	66.540215	66.503876	66.487999	66.472282	66.426071	66.414764	66.401932	66.366844	66.33493	66.316002	66.321327	66.289108	66.2761	66.258896	66.231239	66.221718	66.204262	66.185966	66.166153	66.154221	66.153366	66.142426	66.11541	66.113701	66.091026	66.084206	66.057152	66.053009	66.042938	66.023659	66.028816	66.005402	65.988907	65.997467	65.969963	65.96946	65.959587	65.949928	65.941849	65.92382	65.917458	65.906189	65.907974	65.901405	65.881615	65.863525	65.851418	65.84243	65.834572
641	67.425598	67.210297	67.09787	67.025337	66.95826	66.913406	66.853851	66.810646	66.780563	66.729912	66.696465	66.675087	66.640381	66.604279	66.587982	66.573051	66.527023	66.516136	66.502708	66.468788	66.434921	66.41658	66.4216	66.389542	66.376198	66.358871	66.331345	66.322258	66.30304	66.286484	66.265648	66.254761	66.252487	66.24218	66.215645	66.212769	66.191444	66.184349	66.158386	66.153473	66.142761	66.124329	66.12883	66.104774	66.087219	66.096657	66.068848	66.069435	66.059067	66.047951	66.040596	66.02317	66.017143	66.005745	66.007866	66.001465	65.981224	65.964233	65.951469	65.942726	65.934654
642	67.528046	67.312088	67.20063	67.12709	67.060699	67.0149	66.954773	66.912872	66.881943	66.830261	66.798103	66.77636	66.740822	66.704956	66.688255	66.67411	66.628258	66.61779	66.60376	66.571014	66.535202	66.517433	66.522179	66.490265	66.476585	66.459137	66.43174	66.423073	66.402092	66.387276	66.365433	66.355583	66.351883	66.342232	66.31617	66.312111	66.292152	66.284775	66.259895	66.254227	66.242859	66.225281	66.229141	66.20443	66.185829	66.196129	66.168007	66.169701	66.158829	66.146255	66.139618	66.12281	66.117111	66.105568	66.10804	66.101807	66.081123	66.065231	66.051826	66.043289	66.035019
643	67.630775	67.414162	67.30368	67.229126	67.163429	67.116676	67.055977	67.015388	66.983597	66.930893	66.900047	66.877922	66.841545	66.805939	66.788811	66.775452	66.729782	66.719749	66.705109	66.673538	66.635757	66.618576	66.623047	66.591278	66.577255	66.559685	66.532425	66.524178	66.501434	66.488358	66.4655	66.456696	66.451569	66.442558	66.416969	66.411743	66.393158	66.38549	66.36171	66.35527	66.343246	66.32653	66.329727	66.304367	66.284714	66.295883	66.267464	66.270248	66.258873	66.244835	66.23893	66.222733	66.217369	66.205688	66.208496	66.202431	66.181305	66.166512	66.152451	66.14415	66.135674
644	67.720451	67.503426	67.392899	67.318718	67.253937	67.207375	67.145912	67.104713	67.073868	67.020943	66.989693	66.967842	66.931084	66.896744	66.878532	66.865105	66.819176	66.810257	66.795616	66.763634	66.727417	66.709015	66.713181	66.681091	66.667259	66.649239	66.623322	66.614105	66.591576	66.578529	66.556252	66.546021	66.541824	66.53273	66.507111	66.500832	66.481712	66.474831	66.451462	66.444366	66.433525	66.41613	66.419861	66.394669	66.375748	66.385101	66.356926	66.359634	66.348083	66.335365	66.328072	66.313629	66.307114	66.29557	66.298973	66.291718	66.270981	66.25528	66.242165	66.234329	66.224899
645	67.808586	67.591187	67.480453	67.406883	67.34304	67.296852	67.234604	67.192474	67.162865	67.109848	67.077927	67.05645	67.019379	66.986473	66.967079	66.95343	66.907188	66.899498	66.884956	66.852295	66.818207	66.798302	66.802147	66.769669	66.756111	66.737587	66.713219	66.702774	66.680809	66.667519	66.646042	66.634018	66.631104	66.621819	66.596085	66.588776	66.568832	66.562889	66.539841	66.532112	66.522736	66.504417	66.508881	66.483978	66.46608	66.473167	66.445358	66.447762	66.436111	66.42514	66.41613	66.403641	66.395714	66.384361	66.38839	66.37973	66.35952	66.342583	66.330688	66.323341	66.312859
646	67.897293	67.679527	67.568573	67.495605	67.432724	67.386909	67.32386	67.280807	67.252441	67.199318	67.166733	67.14563	67.108246	67.076797	67.05619	67.042328	66.995766	66.989304	66.974869	66.941544	66.909584	66.888161	66.891693	66.858818	66.845543	66.826508	66.803696	66.792038	66.770607	66.75708	66.736427	66.72258	66.72097	66.711472	66.685638	66.677299	66.656517	66.65152	66.628792	66.620422	66.612526	66.593277	66.598473	66.57386	66.556999	66.561798	66.534355	66.536476	66.524704	66.515503	66.504761	66.494225	66.484894	66.473732	66.478386	66.468307	66.448631	66.43045	66.419777	66.412933	66.401367
647	67.981171	67.76329	67.652473	67.579247	67.516541	67.47084	67.408005	67.364563	67.33683	67.284111	67.250755	67.229912	67.192627	67.160675	67.140213	67.125732	67.079231	67.072601	67.059036	67.024712	66.99353	66.972054	66.975662	66.942429	66.928658	66.910454	66.887123	66.87516	66.85408	66.840775	66.820534	66.804993	66.80471	66.794777	66.769287	66.760567	66.739571	66.735062	66.711861	66.703636	66.695953	66.677124	66.681496	66.656952	66.640656	66.645042	66.617409	66.619888	66.607178	66.599197	66.587669	66.578194	66.568184	66.556618	66.561714	66.55085	66.532227	66.513268	66.50351	66.495979	66.48436
648	68.060837	67.843086	67.732742	67.658424	67.5952	67.549393	67.487679	67.444321	67.416695	67.364838	67.330597	67.309921	67.273117	67.238884	67.219772	67.2043	67.158218	67.150146	67.138168	67.102547	67.070877	67.050705	67.054718	67.021194	67.00621	66.990044	66.964325	66.952881	66.931984	66.919312	66.899109	66.881981	66.883064	66.872467	66.847733	66.839256	66.818581	66.814156	66.789749	66.782387	66.773781	66.756592	66.758713	66.734024	66.717896	66.723541	66.695229	66.698669	66.684258	66.676994	66.665565	66.656288	66.646286	66.633766	66.639145	66.628059	66.61097	66.591652	66.58252	66.573242	66.562492
649	68.141205	67.923592	67.813698	67.738304	67.674545	67.628654	67.568062	67.52478	67.497253	67.446266	67.411163	67.390633	67.354324	67.317787	67.300041	67.283569	67.237915	67.228378	67.218002	67.181061	67.148903	67.130035	67.134476	67.100655	67.084457	67.070351	67.042198	67.031281	67.010567	66.99855	66.978378	66.959641	66.962112	66.950836	66.92688	66.918633	66.898293	66.893951	66.868332	66.861839	66.852287	66.836754	66.836594	66.81179	66.795799	66.802727	66.77375	66.778152	66.762016	66.75547	66.744148	66.735085	66.72509	66.711609	66.717262	66.705948	66.690407	66.670731	66.662231	66.651192	66.641319
650	68.218895	68.00116	67.891632	67.815598	67.751328	67.705246	67.64566	67.602142	67.574783	67.524445	67.488747	67.467949	67.432144	67.393745	67.377136	67.359955	67.314659	67.303818	67.294685	67.256752	67.224213	67.20649	67.21122	67.1772	67.159927	67.147392	67.117455	67.107262	67.086433	67.074852	67.054543	67.034927	67.0382	67.026489	67.003174	66.995186	66.975006	66.97068	66.944229	66.938515	66.92794	66.913734	66.912071	66.887291	66.871117	66.879257	66.849724	66.854744	66.83754	66.831451	66.819962	66.811241	66.801331	66.787125	66.792831	66.781464	66.767029	66.747192	66.738876	66.726585	66.717377
651	68.282341	68.063377	67.953728	67.879044	67.814407	67.767769	67.708588	67.663422	67.636475	67.585831	67.550781	67.52784	67.492569	67.454376	67.437805	67.421196	67.376053	67.364639	67.355087	67.317619	67.285172	67.267853	67.272247	67.23851	67.220856	67.207687	67.178787	67.170212	67.147949	67.135864	67.114594	67.097397	67.098869	67.087822	67.064545	67.056915	67.036057	67.03154	67.005882	67.000565	66.988617	66.974274	66.974556	66.950516	66.932617	66.941666	66.912163	66.916206	66.900848	66.894012	66.881187	66.873405	66.863914	66.850052	66.854897	66.844215	66.828804	66.809776	66.799553	66.788406	66.7789
652	68.346542	68.126328	68.016571	67.943253	67.87822	67.831032	67.772263	67.725426	67.698921	67.647949	67.613541	67.58844	67.553726	67.515739	67.499184	67.483177	67.438164	67.426178	67.416214	67.379204	67.346848	67.329933	67.334	67.300545	67.282509	67.268707	67.24086	67.233902	67.210182	67.197594	67.175362	67.160606	67.160263	67.149887	67.126648	67.119377	67.097832	67.093109	67.068275	67.063362	67.050018	67.035538	67.037781	67.014481	66.994858	67.004822	66.975342	66.978394	66.964905	66.957321	66.943146	66.936302	66.927246	66.913742	66.917686	66.907715	66.891312	66.873085	66.860947	66.85096	66.841141
653	68.411499	68.190025	68.080154	68.008209	67.942795	67.895042	67.836693	67.78817	67.762085	67.710785	67.677048	67.64975	67.615593	67.577812	67.561302	67.545876	67.501015	67.488441	67.478058	67.441528	67.409248	67.392746	67.396484	67.363319	67.344894	67.330437	67.303658	67.298347	67.273163	67.260056	67.236847	67.224571	67.222374	67.212685	67.189476	67.182571	67.160347	67.155418	67.131409	67.126892	67.112137	67.097519	67.101746	67.079208	67.057831	67.068718	67.039284	67.041306	67.029724	67.02137	67.005829	66.999954	66.991333	66.978172	66.981224	66.971954	66.954567	66.937141	66.923073	66.914246	66.904106
654	68.479141	68.258438	68.1464	68.074684	68.009323	67.962578	67.902878	67.856148	67.829842	67.777512	67.74424	67.717972	67.682281	67.645462	67.629272	67.613564	67.567673	67.55616	67.544426	67.508698	67.475929	67.460098	67.462341	67.429619	67.412521	67.397568	67.369843	67.364632	67.339767	67.326599	67.305016	67.292107	67.290024	67.28054	67.25695	67.250618	67.226944	67.222717	67.198631	67.194138	67.179497	67.165634	67.168785	67.146286	67.125664	67.136086	67.107475	67.109322	67.09697	67.088425	67.074646	67.066727	67.058693	67.04538	67.049118	67.039391	67.021599	67.003876	66.99073	66.981026	66.971985
655	68.547943	68.328384	68.213799	68.142097	68.076859	68.031403	67.970047	67.925735	67.899109	67.845612	67.812759	67.788155	67.750511	67.71479	67.699005	67.682838	67.635689	67.625549	67.612282	67.577423	67.544037	67.528954	67.529472	67.497231	67.481789	67.46637	67.437294	67.431908	67.4077	67.394554	67.375092	67.36097	67.359367	67.350006	67.325943	67.320213	67.294952	67.291611	67.267273	67.262718	67.248497	67.235565	67.237045	67.214462	67.195061	67.204742	67.177124	67.178932	67.165314	67.1567	67.145271	67.134743	67.127335	67.113754	67.118469	67.108063	67.089989	67.071747	67.060081	67.049095	67.041428
656	68.617569	68.39917	68.281982	68.210312	68.145203	68.101067	68.038002	67.996178	67.9692	67.914513	67.882088	67.859169	67.819557	67.78495	67.769562	67.752937	67.704514	67.695786	67.680939	67.646965	67.612968	67.598633	67.597404	67.565643	67.551888	67.535973	67.505562	67.499992	67.476425	67.463318	67.446014	67.430649	67.429535	67.420303	67.395752	67.390648	67.36377	67.36132	67.336731	67.33213	67.318306	67.306313	67.306114	67.283455	67.265282	67.274216	67.247612	67.249382	67.234482	67.225792	67.216736	67.20356	67.196793	67.182953	67.18866	67.177559	67.159203	67.140427	67.130257	67.117981	67.111702
657	68.692749	68.474564	68.356201	68.284645	68.219681	68.176025	68.112236	68.071259	68.04483	67.988846	67.956551	67.934486	67.89418	67.859901	67.844948	67.828285	67.779144	67.77124	67.755997	67.722099	67.687935	67.673935	67.671951	67.640175	67.627357	67.610916	67.580582	67.57473	67.550812	67.538033	67.521545	67.505417	67.505035	67.495171	67.470253	67.465416	67.438217	67.436478	67.411446	67.407021	67.393204	67.381218	67.381218	67.357811	67.340752	67.34893	67.322739	67.324448	67.308838	67.300522	67.292709	67.27845	67.271454	67.258385	67.264023	67.252396	67.23439	67.215492	67.205933	67.192551	67.18692
658	68.77346	68.554565	68.436417	68.365097	68.30027	68.256279	68.192711	68.15097	68.125992	68.068565	68.036095	68.014099	67.974365	67.939613	67.925163	67.908875	67.859566	67.851944	67.83744	67.802788	67.768921	67.754868	67.753105	67.720795	67.708191	67.691185	67.662331	67.65612	67.630829	67.618683	67.601707	67.585236	67.585861	67.574593	67.549408	67.544518	67.518272	67.517075	67.491394	67.487366	67.473145	67.460251	67.462326	67.437515	67.42144	67.428848	67.402504	67.404137	67.38839	67.38089	67.373161	67.359375	67.351303	67.340034	67.344582	67.332565	67.315552	67.296913	67.287079	67.272812	67.26709
659	68.855141	68.635513	68.517593	68.446503	68.381813	68.337486	68.274155	68.231621	68.208107	68.149231	68.1166	68.09465	68.055504	68.020279	68.006325	67.990417	67.940941	67.933586	67.919861	67.884438	67.850876	67.836761	67.835228	67.802383	67.789993	67.772408	67.745056	67.738495	67.711792	67.700294	67.682823	67.666008	67.667641	67.654953	67.629517	67.624573	67.599281	67.59864	67.572296	67.568665	67.554047	67.540215	67.544403	67.518173	67.50309	67.50972	67.483223	67.484787	67.468887	67.462219	67.454575	67.441261	67.432114	67.422653	67.426086	67.413681	67.39769	67.379303	67.369202	67.354027	67.348221
660	68.93895	68.718567	68.601074	68.529907	68.465469	68.420692	68.357719	68.314377	68.292	68.231926	68.199348	68.177429	68.138702	68.102852	68.089333	68.073692	68.024254	68.017159	68.003914	67.967957	67.934692	67.920265	67.919174	67.885895	67.87355	67.855698	67.829506	67.822647	67.795059	67.783836	67.765816	67.748711	67.751434	67.73745	67.711899	67.706779	67.682388	67.682114	67.655128	67.651794	67.637054	67.622269	67.628143	67.600945	67.586311	67.592491	67.565895	67.567696	67.551628	67.545601	67.537918	67.524948	67.515129	67.507065	67.509476	67.496796	67.481392	67.463425	67.453033	67.437187	67.431229
661	69.029556	68.808334	68.692268	68.619408	68.555771	68.51001	68.448051	68.403839	68.380737	68.32093	68.289528	68.267494	68.228325	68.191116	68.177757	68.161728	68.113342	68.106422	68.092247	68.056923	68.023949	68.007942	68.008316	67.975189	67.96196	67.94548	67.918739	67.911835	67.886017	67.873169	67.85434	67.837273	67.841408	67.826767	67.80188	67.795982	67.772133	67.771271	67.743774	67.740181	67.726807	67.710915	67.716263	67.690491	67.673508	67.680901	67.654495	67.658081	67.641815	67.635338	67.626968	67.613747	67.605362	67.596451	67.598381	67.586037	67.569038	67.552246	67.541512	67.52623	67.519821
662	69.121239	68.899162	68.784538	68.709969	68.647156	68.600372	68.539467	68.494362	68.470535	68.410988	68.380775	68.358635	68.319023	68.280426	68.267235	68.250809	68.203491	68.196739	68.18161	68.14695	68.114265	68.096642	68.098518	68.065536	68.051422	68.036324	68.009018	68.002075	67.978058	67.963562	67.943916	67.92688	67.932449	67.917152	67.892929	67.886238	67.862953	67.861481	67.833481	67.82962	67.817619	67.800606	67.80542	67.781082	67.761734	67.770355	67.744148	67.74955	67.73307	67.726151	67.717079	67.70359	67.696671	67.68689	67.688354	67.676338	67.65773	67.642136	67.631027	67.616341	67.609451
663	69.214027	68.991074	68.877914	68.80162	68.739632	68.691841	68.631973	68.585983	68.561401	68.502129	68.473122	68.450882	68.410812	68.370804	68.357788	68.340965	68.294724	68.288147	68.272057	68.238052	68.205666	68.186417	68.189796	68.156967	68.141953	68.128273	68.100388	68.093407	68.07119	68.055031	68.034569	68.017563	68.02459	68.008621	67.985069	67.977577	67.954865	67.952782	67.924255	67.920128	67.909531	67.89138	67.89566	67.872772	67.851028	67.860893	67.834885	67.84211	67.825424	67.818054	67.808273	67.79451	67.789078	67.778419	67.779419	67.767731	67.747482	67.733093	67.721626	67.707535	67.700165
664	69.301399	69.078934	68.965134	68.890778	68.827202	68.780556	68.719391	68.674294	68.648773	68.590256	68.560532	68.538467	68.49781	68.458534	68.445137	68.428238	68.383286	68.374962	68.359772	68.325081	68.29319	68.273972	68.277779	68.244164	68.229546	68.215691	68.187523	68.180977	68.157753	68.143173	68.12104	68.105431	68.110313	68.096657	68.072502	68.064827	68.042343	68.039703	68.011925	68.007431	67.997528	67.979111	67.983353	67.960167	67.939171	67.949379	67.923264	67.929771	67.913506	67.905174	67.896301	67.882492	67.87661	67.866287	67.867622	67.856064	67.836319	67.820152	67.80957	67.796181	67.789093
665	69.388214	69.166512	69.051628	68.979988	68.914322	68.869278	68.806305	68.762497	68.735985	68.678329	68.647491	68.625656	68.584389	68.54628	68.532372	68.515488	68.47187	68.461365	68.447479	68.411812	68.380478	68.361633	68.365654	68.331039	68.317093	68.302742	68.274338	68.268333	68.243507	68.231186	68.207207	68.193283	68.195251	68.184547	68.159523	68.151779	68.129478	68.126282	68.099533	68.09462	68.085281	68.06678	68.071098	68.047241	68.027657	68.038025	68.011734	68.016975	68.001274	67.991867	67.984238	67.970428	67.963699	67.953949	67.955818	67.944351	67.925552	67.906967	67.897537	67.884888	67.878227
666	69.475792	69.254868	69.138893	69.070007	69.00222	68.958801	68.894005	68.851486	68.823967	68.767189	68.735229	68.713623	68.67173	68.634789	68.620392	68.603516	68.561241	68.548546	68.535973	68.499336	68.468529	68.450073	68.4543	68.418678	68.405418	68.390564	68.361923	68.356476	68.330017	68.319992	68.294128	68.281914	68.280937	68.273232	68.247314	68.23951	68.217384	68.213615	68.187912	68.182594	68.17382	68.155235	68.15963	68.135086	68.116928	68.127449	68.10099	68.104965	68.089828	68.079323	68.07296	68.059128	68.051552	68.042397	68.0448	68.033417	68.015587	67.994537	67.986282	67.97438	67.968163
667	69.559982	69.339027	69.222603	69.154663	69.085358	69.042702	68.977264	68.935165	68.908264	68.851448	68.818756	68.797157	68.755173	68.719193	68.704674	68.687813	68.645309	68.631958	68.620018	68.583145	68.55217	68.533745	68.538414	68.50248	68.489326	68.474205	68.445618	68.440651	68.413567	68.404121	68.377434	68.365524	68.363976	68.357674	68.331558	68.324158	68.301453	68.297684	68.272324	68.266861	68.25795	68.239815	68.24411	68.218979	68.201485	68.211899	68.185455	68.188919	68.173859	68.163109	68.156685	68.143723	68.134995	68.125572	68.129173	68.117889	68.100105	68.078194	68.070107	68.058472	68.052551
668	69.64035	69.418488	69.302299	69.233414	69.163223	69.120415	69.055603	69.012993	68.988403	68.930588	68.897583	68.875771	68.834274	68.798996	68.784767	68.767914	68.723511	68.711159	68.699135	68.662819	68.63089	68.612114	68.617485	68.581985	68.568314	68.553177	68.524956	68.520393	68.493729	68.48307	68.456665	68.443581	68.44397	68.437401	68.411789	68.405327	68.38121	68.378052	68.35228	68.34697	68.337181	68.320045	68.324074	68.298454	68.2808	68.290825	68.264618	68.268356	68.252876	68.24276	68.234871	68.223717	68.213516	68.202934	68.20842	68.197235	68.178558	68.157433	68.148468	68.136612	68.130836
669	69.721176	69.498405	69.382439	69.312614	69.241539	69.19857	69.134384	69.091263	69.069	69.010201	68.976868	68.954819	68.913826	68.87925	68.865326	68.848465	68.80217	68.790802	68.778694	68.742943	68.710068	68.69091	68.697006	68.661934	68.647758	68.632599	68.604744	68.600586	68.574348	68.562462	68.536339	68.522087	68.524429	68.517586	68.492485	68.486938	68.461433	68.45887	68.432701	68.427536	68.416855	68.400734	68.404488	68.378387	68.360565	68.370209	68.344223	68.348267	68.332344	68.322861	68.313507	68.304153	68.29248	68.280724	68.288132	68.277054	68.257454	68.237129	68.227272	68.215195	68.209572
670	69.800865	69.577583	69.461967	69.391457	69.319611	69.276169	69.212769	69.169388	69.148888	69.089355	69.055687	69.033539	68.992958	68.95887	68.945107	68.928307	68.880524	68.869942	68.857796	68.822548	68.788795	68.769417	68.776093	68.741318	68.726883	68.711571	68.6838	68.680161	68.654213	68.641212	68.615776	68.60038	68.604416	68.597084	68.572533	68.567696	68.541138	68.538979	68.51255	68.507408	68.495903	68.480576	68.484383	68.457558	68.439758	68.449295	68.423157	68.42746	68.41127	68.402252	68.391693	68.383896	68.371025	68.358299	68.367187	68.356209	68.335899	68.316338	68.305557	68.293434	68.287933
671	69.871956	69.650383	69.535759	69.466026	69.394234	69.348351	69.286667	69.244492	69.222519	69.163887	69.129669	69.108177	69.067543	69.032631	69.018272	69.001816	68.954994	68.943947	68.932137	68.897087	68.8629	68.843918	68.850533	68.815262	68.802002	68.785767	68.756454	68.754044	68.7276	68.714088	68.69162	68.675331	68.679543	68.670517	68.646667	68.641335	68.615784	68.612831	68.587059	68.581123	68.569252	68.553452	68.559074	68.530235	68.513496	68.52459	68.496017	68.500504	68.484985	68.475327	68.465141	68.457504	68.445015	68.432465	68.440392	68.429512	68.40966	68.390556	68.378639	68.367546	68.362076
672	69.943321	69.723457	69.609848	69.540894	69.469162	69.42083	69.360878	69.319901	69.296463	69.238724	69.203957	69.183121	69.142433	69.106697	69.091751	69.075623	69.02977	69.01825	69.00679	68.971909	68.937286	68.918724	68.92527	68.889511	68.877426	68.86026	68.829414	68.828217	68.80127	68.787262	68.767776	68.750587	68.754967	68.744247	68.721107	68.715263	68.690727	68.686981	68.661858	68.655113	68.642899	68.62661	68.634071	68.603226	68.587532	68.600182	68.569183	68.573837	68.55899	68.548691	68.538887	68.531395	68.519302	68.50692	68.513885	68.503098	68.483711	68.465065	68.452011	68.441963	68.436508
673	70.014984	69.796837	69.684235	69.616066	69.544388	69.493599	69.435379	69.395622	69.370689	69.31385	69.278542	69.258369	69.217621	69.181053	69.16552	69.149719	69.104851	69.092857	69.081734	69.047043	69.011993	68.993828	69.000305	68.96405	68.953148	68.935059	68.902657	68.902702	68.875252	68.860733	68.844238	68.826141	68.830696	68.818275	68.795853	68.78949	68.765961	68.761436	68.736954	68.729416	68.716835	68.700066	68.709366	68.676498	68.661865	68.676086	68.642639	68.647476	68.633301	68.622368	68.61293	68.605583	68.593887	68.58168	68.587677	68.576988	68.558067	68.539886	68.525681	68.516678	68.511238
674	70.082817	69.866127	69.751778	69.683342	69.612	69.562546	69.504745	69.464264	69.438332	69.381371	69.347343	69.326439	69.286743	69.249825	69.234024	69.218536	69.173576	69.162201	69.151672	69.115891	69.081459	69.062798	69.069229	69.03392	69.022408	69.005051	68.972801	68.971046	68.944359	68.930725	68.914108	68.895905	68.899521	68.888313	68.865074	68.857483	68.835548	68.83091	68.805695	68.798477	68.786293	68.769562	68.779068	68.747078	68.731033	68.745621	68.712212	68.716515	68.702805	68.691528	68.68309	68.674393	68.663673	68.652138	68.656837	68.646484	68.627625	68.609146	68.595657	68.586906	68.580261
675	70.149933	69.934654	69.817924	69.74897	69.678024	69.630791	69.573105	69.531448	69.504631	69.447296	69.414986	69.393028	69.354637	69.317482	69.301483	69.286308	69.240997	69.230515	69.22065	69.183472	69.149902	69.130531	69.136917	69.102898	69.09034	69.074104	69.042427	69.038162	69.01252	69.000092	68.982635	68.964508	68.966927	68.957611	68.933197	68.92421	68.904022	68.899422	68.873146	68.866501	68.854889	68.838326	68.847641	68.817245	68.799194	68.813866	68.781059	68.784676	68.771393	68.759842	68.752533	68.742142	68.732529	68.721786	68.725113	68.715164	68.696266	68.677315	68.66497	68.656288	68.64814
676	70.217308	70.003433	69.884323	69.814835	69.744293	69.699287	69.641724	69.598892	69.571175	69.513489	69.482887	69.459877	69.422798	69.385399	69.369194	69.354332	69.308693	69.299088	69.289879	69.251305	69.218605	69.198532	69.204865	69.172134	69.158539	69.143425	69.112312	69.10553	69.08094	69.06974	69.05143	69.033379	69.034584	69.027176	69.001579	68.991196	68.97274	68.968193	68.940857	68.934792	68.923752	68.907349	68.916496	68.887672	68.867607	68.882362	68.850182	68.853088	68.840233	68.828407	68.822243	68.810135	68.801643	68.791695	68.79364	68.784103	68.765167	68.74572	68.734543	68.725937	68.71627
677	70.285049	70.070358	69.950775	69.880478	69.810707	69.766762	69.708214	69.665268	69.637421	69.580055	69.549385	69.526772	69.490387	69.452194	69.435997	69.422211	69.376259	69.366753	69.357788	69.318268	69.285713	69.26561	69.271927	69.239647	69.225624	69.211319	69.180397	69.172989	69.148758	69.137756	69.118317	69.100647	69.10202	69.095001	69.069283	69.058487	69.040131	69.035973	69.007782	69.002876	68.991859	68.975227	68.98391	68.956055	68.93557	68.949532	68.918213	68.921158	68.907532	68.896111	68.890594	68.877365	68.869171	68.859749	68.861305	68.851585	68.832817	68.813416	68.802734	68.793846	68.784042
678	70.353134	70.135155	70.017242	69.945824	69.87722	69.833031	69.772263	69.730415	69.703285	69.646988	69.614258	69.593681	69.557281	69.517677	69.501709	69.489891	69.443634	69.433342	69.424171	69.384178	69.35099	69.331619	69.337936	69.305191	69.291397	69.27755	69.246407	69.240494	69.215851	69.203934	69.183044	69.166084	69.169159	69.160858	69.136169	69.126068	69.105988	69.102577	69.073776	69.070679	69.059082	69.041763	69.049675	69.02211	69.002991	69.01516	68.98497	68.98877	68.973068	68.962769	68.957367	68.943665	68.934891	68.925682	68.92794	68.917389	68.899017	68.880234	68.869308	68.859764	68.851357
679	70.421425	70.200165	70.083931	70.011375	69.943932	69.899506	69.836517	69.795769	69.769363	69.714134	69.679337	69.660797	69.624413	69.583366	69.567642	69.557777	69.511223	69.500153	69.490768	69.450317	69.416481	69.397835	69.404182	69.370956	69.357384	69.344002	69.312637	69.308212	69.283173	69.270325	69.247993	69.231735	69.236504	69.226921	69.203278	69.193863	69.17205	69.169403	69.139984	69.138702	69.126503	69.108521	69.115646	69.088379	69.070618	69.080986	69.051949	69.05661	69.038803	69.029663	69.024353	69.010178	69.000824	68.991821	68.994804	68.983398	68.965439	68.947266	68.936104	68.92588	68.918884
680	70.48954	70.265404	70.150742	70.077148	70.010742	69.966019	69.901268	69.861359	69.835541	69.78112	69.744759	69.727936	69.691452	69.649391	69.633713	69.625626	69.578735	69.567123	69.557388	69.516663	69.482262	69.464333	69.470734	69.437164	69.423676	69.410461	69.379082	69.375801	69.350517	69.33696	69.313347	69.297806	69.303833	69.293221	69.270172	69.261597	69.23822	69.236168	69.206322	69.206589	69.193993	69.175507	69.181808	69.154793	69.138199	69.147125	69.119003	69.124489	69.105026	69.096718	69.091461	69.077003	69.067093	69.057991	69.061745	69.04966	69.032112	69.014465	69.003174	68.992203	68.986496
681	70.555275	70.331039	70.217163	70.143166	70.076935	70.031532	69.968018	69.927322	69.901184	69.845909	69.811157	69.794098	69.756882	69.716278	69.699646	69.692001	69.644569	69.633934	69.623001	69.583199	69.548752	69.531425	69.538147	69.505104	69.490692	69.475815	69.445732	69.441376	69.416916	69.404022	69.380241	69.365417	69.369766	69.359886	69.334663	69.327774	69.303978	69.301369	69.272354	69.272408	69.260628	69.242744	69.248032	69.220993	69.204315	69.214111	69.18541	69.191528	69.173119	69.163666	69.15818	69.144669	69.134445	69.1231	69.128029	69.116241	69.099358	69.081589	69.070869	69.058601	69.053528
682	70.621155	70.396835	70.283737	70.209343	70.143295	70.097206	70.034927	69.993446	69.966995	69.910851	69.877701	69.860405	69.822464	69.783318	69.765732	69.758537	69.710564	69.700912	69.688766	69.649887	69.615395	69.598686	69.605721	69.573204	69.557869	69.541321	69.512543	69.507095	69.483467	69.471237	69.447289	69.433189	69.435867	69.426712	69.399292	69.394104	69.369881	69.36673	69.338539	69.338394	69.327431	69.31015	69.314423	69.287338	69.270592	69.281258	69.251984	69.258728	69.241371	69.230774	69.22506	69.212494	69.201942	69.188377	69.194481	69.182983	69.166771	69.148857	69.138733	69.12516	69.120705
683	70.687195	70.462784	70.350464	70.275673	70.209793	70.163033	70.10199	70.059715	70.032951	69.975952	69.94442	69.926865	69.888191	69.85051	69.83197	69.825218	69.776711	69.768051	69.754677	69.716728	69.682198	69.666092	69.673447	69.641464	69.625198	69.606987	69.579506	69.572983	69.550171	69.53862	69.514488	69.501122	69.502113	69.493698	69.464073	69.460594	69.435936	69.432243	69.404877	69.404526	69.394371	69.377701	69.380959	69.353851	69.337013	69.348549	69.318703	69.326088	69.309792	69.298035	69.292091	69.280479	69.2696	69.253792	69.26107	69.249878	69.234329	69.216278	69.206741	69.191879	69.188042
684	70.752357	70.527176	70.416016	70.341042	70.274963	70.227898	70.167412	70.125656	70.098885	70.041603	70.010559	69.991753	69.95433	69.916557	69.899246	69.8908	69.843254	69.833656	69.821297	69.782707	69.7481	69.731674	69.739304	69.706551	69.690376	69.673851	69.64595	69.639381	69.616432	69.604942	69.581856	69.566818	69.568604	69.559616	69.530174	69.526222	69.501274	69.497009	69.4701	69.469971	69.458809	69.442337	69.446114	69.420105	69.403778	69.414894	69.385117	69.392357	69.375656	69.364799	69.358002	69.346642	69.336037	69.321213	69.327332	69.316307	69.3013	69.283119	69.272522	69.258652	69.255051
685	70.817375	70.59124	70.481339	70.40625	70.339867	70.292587	70.232483	70.191589	70.164871	70.107468	70.076622	70.056328	70.020638	69.982376	69.966843	69.956169	69.90995	69.898956	69.888153	69.848541	69.81385	69.796867	69.804764	69.770889	69.755081	69.741074	69.712341	69.705978	69.68264	69.671059	69.64933	69.632027	69.635208	69.625328	69.596657	69.591721	69.56649	69.561646	69.535118	69.535294	69.522682	69.50631	69.511009	69.486366	69.470688	69.481071	69.451523	69.458427	69.440941	69.431511	69.423706	69.412422	69.402245	69.389191	69.393578	69.38269	69.368187	69.349876	69.337822	69.325493	69.322044
686	70.882484	70.655403	70.546761	70.471558	70.404854	70.357376	70.297653	70.257607	70.230957	70.173416	70.142784	70.120987	70.087044	70.048294	70.034554	70.021645	69.976761	69.964355	69.955124	69.914474	69.8797	69.86216	69.870316	69.835335	69.819878	69.808411	69.778824	69.77269	69.748962	69.737282	69.716904	69.697334	69.70192	69.691147	69.663254	69.65731	69.631805	69.626389	69.600243	69.600731	69.586639	69.570366	69.575989	69.552734	69.537697	69.54734	69.518028	69.524605	69.506332	69.498314	69.48951	69.478302	69.468536	69.457275	69.45993	69.449181	69.435181	69.416733	69.403214	69.392464	69.389137
687	70.946724	70.719933	70.61039	70.535942	70.468727	70.421844	70.361893	70.32251	70.296227	70.238457	70.207596	70.185661	70.152016	70.113327	70.100311	70.086479	70.041481	70.029015	70.019928	69.979027	69.944305	69.926727	69.934372	69.899536	69.883949	69.873459	69.843559	69.83828	69.814011	69.802002	69.782104	69.761948	69.767792	69.755707	69.728188	69.72213	69.696877	69.690727	69.665215	69.665398	69.651192	69.635056	69.641129	69.61824	69.602936	69.612595	69.583138	69.589325	69.571442	69.56369	69.554886	69.543892	69.533928	69.523079	69.525642	69.514626	69.50106	69.482071	69.468445	69.458153	69.455147
688	71.009949	70.784882	70.671921	70.599243	70.53125	70.485939	70.425049	70.386086	70.360527	70.302383	70.270821	70.250313	70.215309	70.177292	70.16378	70.150581	70.10376	70.092796	70.082214	70.041969	70.007446	69.990425	69.996681	69.96344	69.947159	69.935822	69.906242	69.902573	69.877586	69.864967	69.844536	69.825775	69.832664	69.818802	69.791176	69.786057	69.761665	69.754593	69.730003	69.729164	69.7164	69.700455	69.706444	69.682732	69.666107	69.676659	69.646606	69.652328	69.636208	69.627396	69.619759	69.609123	69.598236	69.586212	69.590607	69.578865	69.565651	69.545616	69.53347	69.522362	69.519875
689	71.073288	70.849953	70.733559	70.662659	70.593887	70.55014	70.488319	70.449783	70.424942	70.366432	70.334152	70.315102	70.278709	70.241379	70.227379	70.214775	70.166153	70.1567	70.144615	70.105019	70.070694	70.054237	70.05909	70.027458	70.010475	69.998299	69.96904	69.966965	69.941277	69.928047	69.907082	69.889702	69.897667	69.882011	69.854271	69.850098	69.826576	69.818581	69.794914	69.793037	69.781723	69.765968	69.771873	69.747345	69.729378	69.740829	69.710175	69.715454	69.701096	69.691216	69.684746	69.674477	69.662651	69.649445	69.655678	69.643211	69.630363	69.609276	69.598618	69.5867	69.584709
690	71.135971	70.914101	70.795021	70.725517	70.656197	70.613823	70.551208	70.512894	70.488533	70.429703	70.396873	70.379105	70.34153	70.304764	70.290375	70.27829	70.228333	70.220032	70.206635	70.167763	70.133446	70.11747	70.121223	70.090881	70.07328	70.06041	70.03138	70.030746	70.004463	69.990768	69.969269	69.953087	69.961678	69.944832	69.917122	69.913589	69.890747	69.88205	69.858917	69.856415	69.846291	69.830635	69.836578	69.811211	69.792328	69.804344	69.773445	69.778328	69.765396	69.754677	69.748947	69.739243	69.726578	69.712326	69.720093	69.707146	69.694344	69.672523	69.662964	69.65052	69.648911
691	71.193512	70.97123	70.854553	70.78389	70.715584	70.673164	70.610909	70.571419	70.545776	70.486931	70.454697	70.437088	70.399597	70.362602	70.348663	70.336311	70.288437	70.278778	70.265404	70.227684	70.192108	70.176025	70.180763	70.149506	70.13195	70.119354	70.089958	70.089577	70.063545	70.05043	70.028374	70.012161	70.01825	70.004349	69.977615	69.972649	69.949127	69.941284	69.915947	69.915695	69.904861	69.88884	69.895607	69.86927	69.852325	69.862572	69.834007	69.83889	69.824966	69.814957	69.807045	69.799316	69.786415	69.772156	69.779198	69.767609	69.752571	69.732262	69.721169	69.710213	69.70797
692	71.251137	71.028465	70.914192	70.842346	70.775047	70.732605	70.670708	70.630035	70.603111	70.544243	70.512619	70.495163	70.457756	70.42054	70.407051	70.394424	70.34864	70.337631	70.32428	70.287689	70.250854	70.234673	70.240387	70.208221	70.19072	70.178383	70.148621	70.148506	70.122704	70.110199	70.087563	70.07132	70.074913	70.063957	70.038216	70.031807	70.007599	70.00061	69.973068	69.975052	69.963531	69.947121	69.954727	69.927429	69.912415	69.920898	69.894669	69.899551	69.884636	69.875343	69.865234	69.859482	69.846344	69.832069	69.838402	69.828148	69.81089	69.792099	69.779465	69.769989	69.76712
693	71.308861	71.085777	70.973923	70.900902	70.83461	70.79213	70.730583	70.688736	70.660522	70.601639	70.570633	70.553337	70.516006	70.478561	70.465515	70.452621	70.408943	70.396576	70.383224	70.347794	70.309692	70.293411	70.30011	70.267021	70.249565	70.237518	70.207382	70.207527	70.181961	70.170044	70.146851	70.130554	70.13166	70.12365	70.0989	70.091049	70.066162	70.060036	70.030289	70.034508	70.022285	70.005493	70.013939	69.985672	69.972595	69.979301	69.955414	69.960304	69.944397	69.935814	69.923515	69.919739	69.906357	69.892075	69.897697	69.888786	69.869301	69.852013	69.83786	69.829872	69.826363
694	71.364754	71.142662	71.03096	70.95739	70.890472	70.848267	70.787201	70.746307	70.718102	70.659355	70.629051	70.609917	70.573875	70.536079	70.523186	70.509232	70.4664	70.454559	70.441574	70.404991	70.368515	70.3507	70.3592	70.324097	70.308151	70.296303	70.266296	70.264809	70.240036	70.227158	70.204697	70.188698	70.190361	70.181725	70.157234	70.149826	70.124367	70.119598	70.08979	70.092926	70.080002	70.064003	70.072044	70.044411	70.030945	70.039192	70.013748	70.019119	70.002197	69.994438	69.982529	69.977905	69.964943	69.950417	69.956001	69.947716	69.928291	69.90995	69.896812	69.888359	69.884239
695	71.420235	71.199493	71.087357	71.013405	70.945419	70.90358	70.842995	70.803658	70.775803	70.717232	70.687645	70.66613	70.631699	70.593521	70.580711	70.565475	70.523193	70.512367	70.49984	70.461494	70.427391	70.407661	70.41819	70.380791	70.36676	70.355064	70.325317	70.321693	70.297852	70.283615	70.262222	70.24662	70.249672	70.239441	70.215012	70.208534	70.182541	70.179268	70.149994	70.151138	70.137512	70.12262	70.129921	70.103355	70.088867	70.099541	70.07151	70.077492	70.059547	70.05265	70.041824	70.035583	70.023216	70.008385	70.014122	70.006248	69.987503	69.967415	69.956001	69.946564	69.941833
696	71.475807	71.256432	71.143845	71.069511	71.000465	70.958992	70.898895	70.861107	70.833603	70.775223	70.746353	70.72245	70.689636	70.651077	70.638344	70.621826	70.58007	70.570282	70.558205	70.518089	70.486382	70.464745	70.477287	70.437576	70.425461	70.413933	70.384453	70.3787	70.355774	70.340172	70.319862	70.304642	70.309074	70.297256	70.272881	70.267365	70.240822	70.239044	70.210289	70.209457	70.195122	70.181335	70.187904	70.162407	70.146904	70.159996	70.129379	70.135971	70.117004	70.110962	70.101227	70.093361	70.081589	70.06646	70.07235	70.064888	70.046829	70.024986	70.015297	70.004868	69.999527
697	71.53331	71.315804	71.202667	71.128807	71.058731	71.01767	70.957893	70.920326	70.893517	70.835403	70.806732	70.782379	70.749924	70.711342	70.6978	70.681641	70.638992	70.630264	70.618233	70.57785	70.547432	70.524849	70.538071	70.497551	70.486687	70.475029	70.445457	70.439445	70.416245	70.40036	70.380203	70.365562	70.371124	70.358353	70.334007	70.328751	70.30249	70.301376	70.272751	70.270752	70.256058	70.242897	70.248711	70.224037	70.208313	70.222191	70.190659	70.197426	70.177986	70.172729	70.163239	70.154556	70.143028	70.128258	70.134682	70.126579	70.108574	70.085518	70.077499	70.066399	70.060867
698	71.593147	71.378105	71.264297	71.191956	71.120918	71.080322	71.02063	70.981682	70.955994	70.898262	70.869179	70.846657	70.813065	70.774887	70.759483	70.745674	70.700356	70.69278	70.68029	70.641449	70.610954	70.588623	70.600883	70.561378	70.550964	70.538834	70.508751	70.504753	70.479828	70.464958	70.443802	70.429985	70.436371	70.423393	70.399055	70.393242	70.36824	70.366814	70.33783	70.335648	70.321022	70.307907	70.312943	70.28878	70.273819	70.286507	70.256058	70.262489	70.243217	70.238716	70.228424	70.219872	70.208183	70.19458	70.201988	70.19194	70.173241	70.149643	70.143227	70.131821	70.12664
699	71.65316	71.440598	71.326103	71.255287	71.183273	71.14315	71.083542	71.043221	71.018639	70.961288	70.931793	70.911118	70.876381	70.838623	70.821335	70.809891	70.761894	70.75547	70.742538	70.705231	70.67466	70.652588	70.663872	70.625389	70.615425	70.602814	70.572235	70.570251	70.543579	70.529732	70.507599	70.494606	70.501801	70.488632	70.464287	70.457909	70.434181	70.432434	70.403091	70.400734	70.386185	70.3731	70.377365	70.353714	70.339508	70.351006	70.32164	70.327728	70.30864	70.304886	70.293793	70.28537	70.273529	70.261086	70.269485	70.2575	70.238106	70.213959	70.209137	70.197433	70.192596
700	71.713242	71.502846	71.387878	71.318321	71.245674	71.205872	71.146355	71.104935	71.081253	71.024284	70.994415	70.975349	70.939568	70.902214	70.883385	70.873955	70.823624	70.818291	70.80484	70.769005	70.738174	70.716515	70.726791	70.68927	70.679665	70.666542	70.635582	70.635429	70.607193	70.594315	70.571365	70.559059	70.566872	70.553589	70.529121	70.522469	70.499832	70.497803	70.468071	70.465561	70.451347	70.438156	70.441841	70.418373	70.404846	70.415474	70.387138	70.392776	70.374008	70.370636	70.359131	70.350716	70.338737	70.327415	70.336617	70.323013	70.302948	70.278526	70.274956	70.263	70.258453
701	71.772919	71.562263	71.448364	71.378159	71.307396	71.266769	71.207321	71.16713	71.142509	71.085892	71.056084	71.036736	71.000687	70.96373	70.945831	70.93586	70.885628	70.881012	70.8666	70.831726	70.799202	70.779152	70.787971	70.751038	70.741096	70.727386	70.696938	70.697166	70.668678	70.656357	70.63398	70.6213	70.628288	70.615326	70.589958	70.585037	70.562195	70.560158	70.529831	70.527412	70.515594	70.501068	70.505753	70.479958	70.466408	70.478683	70.450943	70.455292	70.438004	70.432182	70.423103	70.413803	70.401871	70.391258	70.399765	70.387169	70.366585	70.34404	70.338875	70.327133	70.322517
702	71.832748	71.621834	71.509003	71.438148	71.369263	71.327835	71.268448	71.229485	71.203926	71.147675	71.117912	71.098274	71.061989	71.025398	71.00843	70.997932	70.9478	70.943924	70.92852	70.894615	70.860382	70.841942	70.849319	70.812981	70.802711	70.788399	70.758453	70.759064	70.730331	70.718582	70.696739	70.683701	70.689857	70.677223	70.650955	70.647766	70.624718	70.622681	70.591759	70.589432	70.580002	70.564148	70.569832	70.54171	70.528145	70.542053	70.514923	70.517967	70.502167	70.493896	70.487244	70.477066	70.465172	70.455269	70.463097	70.451492	70.430389	70.409737	70.402962	70.391426	70.386757
703	71.892731	71.681564	71.569801	71.498299	71.431313	71.389061	71.329735	71.292	71.265503	71.209618	71.179901	71.159973	71.123428	71.087234	71.071205	71.060165	71.010147	71.006981	70.990601	70.957672	70.921745	70.904884	70.910835	70.875084	70.864479	70.849564	70.820137	70.821121	70.79216	70.78096	70.759674	70.746262	70.751587	70.739281	70.712105	70.710663	70.687408	70.685371	70.653854	70.651611	70.644585	70.627396	70.634071	70.603622	70.590034	70.605591	70.579063	70.580795	70.56649	70.555779	70.551552	70.540482	70.528633	70.519455	70.526588	70.515976	70.494362	70.475601	70.467209	70.455902	70.451157
704	71.944855	71.734276	71.622597	71.55233	71.485672	71.443398	71.384094	71.345566	71.319351	71.263885	71.234116	71.213806	71.177467	71.141151	71.125031	71.11393	71.063942	71.060684	71.043678	71.011559	70.976433	70.959526	70.965912	70.929947	70.918388	70.904793	70.875397	70.874565	70.846764	70.835457	70.814003	70.800514	70.805725	70.794235	70.76709	70.765373	70.742508	70.740395	70.709351	70.708008	70.699783	70.683479	70.689308	70.660797	70.646805	70.661095	70.634773	70.636902	70.622482	70.611786	70.607338	70.596687	70.585129	70.575447	70.582329	70.571404	70.550896	70.531311	70.522842	70.511391	70.507149
705	71.994934	71.785172	71.673286	71.604782	71.538017	71.495956	71.436653	71.39679	71.371162	71.316132	71.286301	71.265579	71.229568	71.192993	71.176498	71.165466	71.115494	71.111908	71.094376	71.063034	71.029396	71.011963	71.019325	70.982925	70.970245	70.958488	70.928993	70.925735	70.899506	70.887886	70.866051	70.852577	70.85788	70.847336	70.820465	70.81794	70.795624	70.793419	70.763145	70.762939	70.752518	70.737694	70.742157	70.716789	70.702278	70.714493	70.688286	70.691254	70.6763	70.666313	70.660889	70.651009	70.639816	70.629303	70.636047	70.624435	70.605499	70.584343	70.57621	70.564499	70.560928
706	72.045143	71.836212	71.724129	71.657394	71.590538	71.548668	71.489357	71.448151	71.423134	71.368553	71.338646	71.317505	71.281815	71.244987	71.228119	71.217148	71.167198	71.163284	71.145226	71.114662	71.082512	71.064568	71.072891	71.036072	71.022255	71.012352	70.982758	70.977074	70.9524	70.940475	70.918259	70.904793	70.910194	70.900597	70.874008	70.870651	70.848885	70.846596	70.817093	70.818031	70.805397	70.792076	70.795181	70.772949	70.757927	70.768051	70.741943	70.745773	70.730263	70.721001	70.714607	70.70549	70.694656	70.683319	70.689926	70.67762	70.660271	70.637527	70.629738	70.617783	70.614876
707	72.09816	71.889717	71.777901	71.71125	71.644997	71.602974	71.543694	71.502388	71.477737	71.422859	71.392456	71.371834	71.336288	71.299393	71.282486	71.271683	71.221771	71.217216	71.199844	71.168892	71.137314	71.11927	71.128014	71.091858	71.077309	71.067841	71.038414	71.031883	71.008224	70.996056	70.97377	70.960434	70.96563	70.956581	70.930931	70.926834	70.905304	70.90316	70.874062	70.875465	70.861855	70.84864	70.851585	70.830856	70.8153	70.824585	70.798111	70.802689	70.786903	70.778366	70.770988	70.762733	70.751381	70.740051	70.746529	70.733803	70.717529	70.694351	70.686134	70.67453	70.672012
708	72.154625	71.946243	71.835258	71.766602	71.701828	71.659218	71.599998	71.560127	71.535553	71.479446	71.448067	71.429085	71.393463	71.356743	71.340218	71.329659	71.279861	71.274269	71.259071	71.226318	71.19416	71.176521	71.18499	71.150902	71.136093	71.125282	71.096375	71.090942	71.067604	71.05526	71.033325	71.020271	71.024887	71.015884	70.991982	70.987236	70.965561	70.963844	70.934708	70.93576	70.922699	70.907837	70.91214	70.890892	70.874771	70.884743	70.857323	70.862511	70.846802	70.83902	70.830627	70.823334	70.810379	70.800087	70.806465	70.793625	70.777824	70.755608	70.746025	70.735519	70.73307
709	72.211243	72.00293	71.892784	71.822121	71.758835	71.71563	71.656471	71.618027	71.593544	71.536201	71.503845	71.486504	71.450798	71.414253	71.398132	71.387817	71.33812	71.331482	71.318474	71.283905	71.251175	71.233948	71.242142	71.210106	71.195045	71.182892	71.154503	71.150185	71.127159	71.114662	71.093071	71.080276	71.08432	71.075363	71.053223	71.047821	71.025986	71.024712	70.995537	70.996239	70.983711	70.967209	70.97287	70.951096	70.934425	70.945091	70.91671	70.922531	70.906891	70.899841	70.89045	70.884109	70.869553	70.860298	70.866562	70.85363	70.838295	70.817047	70.806107	70.7967	70.794296
710	72.267639	72.059525	71.950287	71.877869	71.81591	71.772316	71.713158	71.67588	71.651466	71.593056	71.559875	71.54409	71.508118	71.471748	71.455956	71.445915	71.396393	71.388779	71.377754	71.341667	71.308365	71.291679	71.299484	71.26915	71.254059	71.240791	71.212807	71.20974	71.186699	71.174133	71.152855	71.14016	71.143829	71.134727	71.114174	71.108192	71.086327	71.085396	71.056145	71.05658	71.04454	71.026627	71.033493	71.011124	70.993904	71.005264	70.97599	70.982391	70.966888	70.960358	70.950218	70.944809	70.928749	70.920479	70.926582	70.913712	70.898689	70.878311	70.866302	70.857819	70.85524
711	72.321152	72.114166	72.006332	71.934235	71.872261	71.829849	71.770348	71.732048	71.707672	71.649422	71.616699	71.601707	71.564171	71.527802	71.511963	71.502373	71.453651	71.445473	71.434875	71.399597	71.365715	71.35051	71.357178	71.325653	71.312347	71.299652	71.27121	71.270493	71.244827	71.233055	71.211716	71.197739	71.202644	71.19194	71.171692	71.165756	71.144661	71.143372	71.113823	71.114677	71.102699	71.085022	71.091896	71.068535	71.050858	71.062897	71.033142	71.039825	71.02504	71.017174	71.008377	71.003632	70.986908	70.979195	70.98465	70.973167	70.957138	70.936981	70.926178	70.917213	70.912712
712	72.374809	72.168938	72.062531	71.990753	71.928749	71.88752	71.827682	71.788368	71.764015	71.705925	71.67366	71.659485	71.620354	71.584007	71.568123	71.55899	71.511063	71.502304	71.492134	71.457664	71.423218	71.409485	71.415016	71.382309	71.370781	71.35865	71.329765	71.331413	71.303116	71.292122	71.270721	71.255463	71.261612	71.249298	71.229347	71.223473	71.20314	71.2015	71.171646	71.172905	71.161011	71.143578	71.150459	71.126091	71.107948	71.120689	71.090454	71.097404	71.083328	71.074142	71.066689	71.062614	71.045219	71.038048	71.042862	71.032791	71.015724	70.995781	70.986214	70.976761	70.970345
713	72.428596	72.223846	72.118874	72.047417	71.98539	71.945358	71.885178	71.844833	71.820511	71.762581	71.730774	71.7174	71.676689	71.640358	71.62442	71.615746	71.568611	71.559288	71.549538	71.515884	71.480865	71.46862	71.473	71.439102	71.429359	71.417816	71.388474	71.392487	71.361557	71.351334	71.329895	71.313332	71.320732	71.306816	71.287163	71.281342	71.261765	71.259773	71.229622	71.2313	71.219467	71.202286	71.209175	71.183792	71.165184	71.178619	71.147911	71.155136	71.141785	71.131256	71.125145	71.12175	71.103676	71.097061	71.101234	71.092567	71.074471	71.054733	71.046394	71.036461	71.028114
714	72.47789	72.274658	72.168663	72.097084	72.034645	71.994141	71.934669	71.894226	71.870216	71.812248	71.78054	71.766891	71.727524	71.691147	71.675682	71.666672	71.620026	71.611725	71.600685	71.567329	71.533379	71.520264	71.525665	71.489838	71.481697	71.469879	71.440529	71.443855	71.414917	71.403191	71.381882	71.366898	71.373734	71.360481	71.339836	71.333885	71.314095	71.31237	71.282982	71.283569	71.271446	71.255508	71.263512	71.236824	71.218567	71.232376	71.201828	71.208221	71.194603	71.184387	71.178642	71.175247	71.158195	71.15033	71.153816	71.145805	71.127411	71.108818	71.099022	71.089798	71.080986
715	72.526001	72.324387	72.216675	72.144844	72.081909	72.040474	71.981995	71.941727	71.918091	71.860039	71.828331	71.81411	71.776871	71.740471	71.725609	71.716019	71.6698	71.662971	71.650139	71.616966	71.584549	71.569862	71.576912	71.53894	71.532364	71.520027	71.490791	71.492592	71.466927	71.453064	71.431938	71.419342	71.425072	71.413147	71.391144	71.38501	71.364731	71.363449	71.335114	71.334206	71.321686	71.307259	71.316696	71.28862	71.270927	71.285019	71.254829	71.260078	71.245903	71.236473	71.23082	71.227242	71.211685	71.202065	71.204842	71.197296	71.178802	71.161598	71.149605	71.141449	71.132561
716	72.574211	72.374222	72.264793	72.192711	72.129265	72.086891	72.029427	71.989319	71.96608	71.907928	71.876213	71.86142	71.82634	71.789894	71.775635	71.76548	71.719688	71.714325	71.699699	71.666702	71.635818	71.619583	71.628265	71.58815	71.583138	71.570274	71.541161	71.54142	71.519051	71.503044	71.482101	71.471878	71.47654	71.465919	71.442566	71.436241	71.415474	71.414635	71.387367	71.384941	71.372017	71.359123	71.369995	71.340523	71.32341	71.337784	71.307938	71.312042	71.297318	71.288689	71.283112	71.27935	71.265289	71.253906	71.255974	71.248901	71.230293	71.214493	71.200294	71.193192	71.184227
717	72.619926	72.420525	72.310486	72.238632	72.175217	72.131874	72.075653	72.035568	72.012367	71.954521	71.92334	71.908371	71.874535	71.837715	71.82402	71.813599	71.767616	71.762894	71.74762	71.71463	71.684845	71.667786	71.676956	71.636803	71.631889	71.618935	71.589531	71.588799	71.568344	71.551582	71.531166	71.521683	71.525764	71.515968	71.491692	71.485641	71.464371	71.463478	71.436806	71.433899	71.421814	71.408943	71.420197	71.389839	71.373863	71.388123	71.357819	71.362312	71.347	71.338646	71.332634	71.328743	71.315239	71.303345	71.305313	71.298363	71.280029	71.264854	71.250092	71.243172	71.234039
718	72.662544	72.462456	72.353157	72.282135	72.219414	72.175041	72.120399	72.080139	72.056557	71.999512	71.969505	71.95488	71.921143	71.883545	71.870369	71.860046	71.813133	71.808014	71.793495	71.760323	71.731094	71.714104	71.722366	71.684776	71.678169	71.665611	71.635399	71.634369	71.614128	71.59832	71.578857	71.568062	71.572235	71.562645	71.537979	71.532753	71.510986	71.509399	71.482758	71.480621	71.47094	71.456238	71.466583	71.435944	71.421791	71.43544	71.403679	71.4105	71.394508	71.385826	71.378723	71.374741	71.360664	71.349792	71.352425	71.345161	71.327629	71.312057	71.298767	71.290947	71.281502
719	72.705254	72.504494	72.395927	72.325737	72.26371	72.218307	72.165237	72.124817	72.100853	72.044601	72.015778	72.001488	71.967865	71.929474	71.916817	71.906601	71.858742	71.853233	71.83947	71.806107	71.777435	71.760513	71.767868	71.732864	71.724548	71.712387	71.681366	71.680038	71.660011	71.645172	71.626671	71.61454	71.618828	71.609421	71.584373	71.579971	71.557701	71.55542	71.528816	71.527443	71.520164	71.503624	71.513062	71.482155	71.469826	71.482864	71.449646	71.458794	71.442123	71.433105	71.424934	71.420853	71.406189	71.396347	71.399635	71.392075	71.375313	71.359375	71.347557	71.338829	71.329086
720	72.748154	72.546921	72.438797	72.369537	72.307983	72.261978	72.210098	72.169571	72.145256	72.089851	72.062096	72.048004	72.014336	71.975372	71.963158	71.952988	71.904442	71.898674	71.885452	71.851837	71.823799	71.80687	71.813599	71.780785	71.771027	71.759148	71.727684	71.726036	71.705811	71.692055	71.674362	71.66098	71.665482	71.656235	71.630791	71.627251	71.604355	71.601608	71.574944	71.574196	71.568779	71.550919	71.559441	71.528587	71.517563	71.530121	71.495781	71.506943	71.489807	71.480347	71.471367	71.467079	71.452042	71.443001	71.447006	71.439232	71.42292	71.406685	71.396233	71.386681	71.376656
721	72.791771	72.591591	72.481735	72.413948	72.351158	72.307899	72.254326	72.214149	72.189766	72.135612	72.108009	72.092987	72.058067	72.020218	72.007782	71.997253	71.95002	71.945015	71.930656	71.89637	71.869415	71.851936	71.860252	71.826729	71.817467	71.804924	71.775887	71.773758	71.750191	71.73838	71.720352	71.706314	71.711884	71.702484	71.676605	71.674202	71.649742	71.648148	71.620789	71.619522	71.611877	71.596596	71.604134	71.575829	71.562111	71.575256	71.542343	71.553154	71.537109	71.526421	71.518784	71.513351	71.499596	71.489632	71.494759	71.48748	71.469048	71.453163	71.443176	71.433411	71.423355
722	72.835449	72.63633	72.524734	72.45842	72.394409	72.353897	72.298607	72.258797	72.234344	72.181427	72.153999	72.138039	72.101883	72.065132	72.052475	72.041588	71.995659	71.99144	71.975937	71.940964	71.915085	71.897064	71.906967	71.872742	71.863976	71.850769	71.824165	71.821556	71.794632	71.78479	71.766411	71.751717	71.758354	71.748802	71.722488	71.721214	71.69519	71.694763	71.666695	71.664925	71.655045	71.642342	71.648903	71.623138	71.606735	71.620445	71.588966	71.599434	71.58448	71.572563	71.566261	71.5597	71.547211	71.536316	71.542587	71.535812	71.515236	71.49971	71.490189	71.480209	71.470116
723	72.879181	72.681122	72.567787	72.502953	72.437714	72.39994	72.342949	72.303505	72.278969	72.227303	72.200035	72.183136	72.145729	72.1101	72.097221	72.085968	72.041359	72.037903	72.021255	71.985611	71.960823	71.942261	71.953743	71.9188	71.910545	71.896675	71.872482	71.869415	71.839127	71.831253	71.812531	71.797165	71.804886	71.795181	71.768425	71.768288	71.740692	71.741425	71.712662	71.710381	71.69825	71.688148	71.693718	71.670509	71.651398	71.665695	71.635666	71.645775	71.63192	71.618767	71.613815	71.606102	71.594894	71.583061	71.590469	71.584198	71.561501	71.546318	71.537262	71.527061	71.516945
724	72.919785	72.721138	72.60891	72.542488	72.477501	72.440964	72.384155	72.345573	72.320732	72.269188	72.241783	72.224304	72.186897	72.151756	72.138298	72.126732	72.083801	72.079941	72.06395	72.029022	72.002861	71.985397	71.99659	71.96199	71.953949	71.93988	71.915283	71.911797	71.882477	71.873848	71.855896	71.840302	71.847992	71.837288	71.811798	71.81131	71.784424	71.784576	71.755859	71.752998	71.741058	71.730896	71.736687	71.715233	71.694962	71.709511	71.67981	71.689415	71.675179	71.662689	71.656761	71.649765	71.638283	71.627029	71.635422	71.628029	71.605606	71.590843	71.582008	71.570549	71.561157
725	72.959541	72.75985	72.649529	72.580658	72.516342	72.480621	72.424515	72.386932	72.361732	72.30999	72.282364	72.264397	72.227348	72.19252	72.17836	72.166496	72.125381	72.120758	72.105942	72.072098	72.0439	72.027985	72.038368	72.004387	71.99649	71.982361	71.956558	71.952682	71.925537	71.915413	71.898529	71.882805	71.890175	71.87825	71.854477	71.853249	71.82769	71.826767	71.798302	71.794853	71.78376	71.772835	71.77916	71.759254	71.738228	71.752968	71.723274	71.732315	71.7173	71.706001	71.698456	71.69268	71.680511	71.670242	71.679596	71.670616	71.649132	71.634827	71.626129	71.613113	71.604683
726	72.999329	72.798576	72.690163	72.618851	72.555191	72.520317	72.464897	72.428314	72.402748	72.3508	72.322968	72.30452	72.267807	72.233299	72.218452	72.206276	72.166969	72.161613	72.147942	72.115196	72.084961	72.070587	72.08017	72.046806	72.039062	72.024864	71.997856	71.993591	71.96862	71.957001	71.941185	71.925339	71.932381	71.91922	71.897171	71.895203	71.870979	71.86898	71.840782	71.836723	71.8265	71.814789	71.821663	71.803291	71.781517	71.79644	71.766769	71.775238	71.759445	71.749344	71.740181	71.735619	71.722763	71.713478	71.723785	71.713219	71.692696	71.678818	71.67028	71.655701	71.648216
727	73.038879	72.837311	72.729797	72.657799	72.594978	72.560379	72.50544	72.468849	72.443161	72.391357	72.362991	72.345123	72.308617	72.273926	72.258987	72.246895	72.208229	72.202042	72.189682	72.156883	72.126152	72.112839	72.121735	72.08844	72.080627	72.066658	72.038971	72.035309	72.01104	71.998505	71.983429	71.967766	71.974251	71.96096	71.939453	71.93692	71.914085	71.911087	71.883102	71.878937	71.869331	71.857368	71.863899	71.845604	71.824333	71.839218	71.80957	71.817261	71.801529	71.792084	71.782463	71.7789	71.76561	71.757133	71.766884	71.755966	71.735916	71.722031	71.713303	71.698318	71.691307
728	73.078133	72.876045	72.768211	72.697655	72.63588	72.600906	72.546196	72.508324	72.482834	72.43158	72.402344	72.386322	72.349861	72.314377	72.300087	72.288528	72.249069	72.241951	72.231117	72.196869	72.167496	72.154648	72.162994	72.129097	72.120956	72.107582	72.079865	72.078026	72.052673	72.039917	72.025162	72.010056	72.015717	72.003647	71.981232	71.978371	71.956993	71.953056	71.92524	71.921593	71.91227	71.900726	71.905861	71.885826	71.86657	71.881172	71.85154	71.858177	71.843513	71.834099	71.825432	71.822586	71.809174	71.801277	71.808609	71.798904	71.778709	71.764282	71.754951	71.740952	71.733856
729	73.117416	72.914795	72.806656	72.737526	72.676811	72.641464	72.586975	72.547836	72.522537	72.47184	72.441719	72.427536	72.391129	72.354851	72.341217	72.330185	72.289932	72.281883	72.272575	72.236877	72.20887	72.196495	72.204262	72.169807	72.161331	72.148552	72.120781	72.120773	72.094322	72.08136	72.066925	72.052383	72.057198	72.046356	72.023048	72.019844	71.999931	71.995071	71.967415	71.964279	71.955254	71.944122	71.947845	71.926056	71.908836	71.923141	71.893532	71.899132	71.885536	71.876144	71.868431	71.866302	71.852768	71.845467	71.85038	71.841858	71.821541	71.80658	71.796638	71.783623	71.776428
730	73.156517	72.953377	72.844917	72.777084	72.717369	72.681641	72.627274	72.58696	72.562012	72.511757	72.480858	72.4683	72.432014	72.394951	72.381935	72.37146	72.330437	72.321548	72.31369	72.276596	72.249947	72.237747	72.245102	72.210236	72.201469	72.189171	72.161339	72.162994	72.135696	72.122597	72.108231	72.094254	72.098457	72.08873	72.0644	72.060951	72.04229	72.036758	72.009125	72.006592	71.997795	71.986839	71.989532	71.966095	71.950752	71.964714	71.935074	71.940056	71.927139	71.917839	71.910995	71.909409	71.89563	71.888794	71.89193	71.884239	71.863991	71.848404	71.837921	71.825859	71.818748
731	73.193977	72.99041	72.881653	72.814034	72.754944	72.718742	72.663895	72.623131	72.599586	72.549049	72.518082	72.505447	72.469849	72.432121	72.419418	72.409622	72.368034	72.358994	72.352051	72.31395	72.288635	72.274384	72.282478	72.248444	72.239807	72.227165	72.199013	72.201172	72.174683	72.162163	72.145859	72.132607	72.137764	72.128387	72.102249	72.099152	72.080215	72.075935	72.047211	72.046051	72.036949	72.024429	72.028831	72.004356	71.989876	72.003136	71.973106	71.980553	71.965469	71.956764	71.950157	71.947792	71.932953	71.925598	71.931641	71.92215	71.903458	71.886688	71.875984	71.864662	71.858955
732	73.231491	73.027496	72.918427	72.851044	72.792564	72.755898	72.700554	72.659355	72.637199	72.586395	72.555336	72.542641	72.507736	72.469315	72.456947	72.447838	72.405678	72.396477	72.390465	72.351349	72.32737	72.311073	72.319885	72.286697	72.278175	72.265198	72.236725	72.239403	72.213737	72.201767	72.18354	72.170998	72.177124	72.168106	72.140152	72.137413	72.118179	72.115166	72.085342	72.085564	72.076149	72.062073	72.068176	72.042671	72.029045	72.041595	72.011192	72.021088	72.003845	71.995735	71.989357	71.986214	71.970322	71.962456	71.971413	71.960114	71.94297	71.925011	71.914101	71.903519	71.899208
733	73.269051	73.064621	72.955254	72.888092	72.830238	72.793091	72.737274	72.695618	72.674858	72.623787	72.592644	72.57988	72.545677	72.506569	72.49453	72.486099	72.443375	72.434021	72.428932	72.388802	72.366158	72.347809	72.357338	72.325012	72.316597	72.303291	72.274498	72.277679	72.252831	72.24144	72.221275	72.209442	72.21653	72.207863	72.178093	72.17572	72.156204	72.154442	72.123512	72.125122	72.115402	72.099754	72.107574	72.081032	72.068275	72.080109	72.049324	72.061699	72.042274	72.034767	72.02861	72.024689	72.007736	71.999352	72.011223	71.998123	71.982521	71.963394	71.952263	71.942413	71.939514
734	73.30233	73.097382	72.988945	72.922554	72.863289	72.826752	72.770187	72.729668	72.708389	72.65818	72.627296	72.613869	72.579613	72.541565	72.529289	72.520775	72.477394	72.468376	72.463036	72.423927	72.400162	72.382011	72.390785	72.358597	72.35006	72.33728	72.31015	72.311745	72.286926	72.276535	72.255829	72.24366	72.251823	72.2425	72.212479	72.209656	72.19046	72.188477	72.158447	72.160629	72.149582	72.133514	72.141594	72.115585	72.102776	72.115013	72.08403	72.095818	72.076889	72.069756	72.063759	72.057381	72.043961	72.033302	72.045517	72.03299	72.016663	71.997307	71.987823	71.977463	71.97451
735	73.334534	73.129021	73.021866	72.956383	72.895157	72.859543	72.802147	72.763176	72.740875	72.691849	72.661316	72.647057	72.612556	72.576019	72.56337	72.554573	72.510506	72.501961	72.496033	72.458504	72.432968	72.415611	72.42321	72.390991	72.382263	72.370247	72.345314	72.344742	72.31974	72.310486	72.289597	72.276817	72.286102	72.275833	72.245987	72.2425	72.223793	72.221161	72.192574	72.195122	72.182465	72.166298	72.174225	72.149185	72.136086	72.149033	72.117905	72.128273	72.110565	72.10376	72.097862	72.088593	72.079941	72.066528	72.0784	72.067093	72.049416	72.030106	72.022766	72.011551	72.008148
736	73.366806	73.160759	73.054878	72.990311	72.927109	72.892418	72.834206	72.796776	72.773453	72.725594	72.695419	72.680321	72.645576	72.610558	72.597534	72.588463	72.543701	72.535637	72.529121	72.493172	72.465866	72.449295	72.455734	72.42347	72.414551	72.403297	72.380554	72.377815	72.352646	72.344513	72.323456	72.310051	72.320473	72.309258	72.279572	72.275421	72.257217	72.253944	72.226807	72.229721	72.215446	72.199158	72.206947	72.182869	72.169479	72.183144	72.151848	72.160828	72.144325	72.137848	72.132057	72.119888	72.115997	72.099846	72.111366	72.10128	72.08226	72.062981	72.057808	72.045731	72.04187
737	73.399155	73.194214	73.089333	73.024712	72.961021	72.926384	72.868736	72.832184	72.807854	72.759766	72.730263	72.715195	72.680237	72.645981	72.632477	72.623131	72.578163	72.571045	72.563705	72.528496	72.500824	72.484383	72.490273	72.458427	72.448441	72.438248	72.41642	72.412598	72.38839	72.379128	72.358742	72.344551	72.355484	72.343796	72.314377	72.31086	72.292618	72.28878	72.262474	72.265228	72.250923	72.23481	72.242073	72.218285	72.204956	72.219353	72.187958	72.195953	72.180069	72.173538	72.168495	72.155365	72.152679	72.136589	72.146095	72.137497	72.117767	72.097984	72.093803	72.08165	72.077248
738	73.431602	73.229721	73.125481	73.059692	72.997276	72.961662	72.906204	72.869766	72.844421	72.794426	72.765991	72.751961	72.716835	72.682457	72.66835	72.658752	72.61412	72.608536	72.60006	72.564606	72.538246	72.521172	72.527222	72.496307	72.484253	72.475426	72.453011	72.449402	72.427498	72.414413	72.395714	72.380516	72.391273	72.379684	72.350601	72.349251	72.330376	72.32605	72.299866	72.30188	72.289398	72.273758	72.280045	72.255745	72.242882	72.258064	72.226639	72.234131	72.218155	72.211166	72.207588	72.195801	72.190079	72.177368	72.182915	72.176147	72.156433	72.135498	72.130951	72.119614	72.114563
739	73.46418	73.265358	73.161781	73.09481	73.033669	72.997078	72.94381	72.907486	72.881134	72.829231	72.801865	72.788849	72.753578	72.719086	72.704369	72.694511	72.650215	72.646164	72.636559	72.600853	72.575798	72.55809	72.564308	72.534332	72.520203	72.512749	72.489754	72.486343	72.466759	72.449837	72.432823	72.416641	72.4272	72.41571	72.386963	72.387787	72.368279	72.363449	72.33741	72.338676	72.328011	72.312851	72.318146	72.293358	72.280952	72.296921	72.265457	72.272453	72.256393	72.248932	72.246834	72.236382	72.227631	72.218315	72.219872	72.214935	72.195251	72.173157	72.168236	72.15773	72.152031
740	73.496857	73.300781	73.19783	73.129982	73.069969	73.032761	72.981277	72.944969	72.917953	72.864357	72.837898	72.825714	72.790192	72.755699	72.740425	72.730598	72.686562	72.683731	72.673294	72.637314	72.613182	72.595055	72.601654	72.572121	72.556519	72.550049	72.526543	72.523422	72.505562	72.48558	72.469917	72.45298	72.463219	72.451981	72.423569	72.426155	72.405869	72.400833	72.374794	72.375534	72.36647	72.351654	72.356285	72.331108	72.318939	72.335571	72.304214	72.310684	72.294716	72.286919	72.285698	72.276596	72.265205	72.258743	72.257111	72.253677	72.233994	72.211174	72.205666	72.195801	72.189857
741	73.529686	73.334007	73.231506	73.164833	73.10498	73.069504	73.017021	72.980011	72.95475	72.900932	72.874329	72.861603	72.825195	72.791565	72.775978	72.768196	72.723808	72.720123	72.710876	72.674408	72.648582	72.631538	72.639938	72.607513	72.594574	72.586418	72.562981	72.560646	72.540459	72.522766	72.506126	72.490082	72.4991	72.489143	72.46096	72.462585	72.440643	72.437233	72.410271	72.412125	72.403152	72.387695	72.393791	72.369019	72.35553	72.372063	72.34169	72.347511	72.332909	72.325638	72.32122	72.313492	72.302124	72.294899	72.295441	72.291283	72.271446	72.250824	72.243271	72.232834	72.229271
742	73.562653	73.367393	73.265343	73.199852	73.140152	73.106422	73.052933	73.015221	72.991737	72.937683	72.910919	72.897652	72.860367	72.827599	72.811691	72.805962	72.761238	72.756676	72.748634	72.711678	72.684135	72.66819	72.678398	72.643066	72.632805	72.622955	72.599586	72.598038	72.575516	72.560135	72.542496	72.527367	72.535156	72.526489	72.498535	72.499207	72.475578	72.473816	72.44593	72.448883	72.44001	72.423904	72.43148	72.407104	72.392311	72.408714	72.379341	72.384514	72.371262	72.364517	72.356903	72.350555	72.339226	72.331215	72.333961	72.329063	72.30909	72.290665	72.281052	72.270042	72.268883
743	73.595795	73.400948	73.299355	73.235039	73.175514	73.143532	73.089012	73.050613	73.0289	72.974625	72.947708	72.933884	72.895721	72.863808	72.847603	72.843933	72.798851	72.793427	72.786575	72.749146	72.719887	72.705025	72.717064	72.678802	72.671242	72.659683	72.636383	72.635612	72.610756	72.597672	72.579056	72.564842	72.571404	72.564026	72.536308	72.535995	72.510689	72.510567	72.481766	72.485825	72.477051	72.460297	72.46936	72.445389	72.429268	72.445564	72.417191	72.4217	72.409828	72.403618	72.392769	72.387817	72.376511	72.367729	72.372673	72.367027	72.346909	72.330704	72.319016	72.307434	72.308685
744	73.629799	73.434891	73.334717	73.270149	73.210823	73.178185	73.123367	73.085754	73.064171	73.009369	72.983253	72.968674	72.932106	72.899612	72.884697	72.879326	72.834358	72.828995	72.8228	72.78389	72.756088	72.741409	72.752953	72.714828	72.707275	72.695717	72.672096	72.671608	72.64698	72.634369	72.616264	72.600975	72.608864	72.600647	72.573479	72.572998	72.54821	72.547165	72.518379	72.522957	72.514336	72.497391	72.50798	72.482979	72.46711	72.483101	72.454193	72.459785	72.446808	72.440788	72.430573	72.426346	72.413361	72.405174	72.412003	72.40406	72.383751	72.368088	72.356918	72.345886	72.346634
745	73.664185	73.469086	73.37059	73.305389	73.246292	73.212395	73.15744	73.121002	73.099144	73.043709	73.018661	73.003273	72.968925	72.935471	72.922272	72.914246	72.869507	72.864433	72.858772	72.818123	72.792572	72.777847	72.78833	72.751091	72.742874	72.731743	72.707726	72.707382	72.683632	72.671005	72.653809	72.636932	72.646812	72.637222	72.61068	72.610222	72.58651	72.583893	72.555351	72.560318	72.551849	72.534821	72.546944	72.520592	72.505348	72.520981	72.491165	72.498276	72.483574	72.477654	72.46904	72.465393	72.450272	72.443047	72.451675	72.441032	72.420509	72.404984	72.394981	72.384773	72.3843
746	73.698761	73.503487	73.406662	73.340843	73.281967	73.246796	73.191711	73.156464	73.134315	73.078262	73.054283	73.038063	73.005966	72.97155	72.96006	72.949364	72.904861	72.900078	72.894966	72.852554	72.829269	72.814499	72.823898	72.787567	72.778687	72.767982	72.743553	72.743362	72.720505	72.70787	72.691574	72.673103	72.684982	72.674019	72.648102	72.647682	72.625031	72.620819	72.592552	72.597893	72.589592	72.572479	72.586151	72.558418	72.543808	72.55909	72.528358	72.536995	72.520561	72.514748	72.507736	72.504654	72.487404	72.48114	72.491577	72.478226	72.457489	72.442116	72.433273	72.423897	72.42218
747	73.730751	73.535286	73.438652	73.37294	73.313133	73.278397	73.222725	73.188408	73.166641	73.111031	73.08699	73.070251	73.039604	73.004456	72.993698	72.982147	72.937683	72.932495	72.927437	72.88501	72.862495	72.847427	72.856125	72.821098	72.811981	72.800865	72.775742	72.776169	72.753342	72.741165	72.724953	72.706245	72.718552	72.707306	72.681976	72.680954	72.659073	72.654472	72.626862	72.632149	72.622971	72.607536	72.620041	72.592339	72.578514	72.593414	72.562141	72.571358	72.554581	72.548584	72.542107	72.539749	72.521523	72.515366	72.526779	72.512802	72.491753	72.476509	72.468163	72.458908	72.456718
748	73.759781	73.564148	73.465988	73.401222	73.33918	73.306824	73.250046	73.216362	73.195709	73.141792	73.116394	73.099449	73.069389	73.033768	73.022636	73.012283	72.967613	72.961235	72.955696	72.915222	72.891792	72.876122	72.884529	72.851257	72.84243	72.829941	72.80381	72.805344	72.781609	72.770432	72.753349	72.735962	72.74691	72.736649	72.711823	72.709488	72.688034	72.684395	72.657906	72.662651	72.651436	72.639641	72.647926	72.621849	72.608971	72.623459	72.592094	72.600761	72.585236	72.578728	72.571579	72.570114	72.552238	72.545227	72.556633	72.544426	72.522926	72.507828	72.499207	72.489265	72.487434
749	73.789001	73.593193	73.493507	73.429695	73.365417	73.335434	73.277542	73.244507	73.224968	73.172745	73.145996	73.128845	73.099373	73.063263	73.05175	73.04261	72.997749	72.990158	72.984146	72.945618	72.92128	72.904999	72.913124	72.881607	72.873062	72.8592	72.832039	72.834709	72.810074	72.799873	72.781937	72.765862	72.775444	72.766182	72.741867	72.73822	72.717201	72.714508	72.689148	72.693352	72.680077	72.671936	72.675995	72.65155	72.639618	72.653687	72.622223	72.630363	72.616104	72.60907	72.601242	72.600677	72.583153	72.575279	72.586685	72.576241	72.554306	72.539345	72.530449	72.519836	72.518364
750	73.817192	73.621445	73.520538	73.457497	73.391335	73.36348	73.304573	73.272102	73.253311	73.202881	73.174812	73.157654	73.128441	73.091942	73.079956	73.072006	73.026787	73.018478	73.012009	72.975121	72.949966	72.933189	72.941238	72.910988	72.902939	72.887817	72.859856	72.863487	72.838058	72.828659	72.810051	72.79528	72.803635	72.795113	72.771225	72.766487	72.745949	72.744247	72.719551	72.723228	72.708496	72.703125	72.703934	72.680939	72.669617	72.683235	72.652039	72.659622	72.646408	72.638695	72.630501	72.630653	72.613541	72.604843	72.61618	72.607193	72.584946	72.570297	72.560959	72.549927	72.548836
751	73.838409	73.644104	73.543716	73.480484	73.41468	73.38726	73.32798	73.295631	73.275307	73.227188	73.19809	73.182121	73.151199	73.114899	73.101799	73.094894	73.048492	73.042297	73.035614	72.99839	72.972961	72.95652	72.965652	72.933647	72.927353	72.911713	72.884193	72.887878	72.862427	72.852585	72.834442	72.820999	72.828964	72.819595	72.79567	72.791199	72.771439	72.770859	72.744049	72.747261	72.734772	72.726692	72.730293	72.707565	72.694801	72.707764	72.67907	72.685989	72.672546	72.663155	72.656433	72.656174	72.639885	72.630669	72.641441	72.631981	72.610229	72.596947	72.586174	72.576385	72.575668
752	73.859764	73.666916	73.567047	73.503616	73.438164	73.411194	73.35154	73.319305	73.297432	73.251656	73.221519	73.206764	73.17411	73.138	73.123795	73.117928	73.070358	73.066261	73.05938	73.021805	72.996117	72.979988	72.990227	72.956451	72.951927	72.935768	72.908699	72.912422	72.886948	72.876671	72.859016	72.846863	72.854446	72.844238	72.820267	72.816063	72.797089	72.797638	72.7687	72.771446	72.761215	72.750404	72.756813	72.73436	72.720154	72.73246	72.706276	72.712532	72.698853	72.687759	72.682533	72.681862	72.666405	72.656647	72.666862	72.656937	72.635674	72.623772	72.611542	72.60302	72.602676
753	73.881256	73.689865	73.590538	73.526909	73.4618	73.43528	73.375252	73.343124	73.31971	73.276268	73.245094	73.231552	73.197151	73.16124	73.14592	73.141106	73.092346	73.090385	73.083282	73.04538	73.019409	73.003616	73.014954	72.979408	72.976662	72.959976	72.933365	72.937134	72.911644	72.900925	72.883736	72.872902	72.880104	72.869041	72.845009	72.841087	72.822899	72.824585	72.79351	72.795792	72.787827	72.774277	72.783508	72.76133	72.745651	72.757317	72.733673	72.739235	72.725334	72.712532	72.708801	72.707718	72.693085	72.6828	72.692451	72.682053	72.661293	72.650757	72.637085	72.629814	72.62986
754	73.904457	73.71389	73.615387	73.551987	73.488525	73.460312	73.401184	73.368393	73.346359	73.301498	73.271652	73.256477	73.22332	73.186836	73.172928	73.167511	73.118935	73.117828	73.110413	73.071381	73.046249	73.03109	73.042404	73.006691	73.00264	72.987488	72.961456	72.965294	72.940758	72.928848	72.911415	72.900299	72.908463	72.89814	72.871742	72.869865	72.851006	72.852287	72.822121	72.824112	72.815331	72.801346	72.812393	72.788048	72.773384	72.785233	72.761833	72.76754	72.753418	72.741585	72.737633	72.735878	72.721771	72.710785	72.720825	72.710625	72.691116	72.678604	72.666374	72.657074	72.657387
755	73.928162	73.738281	73.640694	73.577614	73.516098	73.485695	73.427757	73.394135	73.374138	73.327011	73.299026	73.281586	73.250351	73.213097	73.201172	73.194794	73.146721	73.146179	73.138412	73.098083	73.074036	73.059586	73.070618	73.03511	73.029037	73.015907	72.990471	72.994392	72.971039	72.957748	72.939911	72.928169	72.937592	72.928375	72.899071	72.899666	72.879784	72.880302	72.851746	72.853493	72.843185	72.829285	72.841919	72.814873	72.801765	72.814011	72.790337	72.796349	72.782013	72.771767	72.767189	72.764702	72.75106	72.739342	72.749985	72.740128	72.722038	72.706795	72.696686	72.684601	72.685158
756	73.952019	73.76284	73.666161	73.603401	73.543839	73.51123	73.454506	73.420036	73.402107	73.352684	73.326584	73.306862	73.277542	73.239532	73.229591	73.222244	73.174675	73.174706	73.166595	73.124954	73.101997	73.088264	73.099022	73.063698	73.055618	73.044502	73.019676	73.023674	73.001526	72.986855	72.968605	72.956207	72.966919	72.958801	72.926567	72.929649	72.908745	72.908501	72.881577	72.883072	72.871239	72.857407	72.871658	72.841858	72.830338	72.842979	72.819038	72.825348	72.810814	72.802147	72.796951	72.793716	72.780548	72.768089	72.779343	72.769829	72.753181	72.735176	72.727188	72.712288	72.713112
757	73.975166	73.787209	73.690865	73.628525	73.570534	73.536446	73.480621	73.445511	73.428719	73.377808	73.352013	73.332451	73.303436	73.266411	73.255852	73.249069	73.201767	73.202393	73.193398	73.151764	73.129532	73.115791	73.126465	73.091064	73.081451	73.072426	73.04744	73.050621	73.029152	73.014336	72.996262	72.983437	72.99453	72.986641	72.953835	72.957901	72.935989	72.935394	72.90934	72.911247	72.89904	72.885475	72.899559	72.869034	72.858742	72.870811	72.846603	72.853104	72.838913	72.830864	72.825653	72.822014	72.808357	72.796585	72.807678	72.798828	72.782013	72.763809	72.756233	72.740089	72.740524
758	73.997536	73.811363	73.71479	73.652924	73.596115	73.561302	73.506081	73.47052	73.453896	73.402321	73.375229	73.358383	73.32795	73.293747	73.279816	73.275223	73.227951	73.229179	73.218712	73.178505	73.156578	73.14209	73.152893	73.117111	73.106506	73.099625	73.073662	73.075089	73.053764	73.040123	73.022804	73.009819	73.020378	73.011757	72.980843	72.984314	72.961433	72.960892	72.934944	72.937958	72.926605	72.913513	72.925545	72.8964	72.886971	72.897469	72.872978	72.879532	72.866295	72.857834	72.853249	72.849564	72.834412	72.824799	72.834946	72.827087	72.808418	72.792725	72.783737	72.76799	72.767365
759	74.020073	73.835686	73.738869	73.677483	73.621864	73.586311	73.531708	73.495705	73.479248	73.427002	73.398598	73.384491	73.352638	73.321266	73.303947	73.301552	73.254303	73.256149	73.244194	73.205429	73.183807	73.168556	73.179504	73.143341	73.131729	73.127022	73.100052	73.099709	73.078552	73.066078	73.049538	73.036377	73.046387	73.037025	73.008041	73.010902	72.987045	72.986565	72.960716	72.964844	72.954353	72.941727	72.951706	72.923935	72.915375	72.924309	72.899536	72.906151	72.893867	72.884979	72.88102	72.877296	72.860641	72.85321	72.862404	72.855553	72.835007	72.821838	72.811432	72.796074	72.794395
760	74.043182	73.860512	73.763283	73.702515	73.647865	73.611794	73.55777	73.521545	73.505043	73.4524	73.42308	73.41098	73.378067	73.348953	73.329071	73.328339	73.281136	73.283363	73.270454	73.232971	73.211372	73.195496	73.206635	73.170204	73.157906	73.154716	73.126984	73.125458	73.104218	73.092834	73.07695	73.063484	73.07309	73.063232	73.035934	73.038124	73.013924	73.013245	72.987427	72.992264	72.9823	72.970261	72.978653	72.952011	72.944031	72.951836	72.926643	72.933731	72.922005	72.912666	72.909004	72.905441	72.887596	72.881943	72.890495	72.884285	72.862236	72.851097	72.839401	72.824783	72.822319
761	74.068626	73.887215	73.788666	73.729126	73.674324	73.638847	73.585289	73.550003	73.532349	73.48069	73.45253	73.438644	73.406631	73.376633	73.358566	73.356628	73.309525	73.310944	73.299873	73.262917	73.239822	73.223984	73.235611	73.199539	73.188179	73.183197	73.155853	73.156174	73.133728	73.122887	73.10701	73.09256	73.102531	73.093407	73.066498	73.067688	73.046494	73.044296	73.018059	73.02166	73.010452	72.999596	73.008797	72.98201	72.973129	72.982094	72.955742	72.965408	72.952248	72.942307	72.937164	72.934822	72.917435	72.911369	72.920998	72.913589	72.89193	72.880264	72.867943	72.855804	72.854012
762	74.094238	73.914085	73.81424	73.755928	73.700966	73.666077	73.612991	73.578667	73.559837	73.509186	73.482193	73.466507	73.435379	73.40451	73.388252	73.385117	73.338112	73.338722	73.329506	73.293076	73.268471	73.25267	73.264786	73.229088	73.218658	73.211868	73.184921	73.187103	73.163445	73.153145	73.137283	73.121834	73.132164	73.123795	73.097275	73.097473	73.079285	73.075554	73.048904	73.051239	73.038803	73.029152	73.039154	73.012199	73.002419	73.01255	72.985039	72.997307	72.982712	72.972145	72.965523	72.964409	72.947479	72.94101	72.951691	72.9431	72.921822	72.90963	72.89669	72.887032	72.885933
763	74.12001	73.941147	73.839973	73.782898	73.727776	73.693489	73.640877	73.607513	73.587509	73.537857	73.512047	73.494545	73.464325	73.432556	73.418152	73.41378	73.366882	73.366676	73.359322	73.323418	73.297295	73.281548	73.294159	73.25882	73.249344	73.24073	73.214188	73.218224	73.193344	73.183601	73.167755	73.151306	73.161987	73.154381	73.128265	73.127441	73.112305	73.107025	73.079956	73.081024	73.067329	73.058884	73.069717	73.04261	73.031898	73.043213	73.014534	73.029404	73.013359	73.002174	72.994064	72.994186	72.977722	72.97084	72.982605	72.972801	72.951912	72.939186	72.925613	72.91848	72.918045
764	74.14537	73.966293	73.867409	73.80986	73.751801	73.717522	73.666176	73.631851	73.612793	73.564659	73.53878	73.521896	73.491341	73.460114	73.446022	73.441254	73.394691	73.393478	73.387154	73.351128	73.324326	73.308907	73.321686	73.286812	73.278259	73.268593	73.241844	73.245819	73.220871	73.210365	73.196114	73.180374	73.190292	73.182655	73.156647	73.155579	73.139923	73.135338	73.108055	73.10952	73.096809	73.086288	73.09903	73.071144	73.060265	73.072777	73.042572	73.057144	73.041977	73.031448	73.023239	73.023399	73.007271	72.998772	73.01123	73.001656	72.980576	72.968277	72.955177	72.947403	72.946457
765	74.170769	73.991211	73.895302	73.836952	73.775406	73.74102	73.691086	73.655449	73.637741	73.591225	73.565048	73.549255	73.518112	73.487717	73.473648	73.468628	73.422447	73.420181	73.414719	73.378456	73.351151	73.336105	73.348991	73.314606	73.306976	73.296387	73.269333	73.272858	73.248062	73.236534	73.22422	73.209511	73.218445	73.210609	73.184662	73.183495	73.166641	73.163185	73.135719	73.137924	73.12661	73.113358	73.12825	73.099449	73.088531	73.10228	73.070457	73.084167	73.070328	73.06073	73.052681	73.05265	73.036835	73.026459	73.039558	73.030487	73.009094	72.997421	72.985008	72.975998	72.974289
766	74.196312	74.016281	73.923363	73.864212	73.799149	73.764656	73.716148	73.679184	73.662834	73.617966	73.591469	73.576775	73.545052	73.515472	73.501434	73.49617	73.450371	73.447052	73.442459	73.405952	73.378136	73.363472	73.376465	73.34256	73.335869	73.324356	73.296989	73.300049	73.275414	73.262863	73.252487	73.238823	73.246765	73.238739	73.212837	73.211578	73.193512	73.191208	73.163567	73.166481	73.156586	73.140602	73.157639	73.12793	73.116982	73.131958	73.098526	73.111359	73.098846	73.090179	73.082306	73.082069	73.066566	73.054329	73.068047	73.059479	73.037796	73.026749	73.015007	73.004761	73.002281
767	74.224007	74.045601	73.953278	73.893799	73.827393	73.79425	73.745193	73.708336	73.69162	73.647224	73.620949	73.606781	73.574318	73.544739	73.531807	73.526749	73.480278	73.477325	73.47242	73.435822	73.408089	73.393181	73.406845	73.372444	73.366508	73.353783	73.327492	73.330635	73.305405	73.292847	73.283112	73.269035	73.277321	73.269524	73.242897	73.242233	73.223701	73.221878	73.194023	73.198273	73.187828	73.171333	73.188927	73.159271	73.147041	73.163185	73.129547	73.141434	73.12912	73.121292	73.113701	73.113617	73.098236	73.085579	73.099251	73.091011	73.06945	73.058098	73.047455	73.035751	73.033035
768	74.253754	74.078995	73.984955	73.925629	73.859932	73.829552	73.778053	73.742661	73.7239	73.678909	73.653343	73.639175	73.605804	73.575439	73.564651	73.560204	73.51207	73.510864	73.504517	73.467979	73.44088	73.425125	73.439995	73.40416	73.398842	73.384621	73.360733	73.364441	73.337906	73.326302	73.315971	73.300095	73.309998	73.302849	73.274734	73.275375	73.25705	73.255074	73.227005	73.233124	73.220253	73.205406	73.222023	73.193336	73.17865	73.195908	73.163391	73.174286	73.161072	73.154015	73.146797	73.147171	73.131744	73.120079	73.133034	73.124954	73.103943	73.091385	73.082237	73.068863	73.066399
769	74.283691	74.11261	74.016838	73.957657	73.892693	73.865067	73.811111	73.777214	73.756393	73.7108	73.685951	73.671768	73.637497	73.606339	73.59771	73.59388	73.544067	73.544617	73.536819	73.500328	73.473877	73.457283	73.473358	73.436096	73.431381	73.415642	73.39418	73.398476	73.370621	73.359978	73.349052	73.33136	73.342888	73.33638	73.306786	73.308723	73.290596	73.288498	73.260201	73.268204	73.252892	73.2397	73.255348	73.227623	73.210472	73.228836	73.197441	73.207352	73.193237	73.186951	73.180115	73.180946	73.165474	73.154808	73.167023	73.159126	73.138641	73.124886	73.117241	73.102196	73.099991
770	74.313858	74.145195	74.048042	73.989166	73.92495	73.899445	73.843643	73.811012	73.788696	73.742523	73.718315	73.704437	73.669487	73.637596	73.630524	73.627266	73.57618	73.578041	73.569168	73.532562	73.506706	73.489647	73.506714	73.468201	73.464043	73.447357	73.427635	73.43235	73.40358	73.393578	73.381844	73.363022	73.375992	73.369591	73.338837	73.341843	73.323517	73.321762	73.293076	73.302345	73.285248	73.273575	73.288185	73.261353	73.242447	73.261688	73.231384	73.240509	73.225456	73.219658	73.213295	73.214462	73.198929	73.188965	73.200676	73.192825	73.173012	73.157936	73.151649	73.135605	73.13356
771	74.344444	74.172699	74.075714	74.017807	73.954468	73.9282	73.873245	73.840904	73.819504	73.772865	73.749008	73.736763	73.702087	73.6698	73.661659	73.658752	73.608154	73.609314	73.601021	73.563614	73.538101	73.522285	73.539345	73.500458	73.496628	73.481361	73.460464	73.464844	73.436928	73.426147	73.412689	73.395683	73.409302	73.400734	73.370239	73.373291	73.352997	73.353676	73.323921	73.331779	73.315697	73.304985	73.318306	73.291985	73.27449	73.293564	73.264122	73.273453	73.257309	73.25071	73.24527	73.246132	73.230476	73.220047	73.23217	73.223824	73.2052	73.188416	73.182838	73.168678	73.166359
772	74.375244	74.200409	74.103592	74.046654	73.984207	73.957161	73.903061	73.87101	73.85054	73.803429	73.779938	73.769325	73.734924	73.702217	73.693016	73.69046	73.640358	73.640816	73.633102	73.594894	73.569717	73.555168	73.57222	73.532959	73.529449	73.51561	73.49353	73.497597	73.470512	73.458954	73.443779	73.428581	73.442856	73.432114	73.401878	73.404976	73.38269	73.385826	73.354988	73.361435	73.346367	73.336639	73.348648	73.322845	73.306755	73.325668	73.297104	73.306625	73.289383	73.28199	73.277466	73.278038	73.262253	73.251366	73.263893	73.255051	73.237633	73.219093	73.214249	73.201988	73.199394
773	74.406273	74.228317	74.13166	74.075706	74.014145	73.986336	73.933083	73.901321	73.881798	73.834213	73.811073	73.802109	73.767998	73.734871	73.724579	73.722404	73.672791	73.672539	73.665405	73.626389	73.60157	73.58828	73.605324	73.565689	73.5625	73.550095	73.526825	73.530563	73.504326	73.491989	73.475067	73.461708	73.476639	73.463707	73.433739	73.436874	73.412598	73.418205	73.386292	73.391304	73.377258	73.3685	73.379204	73.35392	73.339272	73.358002	73.330315	73.340042	73.321693	73.313499	73.309898	73.310173	73.294266	73.28289	73.295845	73.286491	73.270294	73.250015	73.245888	73.235542	73.232666
774	74.430969	74.253426	74.155434	74.100555	74.040169	74.011543	73.959892	73.927185	73.907829	73.861076	73.837402	73.828362	73.793877	73.760956	73.749748	73.747826	73.69899	73.698418	73.691101	73.652077	73.626717	73.61425	73.631058	73.592529	73.588768	73.576859	73.552666	73.55732	73.531113	73.518677	73.501411	73.489594	73.504112	73.490784	73.461945	73.463745	73.441872	73.44487	73.414864	73.41938	73.405487	73.396301	73.408142	73.382095	73.368317	73.386337	73.357231	73.36895	73.350327	73.341743	73.338371	73.338509	73.323624	73.31221	73.324081	73.315804	73.29866	73.27887	73.273796	73.263344	73.260239
775	74.454857	74.278275	74.178696	74.124924	74.065765	74.036308	73.986382	73.952522	73.933235	73.887512	73.863174	73.85379	73.818817	73.786217	73.774071	73.77243	73.724411	73.723564	73.715935	73.677032	73.650993	73.639305	73.65583	73.618645	73.614143	73.6026	73.577538	73.58329	73.556976	73.544571	73.527161	73.516861	73.530792	73.517342	73.489784	73.490028	73.47126	73.47084	73.443237	73.447395	73.43351	73.423676	73.437019	73.410019	73.397041	73.414246	73.383354	73.397369	73.378601	73.369675	73.366432	73.366463	73.352776	73.341385	73.351944	73.344994	73.326561	73.307602	73.301323	73.290459	73.28714
776	74.478943	74.303322	74.202148	74.149498	74.091568	74.061272	74.0131	73.978073	73.958847	73.914177	73.889153	73.879425	73.843971	73.811684	73.798599	73.797218	73.750038	73.748909	73.74099	73.702202	73.675468	73.664551	73.680809	73.644981	73.63974	73.628555	73.602608	73.609474	73.583061	73.570671	73.553123	73.54435	73.557693	73.544113	73.517853	73.516525	73.500893	73.497017	73.471825	73.475632	73.461761	73.451271	73.466133	73.438171	73.425995	73.442383	73.409691	73.426018	73.407104	73.397842	73.394714	73.394653	73.382164	73.370796	73.380035	73.37442	73.354683	73.336578	73.329071	73.317787	73.314255
777	74.500313	74.326668	74.22625	74.173019	74.11544	74.08548	74.037163	74.002182	73.983124	73.93853	73.912445	73.903183	73.868004	73.836044	73.822617	73.820541	73.773666	73.773201	73.765564	73.72644	73.699257	73.688438	73.704895	73.66951	73.663567	73.653023	73.627159	73.63382	73.607727	73.596039	73.578522	73.570076	73.582291	73.570007	73.54287	73.541901	73.52803	73.522804	73.498062	73.501709	73.488014	73.47757	73.493233	73.463051	73.452065	73.468544	73.435364	73.451988	73.433342	73.423927	73.421692	73.421143	73.408661	73.39695	73.406265	73.401062	73.380844	73.362686	73.355103	73.343895	73.340012
778	74.51947	74.348656	74.250984	74.195732	74.137772	74.109154	74.059082	74.025169	74.006355	73.961029	73.93354	73.925438	73.891151	73.859558	73.846313	73.842705	73.795708	73.796684	73.789833	73.75	73.722549	73.711266	73.728317	73.692619	73.685997	73.676338	73.651382	73.656693	73.631294	73.620895	73.603523	73.594383	73.605049	73.595253	73.565392	73.566414	73.553169	73.54837	73.5224	73.526062	73.512688	73.502876	73.518715	73.48526	73.4758	73.493111	73.460564	73.4758	73.457741	73.448349	73.447647	73.446312	73.4328	73.420456	73.431023	73.425446	73.405441	73.386459	73.379776	73.369064	73.364708
779	74.538811	74.370865	74.275963	74.218674	74.160316	74.133049	74.081215	74.048378	74.029823	73.983749	73.954842	73.947922	73.914536	73.883301	73.870232	73.865089	73.817963	73.820396	73.814346	73.773796	73.746071	73.734314	73.751968	73.715958	73.708649	73.699867	73.675827	73.679779	73.65509	73.645988	73.628777	73.618935	73.628029	73.620743	73.588142	73.591171	73.57856	73.574181	73.546982	73.550659	73.537598	73.528427	73.544449	73.507683	73.499771	73.517921	73.486015	73.499832	73.482384	73.473015	73.473869	73.471725	73.457184	73.444183	73.456009	73.450066	73.430267	73.410477	73.404686	73.394478	73.389656
780	74.557762	74.39225	74.299446	74.240845	74.181915	74.155899	74.102814	74.070656	74.052299	74.005394	73.975838	73.969322	73.936562	73.905716	73.89283	73.886856	73.839363	73.842979	73.837471	73.796501	73.768951	73.756676	73.774704	73.738358	73.730743	73.722519	73.699036	73.702232	73.678055	73.6698	73.65287	73.642006	73.650314	73.644768	73.610786	73.614883	73.602303	73.598732	73.570465	73.574135	73.561417	73.552383	73.568619	73.529938	73.52272	73.54171	73.510109	73.522972	73.506157	73.496696	73.498207	73.49585	73.480598	73.467239	73.479721	73.473701	73.453903	73.433754	73.428688	73.418678	73.413734
781	74.574997	74.410339	74.317131	74.259827	74.199638	74.174522	74.122116	74.089172	74.070808	74.022766	73.995308	73.986473	73.953346	73.922958	73.910271	73.905975	73.857338	73.861076	73.855225	73.814896	73.789101	73.776161	73.793739	73.756966	73.750427	73.741554	73.717339	73.721954	73.697609	73.688576	73.67234	73.659355	73.669693	73.663109	73.632637	73.634338	73.61969	73.618279	73.5896	73.593147	73.580887	73.570152	73.586693	73.551186	73.541573	73.56134	73.528854	73.542458	73.52639	73.516411	73.515335	73.5149	73.500122	73.487457	73.498398	73.493355	73.472771	73.453941	73.448914	73.438042	73.434265
782	74.592422	74.428635	74.335014	74.279037	74.217575	74.193367	74.14164	74.107903	74.089539	74.040321	74.014999	74.00383	73.970337	73.940392	73.927917	73.925316	73.875519	73.879379	73.873177	73.833488	73.809486	73.795876	73.812988	73.775787	73.770332	73.760811	73.735855	73.741913	73.717384	73.707558	73.692039	73.676895	73.689308	73.681656	73.654747	73.654022	73.637283	73.638039	73.608948	73.612381	73.600571	73.588112	73.604965	73.572662	73.560638	73.581192	73.547813	73.562164	73.546844	73.536354	73.532669	73.534164	73.519859	73.507896	73.517281	73.513237	73.491859	73.474365	73.469368	73.457634	73.455032
783	74.610069	74.447151	74.353119	74.29847	74.235733	74.21244	74.161392	74.126854	74.10849	74.058105	74.034927	74.021385	73.987518	73.958038	73.94577	73.944893	73.893913	73.897903	73.89135	73.85231	73.830109	73.815819	73.832466	73.794838	73.790482	73.780304	73.754593	73.7621	73.737396	73.726761	73.711975	73.694649	73.709152	73.700432	73.677109	73.673943	73.65509	73.658043	73.628532	73.631844	73.620491	73.6063	73.623459	73.594406	73.579941	73.601288	73.567001	73.582108	73.567551	73.556534	73.550209	73.553665	73.539841	73.52858	73.536392	73.533348	73.511177	73.495033	73.490074	73.477455	73.476044
784	74.636208	74.471687	74.37822	74.323395	74.262062	74.239304	74.186775	74.153206	74.13588	74.08461	74.061951	74.048218	74.015839	73.985512	73.972511	73.97213	73.922119	73.924515	73.919449	73.879623	73.856506	73.843536	73.860916	73.823006	73.817841	73.808014	73.782227	73.789703	73.764725	73.753342	73.738464	73.72261	73.736389	73.72831	73.703278	73.700836	73.681389	73.683464	73.656937	73.659775	73.647316	73.634399	73.650314	73.621185	73.608757	73.629349	73.595306	73.610268	73.594307	73.584206	73.57901	73.580795	73.567604	73.555801	73.564148	73.56089	73.538986	73.523514	73.517731	73.504753	73.503609
785	74.663635	74.497208	74.404427	74.349251	74.289642	74.267372	74.21312	74.18071	74.164558	74.112427	74.090118	74.076431	74.045761	74.014435	74.000587	74.000565	73.95179	73.952362	73.949028	73.908241	73.883888	73.872467	73.890724	73.852554	73.846344	73.83699	73.811211	73.818481	73.793221	73.781067	73.766022	73.752068	73.764793	73.757553	73.730194	73.728851	73.708984	73.709808	73.686691	73.689011	73.67524	73.663963	73.678436	73.648857	73.639	73.658661	73.624985	73.639694	73.622086	73.613052	73.609444	73.609123	73.596588	73.584099	73.593216	73.589615	73.5681	73.553238	73.546516	73.533226	73.532257
786	74.691452	74.523102	74.431	74.375473	74.317619	74.295845	74.239838	74.208611	74.193642	74.14064	74.118683	74.105049	74.076111	74.04377	74.029068	74.029404	73.981873	73.980614	73.979027	73.937263	73.911652	73.901817	73.920975	73.882523	73.875252	73.866379	73.840591	73.847672	73.822128	73.809204	73.793968	73.781952	73.79361	73.787216	73.7575	73.757263	73.736969	73.736534	73.716881	73.718666	73.70356	73.693947	73.70697	73.676926	73.66967	73.688385	73.65509	73.669548	73.650253	73.642319	73.64032	73.637848	73.625992	73.612801	73.622711	73.618759	73.597626	73.583389	73.575714	73.562119	73.561317
787	74.713295	74.544945	74.453072	74.397087	74.340347	74.318108	74.261589	74.230156	74.215393	74.162933	74.140839	74.127472	74.098495	74.065659	74.050781	74.051926	74.004974	74.004112	74.002396	73.960266	73.93438	73.924911	73.943779	73.905655	73.898582	73.890259	73.863548	73.870628	73.844681	73.831726	73.816833	73.805183	73.81646	73.811165	73.779793	73.780212	73.75972	73.758934	73.739494	73.741623	73.726311	73.716972	73.729774	73.700539	73.693489	73.711342	73.678352	73.692635	73.673637	73.665642	73.664055	73.661369	73.648903	73.636261	73.646736	73.642403	73.62133	73.606712	73.598183	73.58548	73.584312
788	74.730835	74.563904	74.471924	74.415382	74.359306	74.335899	74.27977	74.247101	74.231812	74.180962	74.158356	74.145439	74.115089	74.082146	74.067589	74.069878	74.022987	74.024223	74.020996	73.978935	73.953506	73.943481	73.961212	73.923859	73.9179	73.910164	73.881844	73.889099	73.862656	73.85022	73.83606	73.823608	73.835014	73.831001	73.7985	73.79921	73.778702	73.778244	73.756638	73.759727	73.745033	73.734955	73.748451	73.72097	73.712364	73.729393	73.696655	73.710823	73.693588	73.6847	73.682655	73.68116	73.66713	73.65596	73.666847	73.662117	73.640839	73.625114	73.615776	73.604897	73.602936
789	74.74865	74.583168	74.491089	74.43399	74.378563	74.353966	74.298248	74.264313	74.248505	74.19928	74.176163	74.163696	74.131958	74.0989	74.084671	74.088127	74.041313	74.04467	74.039886	73.997902	73.972931	73.962341	73.978928	73.942345	73.937531	73.930397	73.900452	73.907867	73.880913	73.869011	73.855591	73.842331	73.853867	73.851166	73.817513	73.81852	73.797997	73.797867	73.774048	73.77813	73.764053	73.753235	73.767433	73.74173	73.731537	73.747742	73.715263	73.729317	73.713875	73.704056	73.701553	73.701271	73.685638	73.675972	73.687286	73.682144	73.660652	73.643806	73.633659	73.624619	73.621872
790	74.765816	74.601715	74.509514	74.45237	74.397194	74.371773	74.316452	74.281815	74.265663	74.217453	74.194176	74.18174	74.149307	74.116486	74.102242	74.106583	74.059906	74.064468	74.058723	74.016685	73.992531	73.981522	73.997299	73.961266	73.95713	73.950073	73.919357	73.926758	73.899368	73.888329	73.875389	73.86171	73.872986	73.871429	73.837128	73.83886	73.818054	73.81826	73.79232	73.797371	73.783966	73.77269	73.787193	73.762421	73.750946	73.767075	73.73468	73.748886	73.734146	73.724312	73.721199	73.721657	73.704979	73.696472	73.707916	73.702728	73.681206	73.663582	73.652733	73.644989	73.64183
791	74.780586	74.617645	74.525269	74.469627	74.413475	74.388275	74.333344	74.299637	74.283722	74.234673	74.21228	74.198647	74.167542	74.136024	74.12075	74.12513	74.078796	74.081856	74.076851	74.034401	74.01207	74.001083	74.017113	73.980904	73.976097	73.96759	73.938629	73.945496	73.917862	73.908646	73.895409	73.882439	73.892349	73.891449	73.857971	73.861656	73.83979	73.840302	73.812584	73.818512	73.805893	73.795006	73.808701	73.782349	73.770508	73.788742	73.755905	73.771034	73.753784	73.74662	73.742462	73.742279	73.726173	73.717781	73.728493	73.724319	73.703285	73.685921	73.674751	73.666718	73.664246
792	74.795624	74.63385	74.541298	74.487183	74.430038	74.405075	74.350517	74.317772	74.302094	74.252197	74.230705	74.215851	74.186111	74.155899	74.13958	74.143997	74.098015	74.099541	74.095284	74.052422	74.031952	74.020981	74.037262	74.000893	73.995384	73.985397	73.958244	73.964569	73.936676	73.929321	73.915771	73.903526	73.912033	73.911819	73.879196	73.884834	73.861908	73.862724	73.833206	73.840019	73.828201	73.817711	73.830574	73.802628	73.790413	73.810783	73.777504	73.793564	73.773773	73.769318	73.764091	73.76326	73.747734	73.739456	73.749428	73.746284	73.725746	73.708649	73.697151	73.688812	73.687042
793	74.810913	74.650345	74.557617	74.505043	74.446892	74.422165	74.367996	74.336227	74.320801	74.270035	74.249466	74.233368	74.205002	74.176132	74.158745	74.163208	74.117577	74.117538	74.114052	74.07077	74.052193	74.041237	74.057785	74.021233	74.01503	74.003532	73.978195	73.983963	73.955826	73.950363	73.936501	73.924995	73.932083	73.932556	73.90078	73.908432	73.884422	73.885551	73.854195	73.861916	73.850906	73.84082	73.852844	73.823257	73.810677	73.833221	73.799492	73.816505	73.794113	73.792419	73.786118	73.784622	73.769684	73.761528	73.770744	73.768639	73.748611	73.731789	73.719955	73.711311	73.710251
794	74.825439	74.665985	74.573898	74.520683	74.462959	74.43853	74.385719	74.353172	74.338638	74.287498	74.266983	74.251495	74.222557	74.192886	74.177055	74.181595	74.135216	74.135086	74.132561	74.088821	74.069054	74.058144	74.076607	74.037018	74.032684	74.022148	73.99707	74.0019	73.975899	73.968712	73.952698	73.940651	73.950058	73.949341	73.918602	73.924797	73.902397	73.903595	73.873016	73.879829	73.869286	73.859314	73.872017	73.841187	73.828651	73.851822	73.817062	73.835159	73.812225	73.80999	73.804512	73.803589	73.788879	73.780212	73.789391	73.787483	73.76683	73.748627	73.739075	73.728249	73.727707
795	74.840187	74.68187	74.590485	74.536476	74.479279	74.455162	74.403793	74.370331	74.35675	74.30526	74.284744	74.270012	74.240356	74.209724	74.195663	74.200287	74.153053	74.152924	74.15139	74.107178	74.086014	74.07515	74.095665	74.052795	74.050537	74.041153	74.016205	74.020073	73.996399	73.987228	73.968903	73.95623	73.968239	73.966179	73.936501	73.94101	73.920425	73.921669	73.892036	73.897827	73.887726	73.877853	73.891342	73.859276	73.846802	73.870514	73.834679	73.853897	73.830536	73.827538	73.823021	73.822754	73.80825	73.799034	73.808228	73.80645	73.785088	73.765373	73.758308	73.745155	73.745102
796	74.855232	74.698074	74.607399	74.552574	74.495926	74.472115	74.422211	74.387833	74.375221	74.32338	74.302849	74.288879	74.258499	74.226898	74.21463	74.219337	74.171242	74.171112	74.170593	74.1259	74.103302	74.092491	74.115105	74.068886	74.068741	74.060524	74.035736	74.038612	74.017311	74.006104	73.985435	73.972122	73.986771	73.983345	73.954758	73.957535	73.938805	73.940102	73.911438	73.916176	73.906532	73.896751	73.911049	73.877716	73.865326	73.88958	73.852638	73.872993	73.849213	73.845428	73.841896	73.8423	73.828003	73.818222	73.827431	73.825798	73.803703	73.78244	73.777924	73.76239	73.762856
797	74.870071	74.71357	74.623802	74.569878	74.512878	74.489418	74.439468	74.406227	74.393745	74.341316	74.321579	74.308556	74.277382	74.245628	74.234177	74.23925	74.189301	74.190437	74.189011	74.145744	74.121552	74.111191	74.134262	74.087975	74.088249	74.079666	74.055191	74.058823	74.036835	74.026375	74.005432	73.99115	74.007484	74.003357	73.974449	73.976273	73.958305	73.958862	73.93074	73.935852	73.925995	73.916672	73.930969	73.897659	73.886337	73.909637	73.87336	73.892746	73.869881	73.865875	73.861832	73.862343	73.848389	73.838676	73.848839	73.84581	73.823845	73.80249	73.79879	73.78212	73.783669
798	74.884895	74.728737	74.639984	74.588066	74.530159	74.507072	74.456131	74.425331	74.412437	74.359276	74.340836	74.32888	74.296875	74.26548	74.254234	74.259834	74.207405	74.210617	74.207077	74.166443	74.140541	74.13089	74.153381	74.109093	74.108711	74.098793	74.07476	74.080238	74.055649	74.047668	74.027756	74.012283	74.029701	74.025299	73.995171	73.996529	73.978653	73.977974	73.950127	73.956505	73.946022	73.93737	73.951164	73.918686	73.909065	73.930473	73.895958	73.913033	73.89196	73.888077	73.882584	73.882851	73.869324	73.860077	73.871788	73.866394	73.845085	73.824524	73.820587	73.803543	73.806564
799	74.900017	74.744209	74.656509	74.606613	74.547791	74.525078	74.473122	74.444817	74.431503	74.377594	74.360474	74.349617	74.31675	74.285728	74.274696	74.280838	74.225876	74.231194	74.225502	74.187538	74.159912	74.15097	74.172882	74.130623	74.129593	74.118309	74.094719	74.102089	74.074844	74.069389	74.050537	74.033844	74.052376	74.047684	74.016312	74.017181	73.99942	73.997467	73.96991	73.97757	73.966454	73.958488	73.971771	73.940147	73.932251	73.951729	73.919006	73.933739	73.914482	73.910728	73.90374	73.903778	73.890678	73.881905	73.895203	73.88739	73.866768	73.847008	73.842827	73.825409	73.829926
800	74.915108	74.760155	74.672928	74.624542	74.565056	74.54248	74.490517	74.463669	74.449799	74.395775	74.378853	74.369415	74.336105	74.305489	74.294151	74.300903	74.244789	74.251244	74.24453	74.207756	74.179359	74.170631	74.192238	74.151001	74.150291	74.137749	74.114052	74.123245	74.09404	74.09021	74.071747	74.055328	74.073898	74.068993	74.036911	74.037407	74.019974	74.017097	73.989204	73.998489	73.986649	73.978767	73.992172	73.960937	73.954048	73.972481	73.940834	73.954414	73.936119	73.932487	73.924332	73.924385	73.91201	73.902802	73.91713	73.907951	73.88739	73.868271	73.86422	73.846565	73.852203
801	74.929634	74.776726	74.688629	74.640434	74.58091	74.55793	74.508331	74.480453	74.465683	74.413055	74.393707	74.386375	74.353638	74.323486	74.310661	74.318146	74.264145	74.269417	74.264381	74.22522	74.198364	74.188667	74.210632	74.168045	74.169952	74.156395	74.131279	74.14212	74.112656	74.108276	74.088631	74.075989	74.092049	74.087135	74.055634	74.055969	74.039391	74.036438	74.006752	74.018433	74.005676	73.996452	74.011459	73.979523	73.971901	73.991432	73.959084	73.97438	73.955032	73.951523	73.942955	73.943626	73.93261	73.92086	73.934891	73.926857	73.904922	73.886017	73.882957	73.865456	73.871269
802	74.944481	74.793655	74.704659	74.656677	74.597107	74.573708	74.526543	74.497612	74.481926	74.430717	74.40889	74.403702	74.371544	74.341873	74.327522	74.335762	74.28392	74.287994	74.284668	74.243073	74.217781	74.2071	74.229416	74.185463	74.190033	74.175446	74.148903	74.161407	74.13166	74.12674	74.105873	74.097084	74.110588	74.105667	74.07476	74.074921	74.059227	74.056198	74.024681	74.038803	74.025116	74.014534	74.031174	73.998505	73.990128	74.010803	73.97773	73.994789	73.97435	73.970978	73.961975	73.963287	73.953674	73.939308	73.953018	73.946175	73.922821	73.904137	73.902092	73.884743	73.890755
803	74.959656	74.810944	74.721046	74.673264	74.613655	74.589836	74.545135	74.515129	74.498512	74.448753	74.4244	74.42141	74.389839	74.360664	74.344757	74.353767	74.304131	74.306961	74.305382	74.261314	74.237617	74.225929	74.248611	74.203247	74.210556	74.194923	74.166893	74.181107	74.151085	74.145599	74.123489	74.118645	74.129532	74.124603	74.094299	74.094299	74.079491	74.076385	74.043007	74.059608	74.044968	74.033005	74.051308	74.017906	74.008759	74.030594	73.996773	74.01564	73.994087	73.990845	73.981407	73.983368	73.975189	73.958168	73.97155	73.965904	73.941116	73.922653	73.921654	73.904457	73.91066
804	74.967178	74.819199	74.728806	74.681114	74.62249	74.599815	74.553314	74.523102	74.509392	74.459587	74.434814	74.430641	74.400902	74.369339	74.35601	74.363503	74.31134	74.316048	74.316612	74.271103	74.248482	74.23539	74.259979	74.213646	74.218636	74.205666	74.177032	74.190521	74.161331	74.156364	74.134438	74.127892	74.140732	74.135742	74.104401	74.106445	74.090935	74.088516	74.055023	74.070129	74.054893	74.042877	74.062157	74.029839	74.018753	74.039726	74.006691	74.02697	74.004669	74.000885	73.991219	73.994736	73.983635	73.969498	73.983109	73.975548	73.953873	73.935135	73.932564	73.915405	73.921417
805	74.974762	74.827538	74.736633	74.689034	74.631416	74.609932	74.561539	74.531136	74.520447	74.470573	74.445412	74.439964	74.412117	74.37809	74.367432	74.373367	74.318542	74.325218	74.327957	74.280998	74.259483	74.244949	74.271484	74.224182	74.226746	74.216553	74.187294	74.200027	74.171692	74.167282	74.145546	74.137199	74.152084	74.147041	74.114624	74.118767	74.102524	74.100822	74.067223	74.080757	74.064926	74.052856	74.073128	74.041939	74.02887	74.04895	74.016724	74.038429	74.015366	74.011024	74.001114	74.006233	73.992111	73.98098	73.994835	73.985275	73.966843	73.947815	73.943619	73.926476	73.932297
806	74.982513	74.836044	74.744629	74.697128	74.640541	74.620262	74.569931	74.53933	74.531731	74.481796	74.456215	74.449493	74.423576	74.387016	74.379097	74.38343	74.325905	74.334579	74.339539	74.2911	74.270721	74.2547	74.283249	74.23494	74.235031	74.227661	74.197784	74.209724	74.182266	74.178421	74.156883	74.14669	74.163666	74.158569	74.125053	74.131348	74.114357	74.113388	74.079689	74.091606	74.075165	74.063057	74.084335	74.054298	74.0392	74.058357	74.026962	74.050133	74.026291	74.02137	74.011223	74.017975	74.000755	73.992714	74.006805	73.995216	73.980095	73.960762	73.954895	73.937782	73.943405
807	74.994919	74.848732	74.757172	74.710182	74.653473	74.633644	74.583725	74.55262	74.545578	74.495949	74.471573	74.463142	74.437782	74.400642	74.393127	74.397911	74.341171	74.349365	74.353676	74.306084	74.285278	74.269844	74.297485	74.250298	74.250275	74.242973	74.212631	74.224701	74.19709	74.19323	74.172295	74.161377	74.179771	74.174271	74.14064	74.147552	74.129799	74.130264	74.095947	74.108315	74.090767	74.078613	74.100891	74.070404	74.05555	74.076027	74.042419	74.06617	74.042908	74.036888	74.028679	74.03508	74.017731	74.009026	74.024818	74.012878	73.997444	73.977486	73.970444	73.954483	73.959389
808	75.009781	74.863663	74.772125	74.725876	74.668465	74.648682	74.600365	74.568604	74.56086	74.511711	74.489365	74.478996	74.453491	74.416756	74.408493	74.414757	74.360588	74.367027	74.369232	74.323677	74.301651	74.287842	74.313095	74.268135	74.269188	74.260544	74.229828	74.242477	74.214211	74.210045	74.189896	74.178818	74.198318	74.192207	74.158974	74.165741	74.147209	74.149467	74.114288	74.128136	74.10923	74.097038	74.120323	74.088547	74.075111	74.098053	74.060669	74.084541	74.062553	74.055168	74.050003	74.055038	74.03907	74.027802	74.046059	74.034615	74.017036	73.996277	73.988312	73.974052	73.977982
809	75.025002	74.878937	74.78743	74.741943	74.683792	74.664062	74.617401	74.584976	74.5765	74.527863	74.507568	74.495224	74.469574	74.433258	74.42421	74.432007	74.380455	74.385109	74.385155	74.341682	74.318413	74.306259	74.329071	74.286385	74.288544	74.278526	74.247429	74.260674	74.231728	74.227242	74.207916	74.196663	74.217293	74.210571	74.177742	74.184349	74.165031	74.169128	74.133057	74.148422	74.128128	74.115883	74.140205	74.107132	74.095131	74.12059	74.079338	74.10334	74.082649	74.073868	74.071823	74.07547	74.060905	74.04702	74.067795	74.056854	74.037086	74.015503	74.006584	73.994087	73.997017
810	75.042221	74.895798	74.805313	74.75985	74.701218	74.682541	74.636971	74.603775	74.595383	74.546173	74.526939	74.514542	74.488449	74.452614	74.44313	74.451889	74.401024	74.405251	74.404129	74.361549	74.337563	74.32682	74.348557	74.306335	74.309555	74.29863	74.2677	74.281349	74.251717	74.247292	74.228271	74.217018	74.237915	74.231056	74.198563	74.205116	74.184692	74.190125	74.153572	74.169746	74.148964	74.136581	74.161522	74.128021	74.116364	74.143593	74.100128	74.123749	74.104729	74.094826	74.09491	74.097473	74.083618	74.068138	74.090019	74.080185	74.058693	74.036278	74.027596	74.015869	74.018196
811	75.06292	74.91539	74.827751	74.780945	74.722267	74.70649	74.660965	74.626846	74.620033	74.568291	74.548187	74.539322	74.512238	74.47702	74.467712	74.476387	74.422592	74.428955	74.42852	74.384583	74.360886	74.351051	74.374268	74.329178	74.333351	74.32235	74.292664	74.306313	74.276039	74.272346	74.252655	74.241753	74.261292	74.255196	74.222893	74.229568	74.207474	74.213295	74.177032	74.192688	74.173119	74.160408	74.185219	74.152916	74.139557	74.167137	74.124519	74.146828	74.130157	74.119682	74.119995	74.12207	74.107605	74.092461	74.112823	74.105141	74.082863	74.059601	74.053375	74.040588	74.043083
812	75.084076	74.93541	74.85067	74.802505	74.743774	74.730965	74.685493	74.650421	74.645233	74.590881	74.569908	74.564636	74.536552	74.501976	74.492844	74.501419	74.444633	74.453186	74.453445	74.408112	74.384727	74.375801	74.400558	74.352524	74.357681	74.346596	74.318176	74.331833	74.300903	74.297951	74.277573	74.267021	74.285187	74.279861	74.247765	74.254562	74.230766	74.236977	74.201012	74.216148	74.197807	74.184761	74.209427	74.178352	74.163254	74.191193	74.149467	74.170425	74.156143	74.145081	74.14563	74.147217	74.132118	74.117317	74.136131	74.130669	74.107567	74.083435	74.07972	74.065849	74.06852
813	75.105431	74.955788	74.873817	74.824265	74.765587	74.755623	74.710121	74.674255	74.670555	74.613724	74.591911	74.59024	74.561127	74.527107	74.518166	74.526718	74.466942	74.477669	74.47863	74.431923	74.40876	74.400772	74.427002	74.376114	74.382233	74.371132	74.343857	74.357536	74.325981	74.323776	74.302734	74.292465	74.309357	74.30481	74.272835	74.279762	74.254349	74.260918	74.22522	74.239822	74.222748	74.209496	74.233887	74.203964	74.187187	74.215515	74.17466	74.194336	74.182304	74.170731	74.171539	74.172562	74.156914	74.142471	74.159775	74.156464	74.132576	74.10759	74.106232	74.091316	74.094215
814	75.120651	74.974426	74.890381	74.839905	74.783485	74.772171	74.724571	74.691864	74.686104	74.630791	74.609695	74.609634	74.579475	74.543739	74.535217	74.545204	74.484291	74.495949	74.497505	74.450127	74.425301	74.418106	74.443954	74.393829	74.399788	74.389999	74.36084	74.37468	74.343864	74.341492	74.320831	74.309448	74.327919	74.323746	74.290123	74.297218	74.272964	74.278992	74.242653	74.256882	74.241203	74.230492	74.251945	74.220383	74.204674	74.233734	74.193253	74.213623	74.199493	74.189278	74.190475	74.189735	74.175934	74.161804	74.179352	74.175812	74.151939	74.127213	74.123344	74.108833	74.113197
815	75.136223	74.993484	74.907333	74.855881	74.801788	74.789085	74.739349	74.709854	74.701996	74.648247	74.627876	74.629478	74.598244	74.560738	74.552658	74.564117	74.502029	74.514648	74.5168	74.468742	74.44223	74.435822	74.461281	74.411957	74.41774	74.409294	74.378204	74.392197	74.362144	74.359604	74.339348	74.326813	74.346893	74.343124	74.307808	74.315071	74.292007	74.297462	74.260475	74.27433	74.260071	74.251953	74.270401	74.237183	74.222549	74.25238	74.212265	74.233353	74.217072	74.208244	74.209839	74.207291	74.195381	74.181572	74.199364	74.195587	74.171745	74.147263	74.140831	74.12674	74.132607
816	75.152138	75.012985	74.92466	74.872238	74.820518	74.806389	74.754463	74.728271	74.718262	74.6661	74.646477	74.649773	74.617447	74.578133	74.570503	74.583466	74.520172	74.533775	74.536537	74.487785	74.459549	74.453941	74.479004	74.430504	74.436096	74.429031	74.395958	74.41011	74.380859	74.378128	74.358284	74.344574	74.36631	74.36293	74.32589	74.333344	74.31147	74.31636	74.278702	74.292175	74.279388	74.273911	74.289291	74.254349	74.240837	74.271454	74.231705	74.253532	74.235039	74.227646	74.229637	74.225258	74.215271	74.201797	74.219841	74.21582	74.192001	74.167786	74.158722	74.145058	74.152466
817	75.170074	75.031189	74.943092	74.891884	74.841087	74.827103	74.773804	74.749329	74.738815	74.687614	74.668076	74.671387	74.638809	74.600159	74.591904	74.605286	74.541389	74.556061	74.558762	74.509567	74.482635	74.475548	74.501907	74.452675	74.458488	74.452103	74.419304	74.433319	74.402992	74.399727	74.381462	74.367706	74.389427	74.386536	74.348885	74.356804	74.335205	74.339066	74.301926	74.315987	74.303238	74.297272	74.313324	74.277122	74.264236	74.295822	74.255966	74.277916	74.258965	74.251244	74.252396	74.250359	74.2397	74.225197	74.244576	74.239311	74.215034	74.19236	74.183067	74.169167	74.175354
818	75.189034	75.049164	74.962219	74.913078	74.862656	74.849411	74.795059	74.771706	74.761322	74.710838	74.691124	74.693825	74.661331	74.62429	74.614983	74.628372	74.564095	74.57988	74.582268	74.532707	74.508286	74.498802	74.52713	74.476578	74.48275	74.476799	74.445129	74.4589	74.426773	74.422821	74.406593	74.393242	74.414314	74.411942	74.374107	74.382622	74.360916	74.363571	74.3274	74.342438	74.329185	74.321495	74.339691	74.302368	74.28994	74.322601	74.282433	74.304283	74.285515	74.276802	74.276611	74.278564	74.266228	74.250153	74.271317	74.264374	74.239471	74.218842	74.210258	74.195831	74.199745
819	75.208435	75.067551	74.981781	74.934769	74.884727	74.872238	74.816803	74.794594	74.784348	74.734604	74.714714	74.716782	74.684364	74.648979	74.638603	74.651993	74.587326	74.604263	74.606331	74.556389	74.534531	74.522598	74.552925	74.501022	74.507584	74.50206	74.47155	74.485085	74.451103	74.446449	74.43232	74.419365	74.439766	74.437927	74.39991	74.409035	74.38723	74.388649	74.353485	74.369507	74.355736	74.346283	74.366669	74.328209	74.316238	74.349991	74.309509	74.331261	74.312683	74.30294	74.301392	74.307426	74.293365	74.275681	74.298668	74.290024	74.264488	74.245949	74.238075	74.223129	74.224693
820	75.223557	75.082466	74.998131	74.952347	74.901947	74.890121	74.834129	74.812462	74.802307	74.75293	74.73391	74.734161	74.702408	74.667824	74.657021	74.670891	74.606537	74.623795	74.625687	74.575714	74.554565	74.542244	74.573639	74.521027	74.52726	74.521339	74.492256	74.506607	74.471252	74.465073	74.452171	74.440216	74.460396	74.458244	74.419418	74.429977	74.407288	74.408607	74.373543	74.390083	74.375282	74.365494	74.387184	74.348282	74.336807	74.371262	74.331253	74.351852	74.333893	74.323013	74.320679	74.329147	74.3144	74.295876	74.319572	74.310738	74.284111	74.266914	74.258842	74.243805	74.244919
821	75.232292	75.092155	75.009598	74.963753	74.911942	74.900597	74.844833	74.822815	74.812706	74.763176	74.746529	74.74324	74.71299	74.677956	74.667641	74.682724	74.619705	74.636063	74.638039	74.588524	74.565353	74.555656	74.586731	74.534348	74.539246	74.5317	74.504402	74.521103	74.485077	74.476227	74.463287	74.453171	74.473785	74.4701	74.429581	74.442757	74.418037	74.420937	74.384621	74.400993	74.384407	74.376381	74.398056	74.359741	74.348816	74.383408	74.345024	74.362946	74.34623	74.33403	74.331764	74.340233	74.326309	74.30809	74.330864	74.324051	74.295715	74.278732	74.269173	74.254631	74.258041
822	75.241226	75.102081	75.021339	74.975426	74.922165	74.911324	74.855789	74.833412	74.823341	74.773643	74.759445	74.752541	74.723831	74.688324	74.67852	74.694839	74.633179	74.648636	74.650673	74.601631	74.576408	74.569374	74.600136	74.547974	74.551514	74.542297	74.516838	74.535942	74.499237	74.487656	74.474663	74.466423	74.487495	74.482239	74.43998	74.455841	74.429039	74.433548	74.395966	74.412163	74.393753	74.387527	74.409195	74.371483	74.361107	74.395844	74.359108	74.374298	74.358871	74.345306	74.343124	74.351585	74.338493	74.320587	74.342415	74.337692	74.307594	74.290833	74.279747	74.265709	74.271469
823	75.25045	75.112198	75.032982	74.986992	74.932373	74.922058	74.866936	74.84404	74.834221	74.784073	74.772247	74.762085	74.734749	74.698936	74.689484	74.706924	74.646606	74.661209	74.663338	74.614822	74.587616	74.582916	74.613617	74.561623	74.563881	74.553398	74.529335	74.550499	74.513374	74.499435	74.486382	74.479607	74.501244	74.494751	74.450867	74.468895	74.440514	74.446358	74.4076	74.423615	74.403687	74.398918	74.420891	74.383453	74.373833	74.408432	74.372993	74.386086	74.371513	74.357185	74.354691	74.362991	74.350945	74.333397	74.354324	74.351387	74.319771	74.303001	74.290825	74.277161	74.284866
824	75.260521	75.122253	75.041588	74.995415	74.940567	74.930992	74.877563	74.852928	74.845253	74.792076	74.781723	74.772194	74.744415	74.709724	74.699081	74.716515	74.657204	74.671539	74.673798	74.626259	74.598244	74.592354	74.625313	74.572952	74.57486	74.567009	74.540115	74.559746	74.524773	74.512215	74.499008	74.489723	74.512863	74.508347	74.464081	74.479309	74.454086	74.458549	74.419693	74.435585	74.417084	74.410416	74.435463	74.395309	74.388107	74.419998	74.382515	74.39959	74.382042	74.372276	74.366035	74.372879	74.363533	74.346581	74.367226	74.363121	74.332367	74.313507	74.304466	74.289879	74.295479
825	75.270844	75.132561	75.050407	75.004051	74.948959	74.94014	74.888451	74.862045	74.856567	74.80027	74.791428	74.782555	74.754318	74.720795	74.708916	74.726349	74.668053	74.682129	74.684525	74.637985	74.609123	74.60202	74.637291	74.584564	74.586113	74.58094	74.551163	74.569229	74.536446	74.525314	74.511948	74.500092	74.524765	74.52227	74.477631	74.48999	74.468002	74.471046	74.432091	74.447853	74.430809	74.422211	74.450401	74.407455	74.402733	74.431854	74.392273	74.413429	74.39283	74.387756	74.377663	74.383003	74.376442	74.3601	74.380455	74.375153	74.345268	74.324265	74.318436	74.302917	74.306343
826	75.281418	75.14312	75.059441	75.012901	74.957565	74.949509	74.899612	74.871384	74.868164	74.808678	74.801376	74.793167	74.764465	74.732124	74.718994	74.73642	74.679169	74.692978	74.695518	74.649994	74.620285	74.611923	74.649574	74.596466	74.597641	74.59523	74.562469	74.578949	74.548401	74.538734	74.5252	74.510712	74.536972	74.536537	74.491508	74.500931	74.482254	74.483849	74.444801	74.460411	74.44487	74.434288	74.465714	74.419907	74.417725	74.444	74.402267	74.42762	74.403877	74.403603	74.38958	74.393379	74.389664	74.37394	74.393997	74.387466	74.35849	74.335289	74.332764	74.316277	74.317482
827	75.289856	75.152222	75.069389	75.026062	74.969147	74.961761	74.912498	74.881783	74.880653	74.819237	74.811081	74.806877	74.774918	74.744629	74.730484	74.748787	74.692078	74.704681	74.709396	74.661339	74.632874	74.624931	74.661057	74.60965	74.61071	74.608864	74.575333	74.591896	74.561966	74.551544	74.53775	74.522507	74.550339	74.550919	74.504463	74.514374	74.496231	74.496948	74.457352	74.473236	74.457817	74.446472	74.478981	74.434349	74.429962	74.457985	74.414001	74.44133	74.417007	74.41713	74.40345	74.407906	74.402634	74.385468	74.408318	74.40226	74.372734	74.349503	74.346375	74.330177	74.330917
828	75.297859	75.161102	75.079758	75.040642	74.981766	74.975021	74.926086	74.892662	74.893608	74.830559	74.820892	74.821678	74.785629	74.757675	74.742561	74.762001	74.705704	74.71682	74.724319	74.672707	74.646088	74.639008	74.672539	74.623421	74.624443	74.622566	74.588837	74.605957	74.576202	74.5644	74.550316	74.534836	74.56427	74.56559	74.517418	74.528755	74.510368	74.510361	74.4701	74.486351	74.47068	74.458916	74.491951	74.44957	74.441681	74.472717	74.426422	74.455177	74.430939	74.430267	74.418121	74.423828	74.415756	74.396561	74.423103	74.417992	74.38752	74.364853	74.360031	74.344482	74.34523
829	75.306091	75.170204	75.090393	75.055603	74.994698	74.988617	74.940041	74.903831	74.906906	74.842186	74.830963	74.836868	74.796616	74.771065	74.754951	74.775566	74.719688	74.729279	74.739639	74.684372	74.65966	74.65345	74.684319	74.63755	74.638527	74.636635	74.602684	74.620377	74.590828	74.577606	74.563225	74.547485	74.578552	74.580643	74.530701	74.543503	74.524879	74.524132	74.483177	74.499809	74.483879	74.47168	74.505249	74.465195	74.453705	74.487839	74.439171	74.469383	74.445229	74.443756	74.433174	74.440147	74.42923	74.407944	74.438271	74.434128	74.402687	74.380585	74.374046	74.359154	74.359909
830	75.317513	75.182701	75.10218	75.069008	75.009071	75.003265	74.953857	74.917786	74.921242	74.856049	74.844566	74.851456	74.810318	74.784363	74.769997	74.789566	74.733551	74.743156	74.755135	74.697281	74.674927	74.668114	74.698761	74.65197	74.653069	74.651253	74.617218	74.635902	74.604973	74.592598	74.578186	74.563217	74.593575	74.594307	74.546379	74.559456	74.540016	74.540138	74.497856	74.514877	74.499359	74.487488	74.520103	74.481644	74.468079	74.50383	74.454117	74.485107	74.460876	74.458275	74.449448	74.457153	74.444717	74.423233	74.455605	74.45034	74.418495	74.396942	74.389999	74.374443	74.376305
831	75.332504	75.198975	75.115227	75.080658	75.025032	75.019089	74.967537	74.93486	74.936714	74.872391	74.862106	74.865379	74.827042	74.797531	74.787994	74.804054	74.747269	74.758606	74.770798	74.711571	74.692101	74.683006	74.716202	74.666695	74.668106	74.666504	74.632477	74.652657	74.618584	74.609581	74.595444	74.582397	74.609398	74.606422	74.564743	74.576752	74.555801	74.558655	74.514313	74.531754	74.517365	74.506691	74.53669	74.498993	74.485077	74.520782	74.471512	74.50251	74.478004	74.473961	74.467072	74.474876	74.462448	74.442848	74.475311	74.466621	74.434982	74.413971	74.408112	74.390396	74.394577
832	75.347908	75.215691	75.128624	75.092621	75.041435	75.035347	74.981575	74.9524	74.952599	74.889183	74.880127	74.879684	74.844223	74.811081	74.806488	74.818954	74.761375	74.774483	74.786903	74.726257	74.709732	74.698303	74.734123	74.681831	74.683556	74.68219	74.648155	74.669868	74.632576	74.627037	74.613182	74.602104	74.625656	74.618874	74.583603	74.594536	74.572029	74.577675	74.531219	74.549072	74.535866	74.526421	74.553726	74.51683	74.502533	74.5382	74.489372	74.520386	74.495605	74.490067	74.485168	74.49308	74.480667	74.463013	74.49556	74.483337	74.451935	74.431458	74.426712	74.406776	74.413353
833	75.36274	75.23156	75.142113	75.104736	75.057053	75.050827	74.995392	74.969246	74.968018	74.905952	74.89756	74.893799	74.860954	74.824974	74.824112	74.834068	74.775848	74.790314	74.802773	74.741447	74.726608	74.713287	74.75174	74.696892	74.699577	74.697937	74.663918	74.686874	74.6474	74.644653	74.630516	74.62101	74.642418	74.632469	74.601868	74.612534	74.588356	74.596352	74.548378	74.566391	74.553986	74.545624	74.570984	74.534088	74.519905	74.55587	74.507263	74.537849	74.513206	74.506485	74.503204	74.511078	74.498596	74.482498	74.515106	74.500259	74.469032	74.448898	74.444923	74.423645	74.431595
834	75.373116	75.241447	75.154495	75.116219	75.067062	75.060753	75.0065	74.980713	74.979424	74.920723	74.910049	74.90538	74.873611	74.839096	74.835518	74.848686	74.790558	74.804192	74.815781	74.757538	74.737808	74.724968	74.76593	74.709961	74.716606	74.712357	74.678352	74.700951	74.66481	74.661156	74.643921	74.633858	74.659935	74.650261	74.615189	74.629684	74.603394	74.611313	74.56488	74.581734	74.568161	74.560051	74.587433	74.546577	74.534897	74.572845	74.523315	74.551315	74.528908	74.522644	74.518875	74.526009	74.513107	74.496468	74.528984	74.516335	74.485031	74.464188	74.45916	74.441093	74.44516
835	75.383797	75.251617	75.167229	75.128021	75.077362	75.070961	75.017921	74.992523	74.99115	74.935905	74.922913	74.91729	74.886635	74.853615	74.847237	74.863724	74.805702	74.818459	74.829163	74.774063	74.749329	74.736984	74.780533	74.723389	74.734123	74.727188	74.693199	74.715439	74.682701	74.678123	74.657722	74.647072	74.677948	74.668571	74.628883	74.647339	74.618843	74.626701	74.581841	74.597504	74.582741	74.57489	74.604347	74.55941	74.550308	74.590294	74.53981	74.565155	74.545052	74.539253	74.535004	74.541359	74.52803	74.510834	74.543251	74.532852	74.50148	74.479897	74.473801	74.459038	74.459106
836	75.394783	75.262077	75.180321	75.140182	75.087952	75.081459	75.029686	75.004669	75.003212	74.951538	74.936142	74.92955	74.900032	74.868568	74.859314	74.879196	74.821289	74.833153	74.842926	74.791084	74.761185	74.749359	74.795563	74.737206	74.752144	74.742455	74.708473	74.730339	74.701111	74.695587	74.671913	74.660667	74.696487	74.687424	74.642982	74.665489	74.634758	74.642525	74.599304	74.613747	74.597755	74.590164	74.621758	74.572624	74.566177	74.608253	74.556793	74.579399	74.561668	74.556358	74.551598	74.557167	74.543381	74.525627	74.557938	74.549866	74.51841	74.496071	74.488869	74.477509	74.473457
837	75.409615	75.277344	75.196793	75.156097	75.101265	75.096725	75.045685	75.019783	75.021454	74.965569	74.950401	74.947159	74.91552	74.882751	74.87542	74.894096	74.835167	74.848572	74.859009	74.805893	74.774483	74.764359	74.80925	74.751648	74.76564	74.756882	74.724686	74.745346	74.71579	74.710052	74.68689	74.673759	74.710175	74.704475	74.657288	74.678215	74.649551	74.658195	74.613632	74.628365	74.613503	74.605461	74.636696	74.588737	74.58168	74.62455	74.57206	74.597084	74.576721	74.571854	74.567688	74.573044	74.558853	74.542236	74.571732	74.565933	74.53334	74.511826	74.505997	74.492058	74.489662
838	75.425461	75.293777	75.214218	75.17305	75.115349	75.113167	75.062775	75.035767	75.041191	74.979683	74.965202	74.96608	74.931747	74.897179	74.892601	74.909271	74.849129	74.864494	74.87587	74.820717	74.788376	74.780182	74.823082	74.766556	74.778748	74.771545	74.74147	74.76075	74.730217	74.724396	74.702385	74.687088	74.723404	74.721664	74.672012	74.690384	74.664536	74.674232	74.627815	74.643097	74.629768	74.621155	74.651627	74.605736	74.597534	74.640991	74.587425	74.615776	74.591919	74.587486	74.584106	74.589355	74.574753	74.559578	74.585739	74.582253	74.548325	74.527916	74.523903	74.506355	74.506599
839	75.441788	75.310722	75.232193	75.190529	75.129875	75.130112	75.080399	75.052246	75.061523	74.994232	74.980461	74.985596	74.948471	74.912056	74.910324	74.924927	74.863525	74.880913	74.893272	74.836006	74.802696	74.796494	74.837341	74.781929	74.792252	74.786667	74.758781	74.776627	74.745094	74.739182	74.718353	74.700836	74.737053	74.739395	74.68718	74.702927	74.679993	74.690758	74.642441	74.658287	74.646538	74.637321	74.667015	74.623268	74.613884	74.657928	74.603287	74.635048	74.607567	74.603607	74.601036	74.606163	74.591141	74.577454	74.600182	74.599098	74.563774	74.54451	74.542358	74.521088	74.524048
840	75.451073	75.32177	75.243065	75.201752	75.14209	75.143127	75.092178	75.06517	75.073853	75.005936	74.992264	74.999039	74.960335	74.923309	74.922562	74.93808	74.874268	74.892876	74.906265	74.848076	74.815392	74.808136	74.850121	74.793541	74.803322	74.798286	74.770844	74.788078	74.756699	74.750771	74.73037	74.712372	74.748993	74.751877	74.698235	74.714226	74.691597	74.703026	74.654022	74.670776	74.658234	74.649269	74.680435	74.6353	74.625954	74.669769	74.615662	74.648201	74.621017	74.615616	74.613235	74.618889	74.604546	74.589958	74.612633	74.611244	74.575661	74.556679	74.555542	74.532967	74.537346
841	75.454559	75.32795	75.2481	75.207832	75.152451	75.152954	75.099167	75.075218	75.079605	75.015327	75.001236	75.007515	74.968208	74.931625	74.930321	74.949226	74.882027	74.901199	74.91568	74.857536	74.826805	74.815964	74.86174	74.802086	74.812439	74.807045	74.778641	74.795944	74.765633	74.759743	74.739182	74.722115	74.75959	74.760056	74.705925	74.724548	74.700073	74.711807	74.663139	74.681107	74.665771	74.657761	74.692276	74.642822	74.634567	74.677414	74.625206	74.656334	74.632683	74.624268	74.62159	74.628265	74.615562	74.598083	74.623497	74.619553	74.584648	74.565231	74.564407	74.542519	74.547234
842	75.458145	75.334328	75.253281	75.214119	75.163124	75.163094	75.106361	75.085587	75.085526	75.025032	75.010506	75.016251	74.976318	74.940201	74.938332	74.960716	74.890038	74.90979	74.9254	74.86731	74.838593	74.824036	74.873726	74.810913	74.821838	74.816093	74.786682	74.804047	74.774857	74.769012	74.748253	74.73217	74.770523	74.768494	74.713844	74.735207	74.708809	74.720871	74.672546	74.69178	74.673553	74.666527	74.704506	74.650589	74.643448	74.685318	74.635056	74.664726	74.64473	74.633202	74.630196	74.637955	74.626923	74.606461	74.634697	74.628136	74.593918	74.574066	74.573578	74.552376	74.557442
843	75.462929	75.341301	75.259377	75.221283	75.173012	75.173279	75.114143	75.095955	75.092529	75.034592	75.019714	75.025139	74.985352	74.949951	74.946854	74.972328	74.898651	74.918945	74.93541	74.876938	74.849991	74.833496	74.885994	74.821472	74.832008	74.825897	74.7957	74.813805	74.785027	74.778862	74.75843	74.743111	74.781868	74.778526	74.722961	74.746162	74.719002	74.730492	74.682495	74.702339	74.682388	74.676186	74.716743	74.65963	74.653488	74.694885	74.645042	74.674492	74.656303	74.642876	74.640488	74.648705	74.638435	74.616394	74.646393	74.637787	74.603966	74.584106	74.583412	74.56353	74.568329
844	75.471069	75.349625	75.267876	75.230675	75.179687	75.182892	75.123169	75.105614	75.102425	75.043037	75.028061	75.033875	74.99659	74.962624	74.956398	74.983505	74.908554	74.929253	74.945625	74.885414	74.859406	74.846657	74.898277	74.836731	74.843857	74.837425	74.807175	74.828079	74.79747	74.789848	74.771301	74.756027	74.793762	74.792877	74.735115	74.757339	74.73304	74.741196	74.693504	74.711868	74.693893	74.687943	74.728241	74.672058	74.666466	74.70903	74.654793	74.687874	74.665596	74.654243	74.655327	74.662033	74.649658	74.630569	74.658813	74.650154	74.615707	74.597244	74.594681	74.577988	74.580566
845	75.479485	75.358231	75.276672	75.240395	75.1866	75.192841	75.132492	75.115608	75.112656	75.051788	75.036705	75.0429	75.008217	74.975723	74.966263	74.995056	74.918808	74.939919	74.956192	74.894196	74.869141	74.86026	74.91098	74.852493	74.856102	74.84935	74.819031	74.842827	74.810341	74.801201	74.784622	74.769371	74.806061	74.807709	74.747681	74.76889	74.747536	74.752266	74.704887	74.721733	74.705788	74.700111	74.740112	74.684906	74.679878	74.72364	74.664879	74.701714	74.675201	74.666008	74.67067	74.675797	74.66127	74.64521	74.671669	74.662926	74.627846	74.610832	74.606331	74.592934	74.593224
846	75.488182	75.367126	75.285759	75.25042	75.193733	75.203117	75.142136	75.125923	75.123215	75.060822	75.045631	75.052223	75.020226	74.989265	74.976456	75.006989	74.92939	74.950928	74.967102	74.903259	74.879189	74.874313	74.924103	74.86879	74.868752	74.861664	74.831291	74.858078	74.823631	74.812935	74.79837	74.783173	74.818764	74.823029	74.760666	74.78083	74.76252	74.763695	74.716637	74.731918	74.718079	74.712669	74.75238	74.698174	74.693726	74.738747	74.675301	74.716011	74.685135	74.678146	74.686516	74.690033	74.673256	74.660332	74.684944	74.676125	74.640388	74.624863	74.618362	74.608376	74.6063
847	75.493118	75.374237	75.292374	75.254356	75.200569	75.208488	75.149834	75.130722	75.130898	75.06897	75.054901	75.061401	75.028152	74.995529	74.984764	75.015785	74.938225	74.960823	74.973892	74.912109	74.883682	74.880806	74.931076	74.874191	74.877007	74.871071	74.83654	74.867668	74.827614	74.818741	74.804344	74.791626	74.825844	74.828682	74.767754	74.788857	74.769608	74.771942	74.724838	74.740326	74.726677	74.719437	74.760788	74.704758	74.700073	74.745621	74.683731	74.725899	74.69474	74.687492	74.693283	74.696335	74.682236	74.665886	74.692688	74.684868	74.648766	74.63118	74.625031	74.61132	74.612701
848	75.497993	75.381485	75.299065	75.258064	75.207619	75.213753	75.157669	75.135338	75.138657	75.077339	75.064499	75.070877	75.036087	75.001564	74.993233	75.024673	74.947243	74.97097	74.980659	74.921242	74.888	74.887062	74.937912	74.87912	74.885269	74.880615	74.841545	74.877228	74.831184	74.824379	74.810059	74.800041	74.832825	74.833946	74.774712	74.796921	74.776436	74.780273	74.733093	74.748901	74.735352	74.726067	74.769241	74.711159	74.706169	74.75222	74.692314	74.735863	74.704651	74.696991	74.69973	74.702377	74.69133	74.671051	74.70034	74.693626	74.657173	74.637238	74.631599	74.613609	74.618919
849	75.503014	75.388947	75.305962	75.261879	75.214882	75.21917	75.165741	75.140091	75.14666	75.085968	75.074394	75.080643	75.044273	75.007782	75.001953	75.033829	74.956528	74.981422	74.987617	74.930649	74.892433	74.893501	74.944954	74.884186	74.893776	74.89045	74.846695	74.887077	74.834839	74.830177	74.815941	74.808716	74.840012	74.839363	74.781883	74.805229	74.783478	74.788849	74.741592	74.757751	74.744286	74.73291	74.777954	74.717751	74.71244	74.759018	74.701164	74.746117	74.714874	74.706764	74.706367	74.708595	74.700714	74.676361	74.708229	74.702652	74.66584	74.643478	74.638374	74.615967	74.625328
850	75.508057	75.393478	75.310104	75.26825	75.219193	75.224533	75.172226	75.145981	75.15361	75.09256	75.081329	75.086937	75.051819	75.014015	75.008545	75.042702	74.964119	74.988953	74.995789	74.936943	74.899963	74.901031	74.953964	74.889946	74.903038	74.898041	74.854401	74.896164	74.842224	74.83902	74.823593	74.817177	74.848053	74.847099	74.791573	74.812561	74.791061	74.797623	74.749535	74.766899	74.752609	74.740845	74.786858	74.726601	74.719704	74.76767	74.708244	74.755363	74.725647	74.715767	74.713898	74.717606	74.712082	74.684807	74.717972	74.713203	74.674744	74.650993	74.645012	74.622711	74.634026
851	75.513168	75.396332	75.312675	75.276222	75.22184	75.229904	75.177849	75.152603	75.160042	75.09803	75.086617	75.091278	75.059105	75.02034	75.013969	75.051514	74.970802	74.994843	75.004776	74.941475	74.909416	74.909302	74.964249	74.896172	74.912865	74.904404	74.863739	74.904907	74.851913	74.84977	74.832397	74.82563	74.856705	74.8563	74.802887	74.819412	74.79908	74.806633	74.757248	74.776352	74.760696	74.749535	74.796005	74.7369	74.727638	74.777542	74.714371	74.764137	74.736885	74.724434	74.722046	74.728394	74.724785	74.695198	74.728928	74.7248	74.683929	74.65937	74.65168	74.632133	74.644203
852	75.518478	75.3993	75.315346	75.284485	75.224586	75.235489	75.183678	75.15947	75.166718	75.103722	75.092102	75.095779	75.066658	75.026886	75.0196	75.060646	74.977722	75.000961	75.014076	74.946175	74.919205	74.917862	74.974907	74.902634	74.923042	74.911011	74.873398	74.913963	74.861938	74.860916	74.841522	74.834396	74.865677	74.865837	74.814613	74.826508	74.807381	74.815964	74.765244	74.786148	74.769073	74.758545	74.805489	74.747566	74.735847	74.787766	74.720726	74.773232	74.748543	74.733421	74.730499	74.739571	74.737946	74.705971	74.740273	74.736816	74.693443	74.668045	74.6586	74.641891	74.654755
853	75.526482	75.406326	75.322205	75.295227	75.231934	75.2444	75.192139	75.169266	75.177277	75.111916	75.101555	75.105217	75.077957	75.036987	75.029358	75.072365	74.988228	75.010719	75.027031	74.955872	74.931946	74.928574	74.988091	74.913315	74.934662	74.921921	74.885025	74.926147	74.875298	74.873795	74.852966	74.845528	74.878273	74.87809	74.827583	74.838364	74.819145	74.828423	74.776726	74.798325	74.781456	74.770782	74.817314	74.760361	74.748161	74.801064	74.73204	74.785011	74.762436	74.746544	74.743469	74.753281	74.752617	74.71933	74.7547	74.750862	74.706284	74.681	74.670479	74.654907	74.668457
854	75.539848	75.421562	75.337555	75.310799	75.248634	75.259964	75.205803	75.184837	75.195602	75.125084	75.11895	75.124619	75.096733	75.054138	75.047394	75.089104	75.005829	75.027771	75.04715	74.975639	74.950371	74.94339	75.006119	74.932449	74.948906	74.94146	74.900391	74.944397	74.895149	74.889893	74.868889	74.861229	74.897995	74.895615	74.842735	74.859703	74.837708	74.84697	74.795082	74.815109	74.801758	74.789391	74.833649	74.777184	74.768578	74.820343	74.753281	74.801979	74.780548	74.76786	74.765411	74.771843	74.769981	74.737656	74.775055	74.768707	74.725662	74.7024	74.692299	74.674263	74.688301
855	75.553658	75.437309	75.353416	75.326889	75.265907	75.276047	75.219925	75.200912	75.214539	75.13868	75.136917	75.144669	75.116135	75.071869	75.066032	75.106392	75.024017	75.045395	75.06794	74.996071	74.969421	74.95871	75.024734	74.952225	74.963623	74.961639	74.916252	74.963249	74.915657	74.906525	74.88533	74.877464	74.918381	74.913727	74.858391	74.88176	74.856888	74.866142	74.814049	74.832443	74.822739	74.808601	74.850525	74.794556	74.789673	74.840263	74.775246	74.819527	74.799271	74.789902	74.788094	74.791023	74.787918	74.756592	74.796097	74.78714	74.745682	74.724518	74.714844	74.694275	74.708794
856	75.568176	75.453743	75.370003	75.343712	75.28389	75.2929	75.234871	75.21772	75.234077	75.153015	75.155571	75.165352	75.136131	75.090233	75.085442	75.12439	75.042877	75.063812	75.08947	75.017258	74.989227	74.974754	75.044128	74.972641	74.979103	74.982521	74.932892	74.982803	74.936768	74.92392	74.902565	74.894485	74.939545	74.932678	74.87484	74.904594	74.876816	74.886116	74.833771	74.850616	74.844452	74.828651	74.868309	74.812691	74.811554	74.861015	74.797974	74.837906	74.818695	74.812614	74.811508	74.811096	74.806587	74.776283	74.81797	74.806358	74.766525	74.747314	74.73822	74.714951	74.730072
857	75.589531	75.474632	75.392273	75.365997	75.305992	75.316574	75.259903	75.239441	75.252602	75.17527	75.176353	75.185051	75.15464	75.110123	75.10881	75.145996	75.063225	75.088425	75.112183	75.040657	75.01252	74.997269	75.067703	74.992546	75.002045	75.00383	74.956223	75.004021	74.955284	74.946938	74.926384	74.918526	74.96299	74.958237	74.898911	74.928352	74.899498	74.91037	74.856636	74.876251	74.867043	74.854103	74.895737	74.836006	74.835388	74.886192	74.821945	74.863235	74.839973	74.833527	74.833908	74.838387	74.828827	74.799438	74.843597	74.830284	74.791656	74.768311	74.763504	74.735489	74.753723
858	75.611603	75.496223	75.415291	75.389023	75.328827	75.341034	75.285767	75.261887	75.271729	75.198273	75.19783	75.205406	75.173759	75.130669	75.132957	75.16832	75.084244	75.113853	75.135666	75.064835	75.036591	75.020546	75.092064	75.013123	75.025764	75.025848	74.980354	75.02597	74.974411	74.970718	74.951004	74.943375	74.987228	74.98465	74.923798	74.952911	74.922943	74.935448	74.880257	74.90274	74.890396	74.880402	74.924103	74.8601	74.860016	74.912216	74.84671	74.889412	74.861969	74.855133	74.857071	74.8666	74.851814	74.82338	74.870094	74.855011	74.817642	74.790009	74.78965	74.756729	74.77816
859	75.634422	75.518562	75.439087	75.412834	75.352448	75.366333	75.312515	75.285095	75.291519	75.222054	75.220039	75.226463	75.193542	75.151917	75.157921	75.191406	75.105995	75.14016	75.159943	75.089844	75.061478	75.044609	75.117264	75.034393	75.050285	75.04863	75.005302	75.048653	74.994194	74.995323	74.976456	74.96907	75.012291	75.011978	74.949524	74.97831	74.947182	74.96138	74.904701	74.930145	74.914543	74.907608	74.953423	74.885025	74.88549	74.939125	74.872322	74.916489	74.884705	74.87748	74.88102	74.895767	74.875572	74.848137	74.897476	74.880577	74.844505	74.812439	74.816681	74.778679	74.803429
860	75.650146	75.53331	75.454063	75.428459	75.367981	75.382439	75.328239	75.30088	75.30809	75.238411	75.234505	75.241364	75.209686	75.169563	75.173782	75.207695	75.121719	75.157143	75.176392	75.105659	75.075691	75.062714	75.13298	75.052414	75.067421	75.066078	75.024261	75.067375	75.013252	75.0149	74.994202	74.987	75.030624	75.030655	74.966064	74.996063	74.964516	74.978317	74.920143	74.947723	74.930779	74.926315	74.973816	74.903656	74.902016	74.956825	74.888733	74.934586	74.902115	74.894974	74.898582	74.911392	74.892815	74.866623	74.916191	74.900024	74.861275	74.829453	74.830086	74.793457	74.817482
861	75.663445	75.545441	75.465927	75.441238	75.380714	75.395309	75.340019	75.314117	75.32373	75.252243	75.246269	75.254196	75.224747	75.18615	75.186447	75.22168	75.135422	75.17086	75.190147	75.118248	75.086075	75.078873	75.145348	75.06955	75.082039	75.08181	75.041321	75.084946	75.032402	75.032936	75.009331	75.002289	75.04673	75.046387	74.979385	75.011215	74.97953	74.992134	74.932426	74.961899	74.94429	74.942131	74.991173	74.920242	74.915436	74.971336	74.901924	74.949585	74.917816	74.910942	74.91404	74.922112	74.90789	74.883072	74.931931	74.917496	74.874489	74.844719	74.838509	74.80574	74.827507
862	75.677177	75.557968	75.478188	75.45443	75.393875	75.408615	75.352211	75.327805	75.339882	75.266533	75.25843	75.267448	75.240318	75.203285	75.199539	75.23613	75.14959	75.185028	75.204361	75.131256	75.096802	75.095573	75.158134	75.08725	75.097153	75.098083	75.058937	75.103096	75.052193	75.051567	75.024971	75.018097	75.063377	75.06263	74.993164	75.026878	74.995049	75.006409	74.945129	74.97654	74.958244	74.958473	75.009117	74.937386	74.929306	74.986336	74.915573	74.96508	74.934044	74.927429	74.93	74.933174	74.92347	74.90007	74.948196	74.935547	74.888161	74.860481	74.847206	74.818443	74.83786
863	75.684776	75.567184	75.486572	75.462395	75.40168	75.418648	75.360687	75.336403	75.351776	75.277061	75.267181	75.278572	75.251595	75.213623	75.207542	75.247314	75.159492	75.19384	75.213821	75.141121	75.104584	75.107117	75.168953	75.097794	75.108482	75.10997	75.071861	75.115631	75.065025	75.06382	75.036743	75.027924	75.07589	75.074699	75.0047	75.038521	75.006432	75.017227	74.955009	74.987579	74.969902	74.969994	75.021629	74.950203	74.93959	74.998405	74.926697	74.978241	74.94516	74.939476	74.9412	74.94381	74.935997	74.912643	74.95948	74.948647	74.900383	74.873428	74.855949	74.829536	74.848442
864	75.683784	75.571678	75.489464	75.46299	75.402	75.424034	75.363937	75.33786	75.357574	75.282249	75.271111	75.286583	75.256767	75.214394	75.208412	75.253822	75.163391	75.195084	75.216599	75.146507	75.108177	75.111351	75.17688	75.098282	75.114433	75.115654	75.078125	75.120209	75.068077	75.067055	75.043037	75.029381	75.08252	75.080811	75.012978	75.044441	75.01194	75.023109	74.960884	74.993477	74.97821	74.974709	75.026482	74.956894	74.944809	75.006279	74.934204	74.987991	74.949066	74.94519	74.945648	74.953697	74.944153	74.918922	74.96373	74.95472	74.910461	74.882278	74.864609	74.838272	74.859184
865	75.682755	75.576324	75.492439	75.463608	75.402313	75.429588	75.367287	75.339355	75.363564	75.287613	75.275162	75.294861	75.262108	75.215179	75.209305	75.260536	75.167397	75.196373	75.219444	75.152061	75.111885	75.115715	75.185081	75.098778	75.120583	75.121513	75.084595	75.124924	75.071236	75.070389	75.04953	75.030876	75.089355	75.08712	75.021515	75.050552	75.017616	75.029167	74.966934	74.999557	74.986794	74.979568	75.031487	74.963799	74.950195	75.014404	74.941948	74.998047	74.953102	74.951096	74.950233	74.963913	74.952576	74.925407	74.968109	74.960968	74.920868	74.891403	74.87355	74.84729	74.87027
866	75.683426	75.582314	75.497284	75.466522	75.404579	75.436333	75.37188	75.34288	75.370918	75.293854	75.280914	75.30426	75.268646	75.217804	75.212151	75.2687	75.172646	75.200012	75.224197	75.158768	75.117538	75.121483	75.194733	75.101364	75.128304	75.128914	75.09211	75.131226	75.076431	75.075531	75.057312	75.034508	75.097672	75.095139	75.031059	75.058121	75.024734	75.036812	74.974144	75.007217	74.996063	74.985847	75.037964	74.971626	74.956879	75.023743	74.950684	75.00927	74.958855	74.958412	74.956459	74.975029	74.961906	74.933037	74.97419	74.968811	74.931419	74.901253	74.883278	74.857109	74.881836
867	75.695732	75.596504	75.514015	75.484772	75.419861	75.449905	75.384125	75.359711	75.386299	75.305084	75.297295	75.319641	75.282211	75.232658	75.227966	75.285194	75.185432	75.219322	75.241158	75.172073	75.135544	75.13578	75.212578	75.117859	75.145317	75.145416	75.105408	75.147247	75.094727	75.09214	75.072495	75.052155	75.114525	75.113419	75.045715	75.074249	75.040443	75.053864	74.9879	75.024223	75.008385	75.000626	75.053345	74.984291	74.971207	75.039642	74.964485	75.026306	74.975304	74.974129	74.972763	74.990387	74.975677	74.94709	74.990883	74.986061	74.940941	74.914185	74.896553	74.870613	74.894455
868	75.708458	75.611153	75.531288	75.503601	75.435623	75.463913	75.396767	75.377083	75.402168	75.316681	75.314201	75.335518	75.296211	75.248009	75.244308	75.302231	75.198624	75.23925	75.258652	75.185806	75.154137	75.150528	75.231018	75.13488	75.162888	75.16246	75.119141	75.16378	75.113632	75.109291	75.08815	75.070366	75.13192	75.132286	75.060844	75.090897	75.056664	75.071472	75.002113	75.041786	75.021103	75.015892	75.069237	74.997375	74.985992	75.056061	74.978745	75.043892	74.992302	74.990356	74.989609	75.006226	74.989906	74.961601	75.008125	75.00386	74.950775	74.927528	74.910263	74.884537	74.907478
869	75.721573	75.626274	75.549118	75.523033	75.451904	75.478371	75.409813	75.395004	75.418556	75.328644	75.33165	75.351913	75.310669	75.26384	75.261154	75.319809	75.21225	75.259811	75.276726	75.199974	75.173317	75.165764	75.250038	75.152443	75.181023	75.180046	75.133316	75.180855	75.133133	75.126984	75.104309	75.089172	75.149879	75.151772	75.076462	75.108086	75.073395	75.089638	75.016769	75.059906	75.034241	75.031639	75.08564	75.010872	75.001259	75.073006	74.993462	75.062042	75.009827	75.007095	75.006989	75.022575	75.004585	74.976578	75.025917	75.022224	74.960922	74.941307	74.9244	74.898926	74.920944
870	75.722488	75.627777	75.548531	75.523865	75.456406	75.481438	75.415871	75.400154	75.422836	75.332001	75.338837	75.354126	75.3144	75.268593	75.266693	75.323105	75.217789	75.26358	75.284592	75.203438	75.179222	75.170883	75.254883	75.157158	75.186478	75.185303	75.136284	75.186577	75.137291	75.13195	75.107796	75.094933	75.155457	75.157631	75.080315	75.114365	75.079971	75.095573	75.023178	75.064346	75.037842	75.0354	75.092133	75.01609	75.005371	75.080711	74.996277	75.066879	75.017197	75.013557	75.011078	75.027054	75.010567	74.979683	75.03344	75.026047	74.967659	74.946503	74.931175	74.906052	74.927727
871	75.720886	75.626465	75.544075	75.520805	75.458549	75.482193	75.420624	75.402756	75.424675	75.333649	75.344055	75.353432	75.315994	75.271133	75.269989	75.323486	75.221779	75.263931	75.290512	75.204735	75.182495	75.174011	75.256882	75.159302	75.189415	75.188103	75.136978	75.190063	75.138329	75.134354	75.108711	75.098106	75.158569	75.160774	75.081802	75.118507	75.084595	75.099091	75.028015	75.066025	75.039558	75.036743	75.096718	75.019699	75.00724	75.086678	74.996674	75.069061	75.022614	75.018021	75.012489	75.029167	75.01487	74.98037	75.039001	75.026909	74.973869	74.950012	74.936584	74.911842	74.933311
872	75.719215	75.625107	75.539467	75.517654	75.460754	75.482956	75.425514	75.405441	75.426575	75.335342	75.349442	75.352707	75.317627	75.273766	75.273392	75.323875	75.225876	75.264282	75.296631	75.206062	75.18586	75.177238	75.258934	75.161507	75.192436	75.190994	75.137688	75.193665	75.139404	75.136848	75.10965	75.101372	75.161781	75.164017	75.083328	75.12278	75.08934	75.102715	75.033005	75.067757	75.041321	75.038116	75.10144	75.023422	75.009171	75.092827	74.99707	75.071297	75.028191	75.022621	75.013931	75.031319	75.019302	74.981079	75.044724	75.027794	74.980255	74.953644	74.942154	74.917816	74.939056
873	75.713829	75.61985	75.533272	75.510727	75.456871	75.479546	75.422386	75.402748	75.423676	75.333588	75.347717	75.349579	75.315346	75.271591	75.271217	75.321785	75.222054	75.260391	75.296379	75.202858	75.183334	75.173775	75.25737	75.159584	75.190788	75.18766	75.133804	75.191628	75.136391	75.134125	75.107201	75.099541	75.159416	75.161453	75.081512	75.121178	75.086708	75.100998	75.029961	75.064369	75.040947	75.036598	75.101349	75.022408	75.007263	75.092987	74.995247	75.067802	75.027809	75.022095	75.012627	75.031052	75.018913	74.978836	75.044609	75.026009	74.98037	74.9524	74.942177	74.916107	74.937721
874	75.705048	75.611038	75.525589	75.500359	75.447441	75.472336	75.411957	75.395187	75.416428	75.328712	75.339539	75.344238	75.309471	75.265053	75.263977	75.317436	75.211021	75.252632	75.290352	75.195511	75.175453	75.164238	75.252495	75.153915	75.184891	75.17868	75.125763	75.184464	75.129662	75.126656	75.101669	75.093071	75.152	75.153587	75.076637	75.114212	75.077347	75.094437	75.019615	75.056305	75.03862	75.03244	75.096901	75.017097	75.001839	75.087708	74.991394	75.05909	75.022003	75.016899	75.008804	75.028572	75.014137	74.973907	75.039169	75.021812	74.974762	74.946724	74.937164	74.90741	74.929939
875	75.695992	75.601944	75.51767	75.489662	75.437706	75.46489	75.401192	75.387367	75.408951	75.323677	75.3311	75.33873	75.303429	75.258324	75.256508	75.312935	75.199631	75.244629	75.284126	75.187927	75.167313	75.154373	75.247459	75.148064	75.178818	75.169403	75.117447	75.177063	75.122719	75.11895	75.095963	75.086388	75.144325	75.145477	75.071602	75.107033	75.06768	75.087654	75.008934	75.047989	75.036209	75.028152	75.0923	75.011627	74.996231	75.082253	74.987427	75.050095	75.015999	75.011536	75.004868	75.026009	75.009216	74.968842	75.033554	75.017479	74.968979	74.940865	74.931999	74.898437	74.921913
876	75.689896	75.594551	75.51181	75.48188	75.429871	75.459747	75.39399	75.381485	75.40345	75.320122	75.324677	75.334396	75.299309	75.253189	75.250771	75.310555	75.191437	75.239777	75.279823	75.182304	75.160789	75.147484	75.242996	75.143173	75.173874	75.162498	75.11132	75.171951	75.117645	75.113258	75.091316	75.081192	75.139191	75.139984	75.067078	75.101883	75.060745	75.082436	75.000664	75.04261	75.033936	75.024094	75.089745	75.007668	74.992332	75.078377	74.984535	75.044212	75.010864	75.007172	75.002113	75.024246	75.005211	74.965736	75.029114	75.01432	74.965279	74.936028	74.92807	74.892174	74.91571
877	75.694069	75.593338	75.513206	75.484329	75.428894	75.462631	75.399117	75.382393	75.404915	75.321754	75.325378	75.334274	75.301865	75.253746	75.251167	75.315353	75.194427	75.245781	75.282227	75.183578	75.160034	75.150963	75.240707	75.141815	75.173065	75.163979	75.112938	75.174782	75.119095	75.114655	75.090561	75.081276	75.142784	75.143593	75.064507	75.103851	75.063362	75.082794	75.000946	75.047417	75.032249	75.021034	75.094124	75.009033	74.994339	75.080017	74.985458	75.049034	75.008972	75.006447	75.003525	75.025238	75.004585	74.969452	75.028816	75.015289	74.968742	74.934906	74.928551	74.895332	74.916023
878	75.698357	75.592064	75.514648	75.486847	75.427864	75.465576	75.404388	75.383316	75.406418	75.323425	75.326118	75.334129	75.304497	75.254318	75.251579	75.320297	75.19751	75.251953	75.284698	75.184875	75.159248	75.154533	75.238358	75.140396	75.172218	75.165489	75.114594	75.177704	75.12059	75.116089	75.089783	75.081352	75.146477	75.147301	75.061852	75.105865	75.066032	75.083138	75.001236	75.052353	75.030495	75.017883	75.098602	75.010429	74.996391	75.081688	74.986389	75.053993	75.007011	75.005699	75.004974	75.026245	75.003937	74.973267	75.028519	75.016281	74.972305	74.933746	74.929039	74.898582	74.916336
879	75.702774	75.590767	75.516136	75.489441	75.426826	75.468613	75.409813	75.384277	75.407959	75.32515	75.326874	75.334	75.307205	75.254906	75.251999	75.325378	75.200668	75.258308	75.287239	75.186218	75.158463	75.158195	75.235931	75.138947	75.171356	75.167053	75.116295	75.180702	75.122131	75.117561	75.088974	75.081436	75.150284	75.151131	75.05912	75.107941	75.068802	75.083504	75.001541	75.057434	75.028702	75.014648	75.103226	75.011879	74.99852	75.08342	74.987358	75.059097	75.004997	75.004929	75.006462	75.02729	75.003258	74.977203	75.028206	75.017311	74.975975	74.932564	74.92955	74.901932	74.916664
880	75.712158	75.602951	75.525337	75.501869	75.43811	75.479713	75.420403	75.398262	75.422516	75.336243	75.341316	75.347633	75.325119	75.270935	75.268707	75.338356	75.215904	75.275093	75.30381	75.200066	75.175819	75.172554	75.253838	75.153717	75.188759	75.184662	75.139168	75.195076	75.139633	75.135361	75.108459	75.098091	75.169495	75.170341	75.077621	75.123734	75.088341	75.101044	75.019707	75.075638	75.044693	75.031082	75.11898	75.028069	75.01458	75.099838	75.004181	75.077454	75.024048	75.021873	75.023918	75.042336	75.025505	74.992737	75.047401	75.039467	74.991226	74.95192	74.949455	74.917656	74.93615
881	75.722084	75.616302	75.535271	75.515236	75.450462	75.491592	75.431595	75.413429	75.438293	75.348213	75.356979	75.362488	75.34446	75.288353	75.28688	75.352173	75.2323	75.292953	75.321686	75.21508	75.194763	75.187965	75.273491	75.169899	75.207756	75.203735	75.163963	75.210533	75.1586	75.154655	75.129715	75.116226	75.190178	75.191032	75.097939	75.140793	75.109444	75.120125	75.039467	75.095139	75.062202	75.049194	75.135841	75.045624	75.031944	75.117599	75.02243	75.097099	75.044914	75.040367	75.042831	75.058655	75.049751	75.009399	75.068329	75.063522	75.007614	74.973076	74.971092	74.93457	74.957344
882	75.732307	75.63002	75.545486	75.528984	75.463165	75.50383	75.443123	75.429031	75.454506	75.360527	75.373108	75.377762	75.364357	75.306274	75.305565	75.366386	75.249168	75.311333	75.340073	75.230515	75.214264	75.203804	75.293694	75.186531	75.227303	75.223358	75.189461	75.226425	75.178108	75.1745	75.151566	75.134872	75.211441	75.212311	75.118828	75.15834	75.131157	75.13974	75.059799	75.115204	75.080215	75.06781	75.153183	75.063667	75.049789	75.135872	75.041199	75.117317	75.06636	75.059395	75.062279	75.075439	75.074699	75.026543	75.089851	75.088264	75.024467	74.994835	74.993347	74.951973	74.979141
883	75.750832	75.65155	75.566772	75.550018	75.485168	75.524628	75.461334	75.451019	75.478317	75.380325	75.390312	75.401718	75.383453	75.328323	75.326408	75.386742	75.270363	75.332649	75.360847	75.252159	75.235405	75.224167	75.316216	75.20816	75.246422	75.246193	75.211113	75.248123	75.200005	75.195801	75.171318	75.15583	75.235374	75.23539	75.138901	75.181091	75.151291	75.163345	75.081345	75.137634	75.101105	75.093048	75.174789	75.085281	75.071663	75.159821	75.063065	75.139137	75.088722	75.082626	75.08345	75.100334	75.096474	75.047264	75.113991	75.111649	75.04541	75.015488	75.014511	74.971123	75.000114
884	75.774254	75.677719	75.594536	75.575401	75.512672	75.550484	75.483521	75.476852	75.506676	75.404564	75.408333	75.430832	75.402328	75.352959	75.348724	75.410789	75.294235	75.355843	75.383202	75.277557	75.257751	75.247299	75.340279	75.232841	75.265518	75.271103	75.230827	75.273323	75.223503	75.218163	75.190125	75.178345	75.261093	75.259766	75.15876	75.207047	75.170769	75.189468	75.103828	75.161659	75.123848	75.122307	75.199036	75.109169	75.096039	75.187248	75.086922	75.162102	75.111839	75.108498	75.10582	75.130096	75.116714	75.070236	75.13987	75.134514	75.068901	75.035751	75.035309	74.991486	75.020851
885	75.798286	75.70459	75.623016	75.601448	75.540894	75.577019	75.506294	75.503372	75.535774	75.429428	75.426819	75.460693	75.421692	75.378242	75.371628	75.435471	75.318733	75.379662	75.406151	75.303612	75.28067	75.271034	75.364975	75.258171	75.285133	75.296661	75.251068	75.299194	75.247604	75.241104	75.209412	75.201431	75.287476	75.28476	75.179138	75.233673	75.190765	75.216278	75.126892	75.186317	75.147179	75.152321	75.223907	75.133675	75.121063	75.215401	75.111404	75.185677	75.135559	75.135056	75.128777	75.160622	75.137497	75.093811	75.166428	75.15799	75.09301	75.056541	75.056641	75.012383	75.04213
886	75.818626	75.726463	75.645462	75.623444	75.564072	75.599846	75.526787	75.524597	75.558716	75.450119	75.443855	75.482666	75.438553	75.39946	75.390991	75.457787	75.339508	75.399963	75.427032	75.325294	75.299927	75.290894	75.386551	75.281342	75.303741	75.317986	75.268753	75.321564	75.266762	75.261673	75.228493	75.22213	75.308662	75.30616	75.197823	75.256599	75.210518	75.238792	75.147423	75.20639	75.169205	75.176865	75.245789	75.154045	75.144333	75.238052	75.134026	75.20665	75.157486	75.157722	75.149826	75.186539	75.157394	75.115463	75.188301	75.180061	75.113823	75.075638	75.075798	75.031036	75.062065
887	75.831558	75.738464	75.655983	75.637337	75.577179	75.615105	75.542496	75.53537	75.569504	75.46244	75.457787	75.489227	75.450302	75.412521	75.403236	75.475128	75.352768	75.41317	75.44355	75.338242	75.311829	75.302956	75.401688	75.299881	75.320053	75.330833	75.281235	75.336845	75.276115	75.27729	75.246773	75.237785	75.319565	75.320244	75.212891	75.272003	75.229416	75.252708	75.162659	75.217346	75.188248	75.190536	75.261482	75.166145	75.163742	75.249855	75.152611	75.222252	75.175545	75.172546	75.166794	75.203148	75.175156	75.132965	75.200851	75.198975	75.12793	75.091072	75.090385	75.045044	75.079018
888	75.844826	75.750778	75.666771	75.651588	75.590637	75.630768	75.558624	75.546417	75.580582	75.47509	75.472084	75.495964	75.462357	75.425926	75.415817	75.492928	75.366386	75.426743	75.460503	75.351509	75.324043	75.315338	75.417236	75.318924	75.336792	75.344017	75.294044	75.352524	75.285728	75.29332	75.265533	75.253868	75.330742	75.334709	75.228348	75.287834	75.248795	75.266991	75.178314	75.228592	75.207802	75.204559	75.27758	75.178566	75.183693	75.261955	75.1717	75.238266	75.194069	75.187752	75.184212	75.220184	75.19339	75.150932	75.213737	75.218376	75.14241	75.106911	75.10537	75.059418	75.096405
889	75.858109	75.763405	75.677925	75.665932	75.604156	75.64653	75.574867	75.557922	75.591972	75.487991	75.486633	75.503639	75.474571	75.43969	75.428703	75.51088	75.380249	75.440529	75.477531	75.364876	75.336472	75.328102	75.433235	75.33783	75.353882	75.357475	75.307365	75.368652	75.295998	75.309387	75.284309	75.270294	75.342415	75.349518	75.244301	75.303993	75.268326	75.281754	75.194244	75.240204	75.227448	75.218689	75.294037	75.191551	75.203445	75.27475	75.190796	75.254723	75.21283	75.203201	75.201752	75.237335	75.211937	75.169075	75.227341	75.237839	75.157318	75.123314	75.120697	75.074341	75.114105
890	75.866829	75.776131	75.690384	75.676323	75.613556	75.657982	75.586823	75.572136	75.604004	75.499947	75.499588	75.52298	75.484596	75.453773	75.44162	75.524452	75.392815	75.452721	75.489349	75.374596	75.34742	75.342018	75.45031	75.347618	75.369896	75.370316	75.323479	75.385437	75.312698	75.319969	75.296318	75.285919	75.357399	75.364151	75.261917	75.319328	75.282906	75.298401	75.208557	75.25293	75.241173	75.229088	75.309685	75.208313	75.213051	75.293365	75.203011	75.271896	75.228271	75.216469	75.214546	75.249733	75.228241	75.183197	75.24707	75.250832	75.17334	75.142235	75.135628	75.092018	75.129982
891	75.875771	75.789169	75.703156	75.686981	75.623215	75.669716	75.599083	75.586716	75.616341	75.512207	75.512886	75.542816	75.494873	75.468239	75.454865	75.538391	75.405701	75.465233	75.501465	75.384567	75.35865	75.356293	75.467834	75.357666	75.386322	75.383499	75.340019	75.402679	75.329834	75.330826	75.308632	75.301949	75.372772	75.379166	75.279999	75.335075	75.297859	75.315498	75.223244	75.265999	75.255264	75.239746	75.325737	75.225517	75.2229	75.312462	75.215546	75.28952	75.244118	75.230064	75.227684	75.262459	75.244972	75.197678	75.267319	75.264168	75.189766	75.161659	75.150955	75.110168	75.146263
892	75.884972	75.802597	75.716293	75.697937	75.633148	75.681793	75.611687	75.6017	75.629036	75.524818	75.526558	75.563225	75.50544	75.483101	75.468491	75.552711	75.418945	75.478104	75.513931	75.394829	75.370201	75.370972	75.485847	75.368004	75.403214	75.397041	75.357025	75.420395	75.347458	75.342003	75.321304	75.318436	75.388573	75.394615	75.298592	75.351265	75.313232	75.333069	75.238342	75.279434	75.269753	75.250717	75.342247	75.243202	75.23304	75.3321	75.228432	75.307632	75.260406	75.244064	75.241188	75.275543	75.262177	75.212578	75.288147	75.277885	75.206657	75.181618	75.166718	75.128815	75.16301
893	75.892632	75.810486	75.725784	75.705666	75.637833	75.691261	75.618057	75.611237	75.636444	75.534279	75.536514	75.575966	75.515739	75.489693	75.477707	75.560394	75.428482	75.489479	75.524178	75.404228	75.381767	75.380325	75.496742	75.374199	75.412964	75.408539	75.365486	75.431465	75.357727	75.351875	75.329552	75.325775	75.399681	75.404526	75.309387	75.361237	75.326378	75.34211	75.247337	75.289169	75.27858	75.264519	75.356087	75.252258	75.243637	75.344559	75.23468	75.320183	75.270027	75.255203	75.252663	75.290932	75.275093	75.223007	75.300529	75.290848	75.216438	75.191505	75.176743	75.13842	75.17382
894	75.899979	75.816833	75.73436	75.712563	75.640999	75.700119	75.62265	75.619286	75.642372	75.542953	75.545532	75.586617	75.526169	75.493881	75.485748	75.566185	75.437073	75.500618	75.533951	75.413551	75.39357	75.388245	75.505661	75.379242	75.420723	75.419632	75.37149	75.440712	75.365944	75.361557	75.336601	75.330452	75.409569	75.412926	75.318008	75.369499	75.339111	75.348724	75.254623	75.297974	75.285843	75.279472	75.369385	75.25885	75.254593	75.355064	75.239006	75.331276	75.277786	75.265701	75.263748	75.307335	75.286949	75.232285	75.310585	75.303848	75.22422	75.198479	75.185219	75.145424	75.183022
895	75.907516	75.823349	75.743156	75.719635	75.644234	75.709221	75.62735	75.627548	75.648453	75.551857	75.554779	75.597557	75.536873	75.498169	75.493996	75.572128	75.445892	75.512054	75.543983	75.423141	75.405685	75.39637	75.514824	75.384422	75.42868	75.431023	75.377663	75.450203	75.374374	75.371506	75.343826	75.335243	75.419716	75.421562	75.326866	75.377991	75.35218	75.355507	75.262108	75.307014	75.293304	75.294838	75.383041	75.26561	75.265839	75.365852	75.243454	75.342674	75.285759	75.276474	75.275124	75.324188	75.299126	75.241814	75.320892	75.317207	75.232224	75.205635	75.193909	75.152611	75.192474
896	75.914291	75.830406	75.750351	75.727066	75.651428	75.717041	75.634743	75.635994	75.655716	75.557915	75.562592	75.605843	75.547623	75.503952	75.499863	75.582039	75.453033	75.520737	75.554962	75.43438	75.415092	75.403961	75.523537	75.391747	75.436859	75.441505	75.384781	75.458435	75.38192	75.378525	75.352058	75.343437	75.431168	75.431213	75.333626	75.385963	75.358353	75.3638	75.268166	75.317352	75.302628	75.30394	75.392052	75.272003	75.273613	75.374977	75.25045	75.352875	75.295921	75.285767	75.28418	75.336266	75.307693	75.248665	75.330696	75.326302	75.239197	75.212448	75.202469	75.158478	75.200722
897	75.920197	75.838036	75.75573	75.734863	75.66301	75.723404	75.645119	75.644615	75.664291	75.560768	75.568733	75.611137	75.558403	75.511368	75.503029	75.596359	75.458298	75.526291	75.566963	75.447433	75.421432	75.410957	75.531708	75.401466	75.445282	75.450958	75.392952	75.465218	75.388435	75.382248	75.361389	75.355377	75.444016	75.441971	75.338013	75.393349	75.356796	75.373772	75.272606	75.329094	75.313995	75.305969	75.395805	75.277946	75.277496	75.382202	75.260284	75.361732	75.308487	75.293365	75.290627	75.342957	75.31221	75.25251	75.339882	75.330582	75.245003	75.218857	75.210823	75.162842	75.207611
898	75.926262	75.845879	75.761261	75.742882	75.674911	75.729958	75.655792	75.653481	75.673111	75.56369	75.57505	75.616577	75.569473	75.51899	75.506279	75.611076	75.463692	75.532005	75.579308	75.460854	75.42794	75.418137	75.540115	75.411453	75.453934	75.460663	75.401344	75.472191	75.395134	75.386086	75.370979	75.367661	75.45723	75.453026	75.342529	75.40094	75.355202	75.384033	75.277176	75.341164	75.325699	75.308067	75.399658	75.284058	75.281471	75.389633	75.270409	75.370834	75.321411	75.301155	75.297249	75.349823	75.316841	75.256454	75.349327	75.334999	75.250977	75.225433	75.219414	75.167313	75.214691
899	75.931587	75.853226	75.765976	75.749794	75.685013	75.735924	75.665077	75.660744	75.68116	75.566879	75.580978	75.622162	75.578667	75.526138	75.510674	75.623474	75.468292	75.537956	75.589775	75.471725	75.433952	75.425827	75.548584	75.419861	75.462654	75.469612	75.408974	75.479668	75.401077	75.390869	75.37986	75.37851	75.469223	75.463966	75.347603	75.407661	75.355431	75.393181	75.282082	75.351387	75.335243	75.311165	75.403938	75.290558	75.285484	75.397865	75.279121	75.37957	75.332512	75.309364	75.303749	75.355721	75.321732	75.261345	75.358353	75.340408	75.257233	75.232033	75.227318	75.172066	75.220535
900	75.933205	75.85775	75.766701	75.751289	75.686417	75.738907	75.667534	75.660446	75.685196	75.570938	75.584724	75.627861	75.57885	75.530617	75.51963	75.624649	75.469063	75.544449	75.591125	75.470528	75.437248	75.435074	75.55658	75.420593	75.470909	75.474442	75.412582	75.488678	75.403229	75.399437	75.384888	75.382179	75.474892	75.473427	75.354691	75.410065	75.36364	75.396729	75.288048	75.352631	75.334572	75.318398	75.40966	75.298157	75.289307	75.40889	75.281013	75.385948	75.334671	75.318596	75.309196	75.356873	75.327263	75.269875	75.364754	75.349747	75.264183	75.238113	75.231476	75.177612	75.220558
901	75.93486	75.862389	75.767426	75.752823	75.687836	75.741966	75.670044	75.660118	75.689339	75.575096	75.588577	75.63372	75.579033	75.535202	75.528847	75.625847	75.469841	75.551132	75.592506	75.469276	75.440628	75.444565	75.564804	75.421333	75.479401	75.479401	75.416275	75.497948	75.405418	75.408241	75.390068	75.385941	75.480705	75.483147	75.361977	75.412537	75.372086	75.400368	75.294182	75.353912	75.33387	75.325829	75.415543	75.305977	75.293236	75.420227	75.282936	75.392494	75.336876	75.328079	75.314781	75.35804	75.332947	75.278633	75.371338	75.359352	75.271332	75.244362	75.235733	75.183311	75.220558
902	75.936577	75.86718	75.768196	75.75441	75.689323	75.745125	75.672646	75.65979	75.693619	75.579399	75.59256	75.639763	75.579224	75.539948	75.538353	75.62709	75.470657	75.558022	75.593948	75.467995	75.444122	75.454369	75.57328	75.422112	75.488159	75.484512	75.420097	75.507507	75.4077	75.417313	75.395401	75.389824	75.486717	75.493179	75.369492	75.415085	75.380798	75.404121	75.300507	75.35524	75.33316	75.333496	75.421608	75.314041	75.297295	75.431915	75.284927	75.399261	75.339157	75.337868	75.320549	75.359253	75.338814	75.287682	75.378128	75.36927	75.278702	75.250809	75.24015	75.189186	75.220581
903	75.946465	75.880417	75.78257	75.768517	75.697433	75.758949	75.680328	75.667809	75.706047	75.594589	75.604713	75.653877	75.589874	75.55098	75.548546	75.638161	75.482124	75.567909	75.610977	75.476997	75.454857	75.462502	75.586731	75.436592	75.498253	75.49707	75.433731	75.519051	75.419891	75.42823	75.403259	75.396034	75.497787	75.503456	75.378326	75.429642	75.392776	75.414185	75.310051	75.369347	75.341667	75.338676	75.436432	75.323143	75.310722	75.438179	75.294006	75.411621	75.349792	75.34745	75.331902	75.371323	75.3517	75.297478	75.386696	75.378014	75.28997	75.263367	75.253159	75.201324	75.233696
904	75.957527	75.894943	75.798828	75.784386	75.706497	75.774307	75.688774	75.676964	75.719711	75.611389	75.618095	75.66925	75.601944	75.563011	75.559113	75.650627	75.495079	75.578407	75.630173	75.487366	75.466675	75.470688	75.601082	75.452957	75.508766	75.510788	75.448814	75.531128	75.433502	75.439644	75.411621	75.402679	75.50972	75.514046	75.387566	75.445908	75.405449	75.425201	75.320206	75.385239	75.35141	75.343727	75.452621	75.332603	75.325546	75.444016	75.3041	75.424934	75.361618	75.357285	75.344177	75.384918	75.365715	75.307625	75.395699	75.386879	75.301964	75.276924	75.267456	75.214478	75.248596
905	75.968918	75.909904	75.81559	75.800735	75.715836	75.790131	75.697479	75.686394	75.733795	75.6287	75.631874	75.685089	75.614395	75.575401	75.569984	75.66346	75.508415	75.589218	75.649956	75.498047	75.478859	75.479111	75.615883	75.469833	75.519592	75.524918	75.464348	75.543571	75.447533	75.451416	75.420227	75.409515	75.522026	75.524971	75.397072	75.462669	75.418495	75.436569	75.330673	75.401604	75.361458	75.34893	75.469299	75.342354	75.340813	75.450043	75.314507	75.438652	75.373817	75.367424	75.356842	75.398926	75.38015	75.318077	75.404968	75.396019	75.314331	75.290894	75.282204	75.228043	75.263962
906	75.975975	75.915985	75.824203	75.810883	75.723907	75.799637	75.707855	75.697639	75.743446	75.635536	75.638725	75.690742	75.623177	75.580826	75.576591	75.675148	75.516876	75.596092	75.660583	75.5065	75.485672	75.487083	75.626404	75.479088	75.527519	75.531097	75.473022	75.554535	75.459	75.461449	75.426903	75.418472	75.530556	75.531601	75.403542	75.472267	75.427818	75.44825	75.337807	75.4123	75.369957	75.358162	75.481445	75.34977	75.349808	75.457932	75.324409	75.445572	75.381348	75.373276	75.367584	75.408768	75.388733	75.327812	75.415977	75.406319	75.323074	75.299019	75.28997	75.233116	75.274879
907	75.980339	75.916412	75.827698	75.817154	75.731247	75.805168	75.719452	75.710205	75.750351	75.635696	75.641182	75.689896	75.629692	75.58181	75.580505	75.686226	75.522301	75.600502	75.665443	75.513634	75.489098	75.494843	75.634277	75.483528	75.533669	75.532242	75.477379	75.564667	75.468941	75.470497	75.432411	75.428909	75.536743	75.535568	75.408119	75.477371	75.434837	75.460266	75.34285	75.419441	75.377571	75.370079	75.490799	75.355759	75.354858	75.46711	75.334122	75.448189	75.385956	75.37645	75.377213	75.416061	75.393646	75.337204	75.428246	75.417503	75.329582	75.303467	75.293335	75.232788	75.283066
908	75.984833	75.916847	75.831284	75.823631	75.738831	75.810883	75.731415	75.723145	75.757477	75.635864	75.643715	75.689011	75.636421	75.582825	75.584549	75.697655	75.527885	75.605049	75.670448	75.520996	75.492638	75.502853	75.64241	75.488129	75.540009	75.533432	75.481873	75.575111	75.479195	75.479828	75.438095	75.439682	75.543137	75.539658	75.412842	75.48262	75.442085	75.472679	75.348068	75.426826	75.385429	75.382385	75.500458	75.361931	75.360069	75.476578	75.344147	75.450882	75.390709	75.379723	75.387161	75.423576	75.398712	75.346901	75.44091	75.429039	75.336296	75.308052	75.296806	75.232437	75.291512
909	75.993767	75.923454	75.83902	75.834206	75.749985	75.820679	75.744438	75.735649	75.769699	75.640968	75.652695	75.695175	75.647987	75.590309	75.593925	75.711357	75.537834	75.615402	75.679604	75.530174	75.500015	75.51342	75.653999	75.496399	75.549629	75.542114	75.490372	75.588074	75.492676	75.491508	75.44873	75.451996	75.55423	75.550369	75.422607	75.493065	75.452126	75.487015	75.357178	75.437462	75.396233	75.395912	75.513443	75.372108	75.370338	75.489952	75.357635	75.460815	75.400452	75.388954	75.400452	75.435448	75.410576	75.360046	75.455894	75.442482	75.347153	75.315491	75.306129	75.240013	75.304611
910	76.011642	75.942764	75.855179	75.853035	75.768227	75.838699	75.759247	75.746788	75.792191	75.656265	75.674858	75.715874	75.669289	75.611061	75.614159	75.72937	75.556557	75.637558	75.697098	75.542877	75.515182	75.529007	75.672455	75.512093	75.565804	75.566223	75.50695	75.60585	75.512436	75.507721	75.469345	75.467163	75.574791	75.574615	75.442604	75.514008	75.467697	75.504913	75.374146	75.454559	75.412849	75.411537	75.532951	75.390297	75.390862	75.511047	75.377945	75.485558	75.42028	75.41037	75.42028	75.456039	75.436279	75.380013	75.47525	75.459465	75.36631	75.328629	75.32737	75.263931	75.327011
911	76.030128	75.9627	75.871872	75.87249	75.787079	75.857315	75.774559	75.758286	75.81543	75.672058	75.697754	75.737251	75.691299	75.632507	75.635056	75.747978	75.575897	75.660439	75.715164	75.556007	75.530846	75.54509	75.691521	75.528305	75.582497	75.591125	75.524078	75.624207	75.532852	75.524452	75.490639	75.482834	75.596031	75.599655	75.463264	75.535652	75.483772	75.523399	75.39167	75.472214	75.430023	75.427696	75.553101	75.409096	75.412064	75.532837	75.398941	75.511131	75.440765	75.432495	75.440765	75.477325	75.462822	75.400635	75.495255	75.476997	75.386116	75.342216	75.349327	75.28862	75.350151
912	76.04908	75.983162	75.889053	75.892365	75.806458	75.876663	75.790794	75.770828	75.839249	75.688965	75.721161	75.759384	75.714119	75.654701	75.656456	75.767288	75.595764	75.683983	75.734177	75.570251	75.547394	75.561996	75.711182	75.54528	75.599907	75.61673	75.541985	75.643127	75.553833	75.542015	75.512787	75.499252	75.618294	75.625458	75.484573	75.558189	75.500801	75.542656	75.410011	75.490776	75.448181	75.444962	75.573807	75.428406	75.434036	75.555527	75.420586	75.537491	75.461922	75.455544	75.462059	75.499573	75.48999	75.42202	75.515892	75.495369	75.406792	75.356796	75.372055	75.313881	75.373978
913	76.065895	76.001572	75.905502	75.908241	75.82444	75.898697	75.815758	75.796494	75.859848	75.717621	75.740227	75.782791	75.739059	75.678047	75.674667	75.788757	75.613808	75.706154	75.760277	75.598198	75.571457	75.584641	75.730705	75.567039	75.620697	75.640694	75.564514	75.661537	75.57325	75.565163	75.538139	75.520454	75.647034	75.650589	75.505753	75.584908	75.526581	75.565407	75.433479	75.515976	75.474953	75.474167	75.592728	75.446182	75.457893	75.582413	75.441948	75.563667	75.483345	75.482849	75.486382	75.527397	75.512703	75.445465	75.536545	75.518997	75.432472	75.38269	75.396332	75.334724	75.396851
914	76.08326	76.020592	75.922508	75.92466	75.843033	75.921455	75.841545	75.823013	75.881119	75.747238	75.759926	75.806984	75.764832	75.702179	75.693481	75.810951	75.632462	75.729073	75.787247	75.627083	75.596321	75.608047	75.750885	75.589523	75.642189	75.665451	75.587799	75.680557	75.593323	75.589081	75.564346	75.542374	75.676727	75.676567	75.527634	75.612518	75.553223	75.588921	75.457726	75.542015	75.502625	75.504341	75.612282	75.464546	75.482544	75.610199	75.464027	75.590714	75.505478	75.51107	75.511505	75.556145	75.536163	75.469711	75.557892	75.543404	75.459007	75.409447	75.421432	75.356277	75.420486
915	76.101212	76.04026	75.940079	75.941628	75.862244	75.944992	75.868217	75.850433	75.903122	75.777855	75.780304	75.832001	75.791481	75.727119	75.712944	75.833908	75.651733	75.752762	75.815132	75.656944	75.622032	75.632256	75.771736	75.612762	75.664406	75.691055	75.611862	75.700218	75.614075	75.613815	75.591438	75.565033	75.707436	75.70343	75.550255	75.641075	75.580772	75.61322	75.482788	75.568947	75.531235	75.535545	75.6325	75.483528	75.508034	75.638924	75.486847	75.618675	75.528366	75.540253	75.537491	75.585876	75.560425	75.494766	75.579956	75.568649	75.48645	75.437111	75.44738	75.378555	75.444923
916	76.116005	76.05687	75.95562	75.956383	75.876228	75.962196	75.884071	75.867744	75.919434	75.794716	75.79805	75.84684	75.807541	75.741974	75.726791	75.855751	75.669289	75.771797	75.835602	75.675133	75.642776	75.651588	75.792152	75.633461	75.686325	75.711121	75.632256	75.721962	75.633179	75.634224	75.610458	75.587326	75.726936	75.727112	75.570366	75.6614	75.600609	75.636337	75.505981	75.591484	75.55072	75.556374	75.657364	75.509598	75.525154	75.657761	75.504562	75.63726	75.545609	75.559982	75.55658	75.609802	75.582718	75.513283	75.603462	75.593933	75.507599	75.460365	75.464859	75.397797	75.461838
917	76.130112	76.072884	75.970856	75.970749	75.88884	75.977776	75.896812	75.882217	75.934311	75.807549	75.815346	75.858757	75.82058	75.753944	75.739182	75.877747	75.686684	75.789772	75.854179	75.68998	75.662384	75.6698	75.812889	75.653809	75.708649	75.729874	75.651917	75.744858	75.652191	75.653702	75.627342	75.610008	75.743301	75.750313	75.590118	75.679558	75.618431	75.659607	75.529114	75.613136	75.567726	75.574356	75.68428	75.538513	75.539978	75.673882	75.521034	75.653252	75.561432	75.577141	75.573906	75.632416	75.604889	75.530121	75.627953	75.61982	75.527214	75.48275	75.480019	75.416496	75.476738
918	76.144691	76.089424	75.986603	75.985596	75.901871	75.993851	75.909981	75.897148	75.949669	75.820801	75.833221	75.871063	75.834053	75.766304	75.751968	75.900475	75.704666	75.808334	75.873375	75.705315	75.682655	75.688622	75.834312	75.674828	75.731689	75.749237	75.672234	75.768509	75.671837	75.67382	75.644783	75.633446	75.760201	75.774284	75.610535	75.698311	75.636848	75.683632	75.552994	75.635498	75.585297	75.592934	75.71209	75.568398	75.55529	75.690514	75.538048	75.669769	75.577774	75.594864	75.591805	75.655769	75.627792	75.547501	75.653252	75.646561	75.547478	75.505859	75.495682	75.435814	75.492119
919	76.147583	76.095581	75.992187	75.992569	75.90535	76.001778	75.915573	75.904137	75.957077	75.824852	75.842476	75.876564	75.841866	75.770775	75.757668	75.910858	75.711746	75.815666	75.881546	75.713425	75.690338	75.695908	75.846138	75.684731	75.742798	75.75576	75.682411	75.781998	75.682755	75.682358	75.652763	75.646408	75.768021	75.784996	75.620819	75.706413	75.647484	75.694885	75.564667	75.644699	75.591873	75.600334	75.726685	75.580292	75.562866	75.701752	75.549385	75.680229	75.586189	75.604149	75.601265	75.665443	75.639313	75.556129	75.665054	75.659279	75.557846	75.517204	75.500984	75.445801	75.500008
920	76.137421	76.090134	75.986404	75.990738	75.898109	76.000557	75.912697	75.902229	75.955589	75.818596	75.842094	75.87442	75.84333	75.766418	75.755402	75.907433	75.706635	75.810432	75.877403	75.713455	75.683945	75.690308	75.847206	75.68219	75.740524	75.747894	75.681221	75.784096	75.683899	75.677917	75.650146	75.647644	75.765709	75.780884	75.619766	75.702621	75.649429	75.691818	75.562683	75.639175	75.586166	75.595238	75.726463	75.572075	75.561783	75.706909	75.554344	75.683884	75.585716	75.603981	75.601288	75.65979	75.638107	75.554939	75.66172	75.656319	75.557144	75.515358	75.494698	75.44532	75.499496
921	76.126923	76.084488	75.980431	75.988838	75.890648	75.999306	75.909714	75.900261	75.954041	75.812149	75.841698	75.872215	75.844833	75.761917	75.753075	75.9039	75.701355	75.805023	75.873123	75.713486	75.677338	75.684525	75.848312	75.679565	75.738182	75.739777	75.679985	75.786255	75.685081	75.673332	75.647469	75.648911	75.763313	75.776619	75.618683	75.698685	75.651451	75.688644	75.560638	75.633469	75.580269	75.589958	75.726234	75.563583	75.560661	75.712265	75.559464	75.687653	75.585243	75.603821	75.601311	75.653961	75.636864	75.553696	75.658272	75.653252	75.556412	75.513451	75.48819	75.444824	75.498978
922	76.120247	76.08252	75.977722	75.990204	75.886459	76.000443	75.90963	75.899246	75.95446	75.808678	75.843208	75.873802	75.84726	75.760017	75.753578	75.902832	75.698273	75.802132	75.872238	75.714462	75.673767	75.682487	75.851974	75.678345	75.738419	75.73542	75.680168	75.790031	75.686958	75.671158	75.64682	75.652122	75.764137	75.774979	75.619019	75.696907	75.654778	75.686958	75.559196	75.630585	75.577293	75.587967	75.72744	75.558449	75.56218	75.720261	75.566521	75.693298	75.587029	75.605133	75.603172	75.652573	75.637558	75.554863	75.658226	75.653641	75.557907	75.513962	75.485771	75.445595	75.49868
923	76.129982	76.095757	75.988693	76.004822	75.896133	76.011322	75.921402	75.902306	75.962845	75.817757	75.852402	75.890831	75.853081	75.769005	75.765625	75.912056	75.704506	75.809891	75.885323	75.719269	75.683014	75.696014	75.865692	75.683022	75.749237	75.746925	75.686096	75.800018	75.691544	75.679138	75.654617	75.662949	75.778091	75.784225	75.62513	75.704094	75.663216	75.691544	75.560387	75.639572	75.586601	75.599655	75.734421	75.56768	75.574409	75.738342	75.580772	75.706047	75.597969	75.612488	75.612434	75.669495	75.646187	75.565742	75.672081	75.668159	75.568352	75.524399	75.500366	75.451447	75.499329
924	76.140053	76.109459	76.000053	76.019928	75.906136	76.022568	75.933578	75.905464	75.971512	75.827148	75.8619	75.908447	75.859116	75.778313	75.778091	75.921593	75.71096	75.817909	75.898865	75.724236	75.692566	75.710007	75.87989	75.687859	75.760429	75.758812	75.69223	75.810349	75.696274	75.687386	75.662682	75.674133	75.792511	75.793785	75.631447	75.711525	75.671921	75.696274	75.561607	75.648872	75.59623	75.61174	75.741631	75.577225	75.587059	75.757042	75.595512	75.719223	75.609283	75.620071	75.622009	75.687012	75.655106	75.576988	75.686409	75.683167	75.579147	75.535194	75.515465	75.457504	75.5
925	76.150475	76.123642	76.01181	76.035576	75.916496	76.034225	75.946198	75.908745	75.980492	75.836891	75.871727	75.926674	75.865356	75.787941	75.791008	75.931465	75.717636	75.826218	75.912903	75.729378	75.702454	75.724503	75.894585	75.692871	75.772026	75.771141	75.698578	75.821045	75.70118	75.695923	75.671043	75.68573	75.807449	75.803688	75.637993	75.719223	75.680954	75.70118	75.562881	75.658508	75.606201	75.62426	75.749107	75.58712	75.600143	75.776413	75.610771	75.732872	75.621002	75.62793	75.631927	75.705147	75.664345	75.588646	75.701248	75.6987	75.59034	75.546364	75.53109	75.463776	75.500694
926	76.148155	76.120193	76.009384	76.030754	75.918533	76.031685	75.940102	75.912476	75.979927	75.828239	75.863686	75.920929	75.864311	75.782982	75.787544	75.934425	75.711258	75.830368	75.911102	75.7257	75.701782	75.72052	75.894455	75.692139	75.77076	75.76825	75.695656	75.821968	75.700333	75.695267	75.670677	75.678001	75.807762	75.811394	75.633347	75.722466	75.678185	75.703667	75.553711	75.656113	75.599144	75.618896	75.750938	75.585449	75.591331	75.771774	75.598488	75.733246	75.619331	75.626556	75.629341	75.702545	75.665833	75.583801	75.70475	75.694832	75.588593	75.536003	75.525345	75.457588	75.50518
927	76.14463	76.11512	76.005646	76.024017	75.919914	76.02784	75.93219	75.916374	75.978539	75.817726	75.853821	75.912918	75.862587	75.776604	75.782562	75.936905	75.703545	75.834312	75.907913	75.721123	75.70018	75.714806	75.893021	75.690865	75.768341	75.763962	75.691841	75.822083	75.698959	75.693802	75.669548	75.66835	75.806824	75.819176	75.627594	75.725449	75.674294	75.706032	75.54332	75.652611	75.590378	75.611809	75.752342	75.582726	75.580322	75.764915	75.583427	75.732483	75.616447	75.624344	75.625618	75.698074	75.66671	75.577385	75.707397	75.689171	75.585655	75.523445	75.51757	75.450119	75.510132
928	76.140991	76.109833	76.001762	76.016991	75.921349	76.023849	75.923965	75.920418	75.977066	75.806793	75.843582	75.90461	75.860802	75.769974	75.777374	75.939461	75.695526	75.838387	75.904572	75.716377	75.698509	75.708862	75.891541	75.68956	75.765831	75.759483	75.687881	75.822197	75.69754	75.692291	75.668358	75.658333	75.80584	75.82724	75.621597	75.728531	75.670265	75.708481	75.532516	75.648972	75.581291	75.604454	75.753807	75.579895	75.568901	75.757805	75.56778	75.731705	75.613464	75.622032	75.621719	75.69342	75.667595	75.570709	75.710136	75.683281	75.582626	75.510406	75.509491	75.44236	75.515274
929	76.151482	76.114174	76.008087	76.018692	75.926743	76.030975	75.931496	75.928848	75.988182	75.811134	75.847992	75.911644	75.868019	75.779068	75.780777	75.950798	75.700951	75.84304	75.913788	75.716064	75.701538	75.709084	75.897202	75.693665	75.771973	75.764999	75.691681	75.829391	75.69783	75.695648	75.673264	75.659851	75.815056	75.834976	75.626549	75.735153	75.675926	75.716522	75.533386	75.653053	75.585052	75.608673	75.763008	75.581894	75.572166	75.761963	75.570198	75.738708	75.617104	75.625687	75.625153	75.697586	75.672379	75.575043	75.717422	75.69162	75.583336	75.514015	75.510147	75.440598	75.51947
930	76.170448	76.124207	76.020485	76.025467	75.934532	76.044731	75.948318	75.940048	76.006821	75.824432	75.861	75.92775	75.880646	75.797531	75.789207	75.967506	75.71431	75.848129	75.930496	75.718323	75.707375	75.712845	75.90712	75.701004	75.783302	75.776443	75.700089	75.840881	75.699112	75.70192	75.681808	75.668098	75.830399	75.842667	75.63797	75.74398	75.687325	75.727997	75.541054	75.661697	75.596375	75.61969	75.776924	75.586731	75.584053	75.772781	75.583145	75.750389	75.624695	75.632904	75.632904	75.706963	75.67952	75.585869	75.727531	75.708397	75.58625	75.527382	75.5159	75.442284	75.523186
931	76.190262	76.134697	76.033463	76.032562	75.94268	76.059105	75.965919	75.951744	76.026344	75.838348	75.874603	75.944595	75.893845	75.816811	75.79805	75.984985	75.728264	75.853455	75.947975	75.720673	75.713486	75.716797	75.917511	75.708664	75.79512	75.788406	75.708885	75.85289	75.70047	75.708458	75.690758	75.676735	75.846443	75.850723	75.649902	75.753189	75.699249	75.739998	75.549057	75.670761	75.608215	75.631203	75.791451	75.591782	75.596466	75.784081	75.59668	75.762611	75.632607	75.64045	75.641022	75.716766	75.686981	75.597176	75.738083	75.725929	75.589302	75.541367	75.521912	75.444046	75.527084
932	76.20163	76.142914	76.042725	76.039566	75.945793	76.070641	75.977463	75.957733	76.04126	75.848763	75.885078	75.958885	75.901756	75.82785	75.802849	76.000305	75.736633	75.858246	75.961952	75.723999	75.718781	75.718636	75.927795	75.712135	75.805244	75.799072	75.715477	75.864456	75.704865	75.715721	75.694992	75.682449	75.860405	75.858696	75.656776	75.761162	75.709862	75.749985	75.556221	75.678429	75.616241	75.639786	75.803436	75.596031	75.605721	75.79493	75.604614	75.771042	75.640015	75.646812	75.648094	75.726051	75.69355	75.605835	75.748085	75.739662	75.593605	75.552185	75.527367	75.444069	75.530334
933	76.197197	76.146767	76.044968	76.046219	75.939606	76.076668	75.97757	75.953079	76.047371	75.852493	75.889511	75.968094	75.899734	75.823471	75.800171	76.011276	75.734505	75.861931	75.969147	75.729042	75.722466	75.716606	75.937637	75.707817	75.811951	75.807121	75.717865	75.874939	75.714783	75.724129	75.690491	75.682724	75.870171	75.866302	75.654228	75.766632	75.717812	75.756058	75.561676	75.683403	75.617058	75.642761	75.810394	75.598679	75.608948	75.804665	75.602104	75.772285	75.646309	75.650887	75.653114	75.734154	75.698341	75.60936	75.756805	75.74604	75.60009	75.556908	75.531708	75.440964	75.532356
934	76.19249	76.15081	76.047318	76.053253	75.933037	76.083031	75.977661	75.948143	76.05381	75.856407	75.894188	75.977821	75.897591	75.81881	75.79731	76.022865	75.732239	75.865814	75.976738	75.734344	75.726357	75.714447	75.948036	75.703224	75.819031	75.815605	75.720375	75.886002	75.72525	75.733009	75.685715	75.682983	75.88047	75.874329	75.651489	75.772408	75.726204	75.762451	75.567413	75.688637	75.617897	75.645889	75.817741	75.601471	75.612335	75.814941	75.599411	75.773575	75.652946	75.65519	75.658401	75.742699	75.703384	75.613068	75.766006	75.752769	75.606949	75.56189	75.536278	75.437653	75.534462
935	76.186775	76.153908	76.048599	76.059067	75.925484	76.088783	75.976631	75.943604	76.059456	75.858795	75.897812	75.986511	75.894585	75.813347	75.793694	76.033607	75.729034	75.869003	75.983711	75.738106	75.728859	75.711563	75.957558	75.698082	75.825043	75.822983	75.721611	75.896385	75.73407	75.740662	75.681183	75.682762	75.88958	75.882278	75.64846	75.777321	75.733093	75.76799	75.571175	75.693222	75.618156	75.647789	75.824661	75.603035	75.614479	75.824478	75.59623	75.774643	75.658592	75.658379	75.662766	75.750725	75.708321	75.616089	75.775162	75.758926	75.612846	75.565384	75.539291	75.433571	75.535751
936	76.17334	76.145325	76.037857	76.049004	75.911346	76.084969	75.96418	75.945541	76.053688	75.843781	75.888367	75.979652	75.884048	75.802109	75.783783	76.029617	75.717651	75.86322	75.980385	75.723389	75.715485	75.702568	75.952705	75.689629	75.81649	75.814697	75.708664	75.894135	75.720879	75.731316	75.681389	75.677422	75.88118	75.885162	75.643631	75.770493	75.720528	75.761513	75.551949	75.68856	75.612007	75.635704	75.823334	75.59079	75.602287	75.821175	75.589363	75.772659	75.650818	75.648293	75.655128	75.748947	75.709419	75.610207	75.778793	75.755768	75.605537	75.551247	75.524292	75.423325	75.52755
937	76.158989	76.136147	76.026382	76.038246	75.896248	76.080879	75.950882	75.947609	76.047523	75.827744	75.878265	75.972328	75.87278	75.790092	75.773186	76.025352	75.70549	75.857033	75.976822	75.707672	75.70121	75.692947	75.947525	75.680595	75.807343	75.80584	75.694832	75.891724	75.706779	75.721313	75.681618	75.671715	75.8722	75.888237	75.638489	75.763191	75.707092	75.754585	75.531418	75.683578	75.605438	75.622795	75.82193	75.577705	75.589256	75.817642	75.582024	75.770546	75.642502	75.637512	75.646957	75.74704	75.710602	75.60392	75.782669	75.752396	75.597725	75.53614	75.50827	75.412361	75.518784
938	76.143631	76.126328	76.014114	76.026741	75.880081	76.076515	75.936638	75.949821	76.040924	75.81057	75.867462	75.964485	75.860725	75.777237	75.761856	76.02079	75.692459	75.850418	75.973022	75.690857	75.685921	75.682663	75.941986	75.670929	75.797569	75.796356	75.680016	75.88916	75.691696	75.710617	75.681854	75.665619	75.862595	75.891533	75.63298	75.755379	75.692719	75.747177	75.509438	75.678246	75.598412	75.608978	75.820419	75.563705	75.57531	75.813873	75.574173	75.76828	75.633606	75.625977	75.638229	75.74501	75.711861	75.597191	75.786819	75.748787	75.589363	75.519966	75.491112	75.400642	75.509407
939	76.132393	76.107918	75.990768	76.00927	75.867409	76.059052	75.91806	75.937141	76.029251	75.787201	75.850998	75.949959	75.846832	75.758003	75.738022	76.009872	75.67395	75.842979	75.967865	75.674858	75.664406	75.661125	75.940155	75.649796	75.78096	75.779167	75.664421	75.87664	75.677231	75.694519	75.663811	75.651009	75.855499	75.882904	75.610443	75.740723	75.675446	75.729385	75.495132	75.664421	75.582748	75.595276	75.811073	75.546379	75.56189	75.8078	75.550827	75.759514	75.622398	75.614357	75.625076	75.732979	75.697502	75.579163	75.774994	75.744324	75.573509	75.506447	75.47963	75.384239	75.494522
940	76.12159	76.086525	75.9636	75.989487	75.85495	76.037529	75.897507	75.920227	76.015785	75.761162	75.832352	75.933098	75.83181	75.736259	75.709961	75.996895	75.653175	75.834976	75.962135	75.658249	75.640305	75.635788	75.939148	75.624832	75.761864	75.759254	75.64785	75.861099	75.662216	75.676315	75.640442	75.633606	75.848663	75.870964	75.582672	75.723671	75.656601	75.708199	75.481949	75.64785	75.564209	75.58091	75.799377	75.52739	75.54792	75.800896	75.522583	75.748741	75.610069	75.602135	75.610207	75.717926	75.678635	75.557495	75.758713	75.739441	75.555038	75.492905	75.468956	75.365875	75.477562
941	76.110039	76.063644	75.93454	75.96833	75.841621	76.014519	75.875511	75.902138	76.001366	75.733315	75.812408	75.91507	75.815742	75.713005	75.67997	75.982994	75.630966	75.826416	75.956001	75.640488	75.614532	75.608696	75.938065	75.598137	75.74144	75.737968	75.630119	75.844482	75.646156	75.656845	75.615448	75.614998	75.841347	75.858185	75.552963	75.705444	75.636452	75.685539	75.467865	75.630119	75.54438	75.565559	75.786865	75.50708	75.532997	75.793495	75.492371	75.737206	75.596886	75.589073	75.594299	75.701836	75.658463	75.534325	75.741295	75.734207	75.535286	75.478416	75.457535	75.346237	75.459442
942	76.109268	76.061607	75.926895	75.964729	75.844475	76.016144	75.870262	75.891891	75.998398	75.733185	75.809921	75.909615	75.820656	75.708672	75.673912	75.985298	75.621399	75.829384	75.963654	75.634537	75.606987	75.602623	75.942642	75.58773	75.736656	75.743034	75.627769	75.844688	75.642845	75.65554	75.609833	75.607185	75.845787	75.858017	75.541809	75.708916	75.63652	75.685287	75.465065	75.624916	75.538101	75.56456	75.789146	75.501808	75.528252	75.798996	75.486732	75.741486	75.600662	75.5895	75.594749	75.702332	75.661453	75.528267	75.737968	75.739296	75.530449	75.476662	75.458954	75.344154	75.448212
943	76.118225	76.078407	75.938637	75.977013	75.861923	76.040009	75.880142	75.888748	76.005775	75.758087	75.823196	75.915565	75.844482	75.721436	75.689491	76.002213	75.623314	75.842743	75.983719	75.639244	75.615929	75.61557	75.952301	75.592079	75.746017	75.771889	75.639297	75.860085	75.651062	75.670654	75.621727	75.609154	75.860794	75.869232	75.547455	75.731964	75.654861	75.705269	75.472466	75.63102	75.544067	75.576553	75.804779	75.510139	75.53273	75.816109	75.503311	75.760017	75.619728	75.602112	75.60997	75.717819	75.685364	75.537674	75.747368	75.753654	75.539093	75.486412	75.471954	75.357941	75.443253
944	76.127655	76.096077	75.950974	75.989929	75.88028	76.065117	75.890533	75.885437	76.013535	75.784286	75.837173	75.921806	75.86956	75.734863	75.705879	76.020004	75.62532	75.856796	76.004822	75.644188	75.625336	75.629189	75.962463	75.596649	75.755867	75.802246	75.651428	75.876282	75.659706	75.686554	75.634247	75.611206	75.876587	75.881035	75.553398	75.756218	75.674141	75.726295	75.48024	75.637451	75.550331	75.589157	75.82122	75.51889	75.537437	75.834122	75.520752	75.77951	75.639793	75.615379	75.625977	75.7341	75.71051	75.547577	75.757256	75.768761	75.548187	75.496666	75.485626	75.372437	75.438034
945	76.139603	76.113327	75.966606	76.004265	75.898262	76.090981	75.904533	75.889343	76.025246	75.805305	75.852341	75.932686	75.890472	75.748093	75.723259	76.036758	75.633415	75.869743	76.026543	75.654732	75.637878	75.645897	75.978271	75.607391	75.769211	75.830315	75.668404	75.894524	75.670731	75.705376	75.651566	75.621666	75.894279	75.89724	75.5644	75.779907	75.694885	75.747887	75.490639	75.649086	75.561455	75.603477	75.842735	75.528435	75.547318	75.852219	75.54084	75.798988	75.65918	75.633781	75.644249	75.752357	75.733978	75.562164	75.773842	75.78688	75.559662	75.509621	75.499825	75.387833	75.443001
946	76.157394	76.127617	75.989883	76.021149	75.913391	76.116325	75.927223	75.913094	76.046867	75.809654	75.869331	75.955406	75.897552	75.759399	75.741623	76.048897	75.657761	75.878235	76.047745	75.679871	75.657898	75.669571	76.008347	75.634384	75.790962	75.849136	75.697289	75.916603	75.68734	75.730476	75.680611	75.654602	75.915482	75.92421	75.588478	75.79966	75.717613	75.768852	75.507355	75.674126	75.585045	75.621185	75.876259	75.539177	75.570671	75.868774	75.566284	75.816414	75.674728	75.664726	75.667015	75.774284	75.750313	75.588402	75.807533	75.811569	75.57663	75.528839	75.514046	75.404152	75.476051
947	76.175797	76.14238	76.013947	76.038589	75.929008	76.142517	75.950676	75.937653	76.069206	75.814148	75.886894	75.978882	75.904861	75.77108	75.760612	76.061455	75.682922	75.887016	76.069656	75.705856	75.678596	75.694046	76.039413	75.662277	75.813469	75.868591	75.727142	75.93943	75.704514	75.756424	75.710632	75.688644	75.937393	75.95208	75.613365	75.820068	75.741112	75.790527	75.52462	75.700012	75.609428	75.639465	75.910912	75.550278	75.59481	75.885872	75.592598	75.834427	75.690796	75.696716	75.690544	75.796944	75.767212	75.615524	75.842377	75.837097	75.594177	75.548706	75.528748	75.421021	75.510208
948	76.194832	76.157692	76.038811	76.056648	75.945076	76.169502	75.974876	75.963058	76.092323	75.818863	75.905052	76.003136	75.912514	75.783249	75.780258	76.074547	75.708893	75.896217	76.092316	75.732689	75.700035	75.719337	76.071533	75.691101	75.836739	75.888718	75.757988	75.963081	75.722351	75.783195	75.741592	75.72374	75.960068	75.98085	75.639069	75.841179	75.765404	75.812935	75.542488	75.726746	75.634552	75.658379	75.946655	75.561859	75.619766	75.903603	75.619766	75.853096	75.707397	75.729736	75.714851	75.820419	75.784752	75.643532	75.878304	75.863464	75.612343	75.569229	75.543991	75.438461	75.545471
949	76.216576	76.180862	76.060226	76.081024	75.946175	76.178101	75.991005	75.99192	76.117996	75.837433	75.923637	76.023247	75.937149	75.811073	75.803917	76.111526	75.725349	75.930336	76.11615	75.75399	75.726952	75.744179	76.101128	75.713783	75.8647	75.909882	75.784157	75.996544	75.755951	75.801376	75.7584	75.737129	75.984756	76.001175	75.65889	75.865044	75.791206	75.834648	75.562637	75.747063	75.643303	75.676117	75.965233	75.592789	75.642601	75.928596	75.642601	75.881683	75.721992	75.754684	75.733658	75.853256	75.81443	75.664322	75.897522	75.886192	75.636467	75.589211	75.569679	75.457481	75.569328
950	76.238785	76.204529	76.082108	76.105919	75.947289	76.186874	76.007484	76.021416	76.144234	75.856392	75.942627	76.043793	75.962326	75.839516	75.828094	76.1493	75.742142	75.965187	76.140503	75.775757	75.754463	75.769547	76.131355	75.736969	75.893257	75.931511	75.810905	76.030739	75.790283	75.819946	75.775566	75.750816	76.009995	76.021942	75.679146	75.889435	75.817558	75.856842	75.583229	75.76783	75.652229	75.694237	75.984207	75.624397	75.665924	75.954147	75.665924	75.910889	75.736908	75.780182	75.752876	75.886795	75.844757	75.68557	75.917145	75.909409	75.661125	75.609627	75.595924	75.476913	75.593719
951	76.26149	76.228745	76.104477	76.131386	75.948441	76.195854	76.02433	76.051575	76.171059	75.875786	75.962036	76.064804	75.988075	75.868584	75.852814	76.187935	75.759331	76.000824	76.165413	75.798019	75.782585	75.795486	76.162262	75.760666	75.922462	75.953613	75.838249	76.065697	75.825386	75.838936	75.793114	75.764809	76.035797	76.043175	75.699867	75.914368	75.844505	75.879532	75.604279	75.789055	75.661369	75.712761	76.003624	75.656715	75.689781	75.980263	75.689781	75.940758	75.752144	75.806244	75.77253	75.921097	75.875771	75.707298	75.937218	75.933151	75.686333	75.630516	75.622765	75.49678	75.618645
952	76.261345	76.229477	76.101433	76.128647	75.949814	76.197502	76.027992	76.044327	76.176643	75.878433	75.953384	76.070557	75.991432	75.866104	75.850098	76.184235	75.761642	76.002396	76.168701	75.804756	75.778229	75.795868	76.163658	75.75811	75.922119	75.954369	75.834747	76.071014	75.825638	75.839828	75.789467	75.764206	76.041603	76.0457	75.702377	75.921555	75.854576	75.884834	75.6017	75.790215	75.6661	75.70919	75.997002	75.65612	75.691673	75.983337	75.680847	75.949814	75.757729	75.804626	75.781891	75.92981	75.876305	75.704536	75.939766	75.932465	75.686829	75.630859	75.623962	75.49736	75.610565
953	76.252754	76.221558	76.088982	76.115486	75.951279	76.19648	76.026833	76.023209	76.174461	75.874939	75.934311	76.070747	75.98658	75.851952	75.837234	76.164879	75.758507	75.991425	76.164047	75.805847	75.761833	75.786819	76.154175	75.745834	75.910881	75.947266	75.819824	76.06546	75.813034	75.834061	75.777969	75.758209	76.040085	76.041351	75.698212	75.922279	75.858513	75.883797	75.59037	75.783981	75.669266	75.697418	75.980713	75.643387	75.685493	75.977921	75.659714	75.951279	75.759827	75.792786	75.78756	75.929184	75.865601	75.692734	75.935875	75.92276	75.678207	75.623634	75.615707	75.490807	75.590225
954	76.244011	76.213486	76.076294	76.102081	75.952774	76.195427	76.02565	76.001694	76.172241	75.871376	75.914856	76.070938	75.981644	75.83754	75.824135	76.145157	75.75531	75.980247	76.159317	75.806953	75.745125	75.777596	76.144501	75.73333	75.899437	75.940025	75.804626	76.059807	75.800186	75.828186	75.766251	75.752106	76.038536	76.036926	75.693962	75.923019	75.862534	75.882721	75.578842	75.777641	75.672485	75.685432	75.964111	75.630409	75.679192	75.972412	75.638191	75.952774	75.761948	75.780716	75.793327	75.928535	75.854698	75.680702	75.931908	75.91288	75.669426	75.61628	75.607315	75.484154	75.569504
955	76.244339	76.217926	76.075294	76.10379	75.961617	76.199226	76.03064	75.999451	76.177139	75.869087	75.912651	76.072319	75.981873	75.838379	75.821724	76.144119	75.75679	75.979843	76.158669	75.808952	75.741539	75.775467	76.146385	75.729218	75.901024	75.940422	75.797791	76.06208	75.799873	75.829933	75.767525	75.755432	76.045692	76.044563	75.698257	75.92514	75.85791	75.885513	75.579094	75.778206	75.675453	75.685036	75.966873	75.631966	75.677498	75.973679	75.635155	75.96254	75.765671	75.777977	75.798477	75.930389	75.855682	75.677963	75.936554	75.914001	75.665886	75.616226	75.60643	75.482941	75.563828
956	76.255241	76.236954	76.087936	76.123138	75.979027	76.208687	76.042831	76.019707	76.190323	75.868286	75.930542	76.075058	75.988144	75.856987	75.831787	76.164856	75.763733	75.991997	76.162781	75.811981	75.75325	75.781609	76.16172	75.734894	75.917809	75.949715	75.800713	76.073601	75.814148	75.840569	75.783936	75.769768	76.062965	76.066254	75.712494	75.928856	75.843178	75.892761	75.593117	75.786842	75.678101	75.698151	75.992226	75.650467	75.681168	75.982819	75.653687	75.981918	75.771217	75.786118	75.802879	75.935143	75.870529	75.686089	75.951241	75.927963	75.668434	75.624695	75.614304	75.488083	75.575714
957	76.26638	76.256363	76.100845	76.142876	75.996796	76.218346	76.055267	76.040375	76.203766	75.867477	75.948807	76.077873	75.994537	75.875999	75.842064	76.18602	75.770813	76.004417	76.166977	75.815079	75.765213	75.787888	76.177368	75.740692	75.934944	75.959206	75.803688	76.085365	75.828728	75.851433	75.800697	75.784386	76.080597	76.088409	75.727028	75.932655	75.828163	75.900185	75.607422	75.795662	75.680832	75.71154	76.018105	75.66935	75.684914	75.992157	75.6726	76.001717	75.776894	75.794426	75.807373	75.940002	75.885689	75.694366	75.966232	75.942215	75.671066	75.633347	75.622353	75.49334	75.587852
958	76.272659	76.270088	76.109108	76.156403	76.007668	76.224449	76.062347	76.055237	76.213646	75.869453	75.962921	76.079384	76.00032	75.890961	75.850349	76.20192	75.774704	76.013596	76.171066	75.815323	75.774498	75.790848	76.188866	75.74601	75.947708	75.966209	75.805748	76.094093	75.839264	75.859818	75.812439	75.793938	76.092766	76.104683	75.736984	75.936089	75.817345	75.905563	75.61866	75.80265	75.681267	75.723602	76.037857	75.682411	75.688538	76.000732	75.686501	76.016068	75.781479	75.800804	75.809761	75.943695	75.896523	75.702011	75.977722	75.952751	75.674973	75.638809	75.630257	75.497559	75.597992
959	76.258881	76.259842	76.098038	76.143822	75.989815	76.215714	76.047157	76.045586	76.208351	75.882622	75.959328	76.075607	76.003288	75.88858	75.850052	76.19548	75.765396	76.009064	76.174454	75.803925	75.772308	75.78019	76.182785	75.7491	75.94191	75.962662	75.803917	76.089981	75.832733	75.85759	75.803047	75.782295	76.082008	76.0961	75.727745	75.93779	75.824318	75.902336	75.616714	75.801811	75.672409	75.729492	76.03157	75.671005	75.69149	76.00573	75.679237	76.0075	75.781418	75.798927	75.803391	75.942436	75.889114	75.706642	75.974312	75.947517	75.683876	75.630989	75.637115	75.497284	75.59938
960	76.244774	76.249352	76.0867	76.130959	75.97155	76.206772	76.031624	76.035706	76.202942	75.896103	75.955666	76.071754	76.006317	75.886162	75.849754	76.188881	75.755867	76.004433	76.177933	75.792267	75.770081	75.769279	76.176552	75.752274	75.935982	75.95903	75.802055	76.085762	75.826035	75.855324	75.793434	75.770386	76.070999	76.087326	75.718292	75.939545	75.831451	75.899033	75.614738	75.800949	75.663338	75.735519	76.025131	75.659348	75.694504	76.010857	75.671799	75.998711	75.781342	75.796997	75.796875	75.941154	75.881538	75.711372	75.970818	75.942162	75.692978	75.622993	75.644135	75.497017	75.600807
961	76.230331	76.238625	76.075096	76.117798	75.95285	76.197624	76.015724	76.025581	76.197403	75.909897	75.951912	76.067795	76.009407	75.883667	75.849449	76.182137	75.746117	75.99968	76.18148	75.780327	75.767784	75.758125	76.170189	75.755508	75.929901	75.955315	75.80014	76.081444	75.819191	75.852989	75.7836	75.758194	76.059738	76.078339	75.708618	75.941338	75.83876	75.895653	75.612709	75.800072	75.65406	75.741699	76.018547	75.647415	75.697586	76.016098	75.664177	75.989731	75.781273	75.795029	75.790207	75.939827	75.873787	75.716217	75.967232	75.936684	75.702301	75.614799	75.651321	75.496727	75.602264
962	76.229736	76.250229	76.077408	76.126915	75.948402	76.208885	76.026016	76.025955	76.211853	75.910027	75.965729	76.08091	76.008476	75.891373	75.845528	76.19635	75.749329	76.009026	76.181992	75.786766	75.777664	75.770302	76.179832	75.759674	75.934425	75.960266	75.804474	76.086273	75.828377	75.852432	75.792679	75.768318	76.077248	76.096199	75.711922	75.960838	75.846085	75.908875	75.609993	75.806946	75.670151	75.7444	76.030441	75.652863	75.703568	76.035164	75.675537	76.000664	75.79393	75.802765	75.806007	75.954659	75.89093	75.723999	75.971832	75.950714	75.707253	75.625572	75.652596	75.505211	75.606087
963	76.23008	76.263641	76.080734	76.137779	75.944832	76.221802	76.038345	76.027061	76.228012	75.909203	75.981071	76.095497	76.007233	75.899925	75.841255	76.212326	75.753525	76.019531	76.182297	75.794609	75.788612	75.78437	76.190796	75.763985	75.939766	75.965919	75.809319	76.091843	75.838852	75.85199	75.803276	75.78022	76.09713	76.11631	75.716202	75.981995	75.853577	75.923531	75.607162	75.814499	75.688354	75.746933	76.043892	75.659645	75.709877	76.055611	75.688461	76.013222	75.807747	75.81134	75.8237	75.970932	75.910172	75.732162	75.977097	75.966415	75.712006	75.637901	75.653488	75.514481	75.610161
964	76.230431	76.27739	76.084137	76.148903	75.941177	76.235031	76.050964	76.028191	76.24456	75.908356	75.99678	76.110435	76.005951	75.908714	75.836876	76.228683	75.757812	76.030312	76.182617	75.80265	75.79982	75.798759	76.202026	75.768402	75.945244	75.971718	75.814293	76.097542	75.849602	75.851532	75.814125	75.792412	76.117493	76.136909	75.720589	76.003662	75.861237	75.938545	75.604279	75.822243	75.707001	75.749519	76.057663	75.66658	75.716347	76.076553	75.701698	76.026085	75.821884	75.820122	75.841827	75.98761	75.929893	75.740524	75.982491	75.982491	75.716873	75.65052	75.654396	75.523987	75.614342
965	76.225594	76.274078	76.081688	76.139969	75.939247	76.224556	76.045403	76.029678	76.235275	75.896393	75.990334	76.108353	75.990959	75.898109	75.830154	76.22142	75.756287	76.032822	76.181427	75.799416	75.790237	75.790611	76.199471	75.761467	75.936798	75.964699	75.805336	76.091919	75.842857	75.841805	75.808228	75.791954	76.109909	76.133629	75.713608	75.98967	75.857269	75.928055	75.6035	75.821648	75.696922	75.740707	76.058456	75.663338	75.705597	76.073624	75.696045	76.026672	75.814941	75.809158	75.83712	75.981033	75.934196	75.730606	75.988708	75.98011	75.707809	75.644234	75.642029	75.516724	75.615646
966	76.218079	76.262184	76.076271	76.120857	75.938164	76.202065	76.030663	76.03138	76.212921	75.878693	75.972694	76.097733	75.968887	75.87767	75.822166	76.202209	75.751816	76.031235	76.179459	75.790489	75.770119	75.771042	76.18998	75.748756	75.921265	75.95118	75.789276	76.080528	75.827263	75.827316	75.793877	75.785164	76.088211	76.118317	75.700844	75.957603	75.847397	75.904655	75.603798	75.816887	75.67231	75.726067	76.05275	75.654938	75.686089	76.058678	75.680847	76.021126	75.79734	75.788155	75.820908	75.962723	75.930832	75.711403	75.995445	75.968437	75.691658	75.628403	75.622826	75.500961	75.615532
967	76.210381	76.249985	76.070717	76.101265	75.93705	76.179001	76.015556	76.033119	76.189987	75.860542	75.954605	76.086823	75.946259	75.856697	75.81398	76.182518	75.747238	76.02961	76.177444	75.781342	75.749489	75.750992	76.180229	75.735703	75.905342	75.937317	75.77282	76.06884	75.811279	75.812439	75.779152	75.778191	76.065964	76.102631	75.687767	75.924721	75.83728	75.880661	75.604088	75.812004	75.647072	75.711052	76.046906	75.646324	75.666084	76.043358	75.665268	76.015434	75.779305	75.766632	75.804276	75.943939	75.927383	75.691727	76.00235	75.956467	75.675079	75.61216	75.603149	75.48481	75.61541
968	76.205086	76.238907	76.066216	76.09034	75.936401	76.171074	76.010155	76.0326	76.176346	75.854614	75.944984	76.080597	75.940651	75.84787	75.81076	76.178513	75.744438	76.026329	76.180565	75.767998	75.739365	75.743553	76.177063	75.72821	75.895828	75.934372	75.764862	76.067917	75.804749	75.806602	75.77626	75.771767	76.05957	76.095703	75.681862	75.912132	75.841209	75.872482	75.600189	75.811462	75.633873	75.702705	76.044914	75.637756	75.660812	76.038681	75.655403	76.014084	75.769012	75.7584	75.791237	75.936905	75.925507	75.683037	76.002655	75.952896	75.664436	75.600677	75.591187	75.474571	75.611794
969	76.2034	76.229591	76.063309	76.092354	75.936417	76.185669	76.019196	76.028671	76.176605	75.866814	75.94799	76.081329	75.960312	75.857124	75.814911	76.197815	75.744278	76.020599	76.191238	75.748543	75.744888	75.754898	76.183662	75.728996	75.895897	75.947609	75.769577	76.082878	75.812271	75.814156	75.790916	75.766197	76.076744	76.101807	75.686646	75.929695	75.865936	75.887802	75.590096	75.81736	75.638611	75.704308	76.048645	75.629295	75.677422	76.049828	75.654091	76.019135	75.770325	75.769936	75.783607	75.947296	75.925957	75.69072	75.993172	75.961777	75.662666	75.596352	75.590775	75.473213	75.602989
970	76.201683	76.220039	76.060333	76.094437	75.936447	76.200638	76.028488	76.024666	76.176872	75.879364	75.951103	76.082108	75.980515	75.866623	75.819183	76.217621	75.744125	76.014725	76.202202	75.7286	75.75058	75.766571	76.190445	75.729797	75.895981	75.96122	75.774422	76.098267	75.820015	75.821922	75.805969	75.76049	76.094391	76.108101	75.691582	75.947731	75.891304	75.903549	75.579742	75.823418	75.643494	75.705971	76.052483	75.620628	75.694504	76.061272	75.652748	76.024345	75.771675	75.781799	75.775795	75.957985	75.926437	75.698616	75.983444	75.970894	75.660858	75.591919	75.590355	75.47184	75.593979
971	76.1996	76.213684	76.059753	76.097694	75.936447	76.214806	76.034943	76.02095	76.178795	75.89061	75.953987	76.083748	75.997536	75.873474	75.823631	76.234955	75.742508	76.010185	76.212616	75.714096	75.755241	75.774841	76.197723	75.73053	75.898636	75.972824	75.778656	76.111511	75.826065	75.829163	75.818176	75.756668	76.111557	76.115677	75.693306	75.963989	75.912857	75.91716	75.571075	75.828712	75.648949	75.709793	76.055939	75.612869	75.709129	76.070831	75.653336	76.02903	75.774124	75.79306	75.771523	75.968109	75.926804	75.705994	75.976372	75.978157	75.661942	75.589684	75.591263	75.46917	75.586227
972	76.195702	76.226753	76.073196	76.107445	75.936302	76.222496	76.024094	76.019516	76.190208	75.892845	75.955254	76.090317	75.993988	75.864098	75.828598	76.23571	75.73262	76.014	76.218468	75.733223	75.753304	75.762375	76.206985	75.730667	75.91597	75.971352	75.778824	76.110649	75.821465	75.832397	75.812263	75.764351	76.123894	76.129868	75.67617	75.967796	75.909393	75.916756	75.573318	75.828949	75.657005	75.725853	76.056747	75.611481	75.707794	76.068237	75.665054	76.03009	75.782631	75.799408	75.788383	75.97377	75.926521	75.709404	75.985733	75.973755	75.679764	75.600571	75.599762	75.45929	75.586876
973	76.191696	76.240173	76.087006	76.117447	75.936134	76.230392	76.012955	76.018028	76.201927	75.895142	75.956558	76.097061	75.990334	75.854477	75.833694	76.236488	75.722458	76.017906	76.224487	75.752831	75.75132	75.74958	76.216492	75.730812	75.933754	75.969833	75.778999	76.109772	75.816742	75.835716	75.806206	75.77224	76.136543	76.144424	75.658585	75.971695	75.905838	75.916328	75.575623	75.829178	75.665283	75.742332	76.057579	75.610031	75.706413	76.065582	75.677078	76.031166	75.791359	75.805923	75.805695	75.979568	75.926231	75.712914	75.995338	75.969238	75.698067	75.61174	75.60849	75.449142	75.587547
974	76.187576	76.253944	76.101181	76.127731	75.935959	76.23848	76.001503	76.016495	76.213951	75.897499	75.957901	76.103981	75.986588	75.844589	75.838905	76.237282	75.712021	76.021912	76.230659	75.772972	75.749275	75.736435	76.22625	75.730957	75.952026	75.968262	75.779182	76.108864	75.81189	75.839111	75.79998	75.780319	76.149544	76.159363	75.640511	75.975693	75.902184	75.915894	75.577988	75.829407	75.673767	75.759254	76.058426	75.608551	75.704994	76.062843	75.68943	76.03228	75.800316	75.812622	75.823471	75.985527	75.925926	75.716507	76.005188	75.964584	75.71685	75.623207	75.617447	75.438721	75.588219
975	76.209686	76.268845	76.120338	76.14901	75.943649	76.257019	76.032715	76.041756	76.223694	75.902763	75.967697	76.120697	76.012352	75.864532	75.858795	76.258331	75.729683	76.037827	76.25724	75.793121	75.758873	75.760788	76.251503	75.747246	75.977554	75.981216	75.79998	76.147049	75.832542	75.856567	75.813087	75.810371	76.171402	76.186028	75.672592	75.996605	75.907394	75.936111	75.590935	75.849739	75.680244	75.783333	76.098404	75.627029	75.719124	76.091339	75.717697	76.048004	75.82515	75.832344	75.839539	76.011238	75.94796	75.733002	76.048851	75.994972	75.728905	75.652222	75.618263	75.456856	75.615036
976	76.235657	76.284256	76.140587	76.172218	75.952522	76.277336	76.070099	76.07103	76.233391	75.908516	75.978813	76.139053	76.042465	75.888741	75.88102	76.282463	75.751343	76.055649	76.287064	75.813782	75.770172	75.790482	76.279327	75.765984	76.004646	75.99633	75.823906	76.191124	75.856934	75.876228	75.828957	75.843948	76.194916	76.214828	75.7118	76.020157	75.913849	75.959442	75.605537	75.873108	75.68663	75.808922	76.144333	75.648483	75.735565	76.124489	75.74868	76.065971	75.8526	75.854187	75.855789	76.04007	75.973358	75.751534	76.097862	76.030548	75.740417	75.684166	75.61805	75.47905	75.645828
977	76.26239	76.300125	76.161453	76.196098	75.961662	76.298241	76.108566	76.101151	76.243385	75.914436	75.990257	76.157967	76.073471	75.913666	75.903908	76.307297	75.773628	76.07399	76.317741	75.835052	75.781807	75.821053	76.307976	75.785271	76.032539	76.011879	75.848526	76.236496	75.882027	75.896469	75.845306	75.878502	76.219131	76.244461	75.752151	76.044418	75.920494	75.983467	75.620575	75.897148	75.693199	75.835266	76.191589	75.670563	75.75248	76.1586	75.780563	76.08445	75.880852	75.876686	75.87252	76.069756	75.999504	75.770607	76.1483	76.067169	75.752266	75.717049	75.617851	75.501892	75.677505
978	76.284019	76.329605	76.18528	76.229263	75.978745	76.332092	76.141838	76.139908	76.275078	75.936493	76.020905	76.195511	76.117249	75.952385	75.934311	76.343956	75.809593	76.105545	76.350494	75.865013	75.804329	75.852737	76.346909	75.816498	76.069786	76.048416	75.883606	76.27359	75.928375	75.928703	75.870201	75.910164	76.25843	76.28109	75.788513	76.080826	75.954865	76.017952	75.646553	75.937447	75.717094	75.865067	76.233101	75.699265	75.789528	76.203957	75.812767	76.125275	75.914299	75.907509	75.904861	76.105965	76.037437	75.802856	76.183151	76.105133	75.785751	75.7453	75.650879	75.528854	75.714439
979	76.302872	76.367706	76.211227	76.268478	76.000854	76.374207	76.172417	76.184372	76.320282	75.968559	76.063553	76.244804	76.169319	75.999939	75.969658	76.388237	75.854301	76.145515	76.384941	75.900627	75.83371	75.885513	76.392555	75.855339	76.113167	76.098106	75.925476	76.30619	75.988144	75.968605	75.900597	75.940506	76.307365	76.322418	75.822952	76.125038	76.006432	76.059219	75.679489	75.988083	75.751762	75.897369	76.271706	75.732338	75.839218	76.256683	75.845596	76.180115	75.95134	75.943779	75.947044	76.146591	76.082977	75.843483	76.209061	76.144424	75.832741	75.771126	75.704414	75.558655	75.755035
980	76.322311	76.40699	76.237984	76.308914	76.023682	76.417625	76.203957	76.230225	76.366905	76.00164	76.107529	76.295639	76.223007	76.048981	76.006119	76.433907	75.900398	76.186729	76.420464	75.937355	75.864014	75.919312	76.439636	75.895401	76.157913	76.149353	75.968643	76.339813	76.049789	76.009766	75.931946	75.971809	76.357826	76.365036	75.858482	76.170647	76.059608	76.101791	75.71344	76.040314	75.787529	75.930687	76.311516	75.766441	75.890472	76.311073	75.879456	76.236671	75.989525	75.981178	75.990555	76.188499	76.129951	75.885384	76.235786	76.184952	75.881195	75.797768	75.759628	75.589386	75.796906
981	76.348991	76.440216	76.267288	76.344337	76.051971	76.455902	76.240265	76.269165	76.40847	76.03096	76.146049	76.336876	76.263321	76.089363	76.040749	76.468277	75.935661	76.222679	76.455742	75.976387	75.898727	75.952988	76.480392	75.929855	76.194153	76.190727	76.006577	76.373375	76.089996	76.043549	75.963867	76.000313	76.398437	76.404793	75.886429	76.213707	76.098587	76.141441	75.745956	76.081131	75.825783	75.962311	76.350174	75.801453	75.929245	76.352371	75.908272	76.285873	76.023361	76.018318	76.029358	76.225159	76.171829	75.919655	76.262222	76.225349	75.916817	75.826103	75.801155	75.622177	75.825706
982	76.387611	76.46228	76.3004	76.370369	76.089172	76.484474	76.28405	76.295349	76.440437	76.053215	76.17437	76.360718	76.279678	76.113968	76.071503	76.48246	75.951469	76.248787	76.489876	76.018593	75.940338	75.985771	76.509369	75.953903	76.21492	76.214233	76.034683	76.406151	76.092369	76.063919	75.996124	76.023453	76.421204	76.438789	75.900726	76.251488	76.112213	76.175247	75.775322	76.101433	75.867584	75.990379	76.386047	75.837288	75.945633	76.370201	75.927795	76.321381	76.04895	76.054268	76.059219	76.252007	76.204056	75.940063	76.287605	76.264725	75.929535	75.856789	75.818214	75.657829	75.83136
983	76.427567	76.4851	76.334641	76.397308	76.12764	76.514038	76.329323	76.322433	76.473495	76.076233	76.203667	76.385368	76.2966	76.13942	76.103302	76.497147	75.967827	76.275803	76.525185	76.062225	75.983383	76.019669	76.539352	75.97879	76.23642	76.238541	76.063744	76.440048	76.094833	76.084991	76.029495	76.047379	76.444748	76.473946	75.915527	76.290565	76.126328	76.210213	75.805679	76.122437	75.910805	76.019409	76.423141	75.874344	75.962601	76.388641	75.94799	76.358101	76.075432	76.091438	76.090118	76.279778	76.237381	75.961182	76.31385	76.305428	75.942688	75.888512	75.835869	75.694695	75.837204
984	76.464066	76.506546	76.365776	76.420258	76.164375	76.541916	76.37001	76.348114	76.502792	76.099815	76.230743	76.407196	76.311417	76.161369	76.133415	76.51326	75.983368	76.301125	76.558563	76.099724	76.022896	76.049301	76.566689	76.000595	76.255959	76.261696	76.089706	76.470383	76.098045	76.105598	76.060158	76.071465	76.467293	76.50663	75.930962	76.32502	76.140976	76.242004	75.832085	76.142342	75.948311	76.043915	76.457489	75.906982	75.978508	76.405472	75.967255	76.391083	76.099953	76.125336	76.118134	76.306602	76.26783	75.982178	76.339729	76.343697	75.955635	75.91758	75.853638	75.727036	75.844627
985	76.46701	76.513168	76.367004	76.408539	76.180374	76.551353	76.367661	76.357819	76.497635	76.122734	76.235458	76.40329	76.307297	76.152435	76.144485	76.536835	75.989616	76.30854	76.570488	76.083115	76.027634	76.040588	76.568512	75.994698	76.256729	76.271347	76.08683	76.467583	76.1063	76.118378	76.064087	76.091698	76.477615	76.513985	75.94799	76.317474	76.156563	76.243263	75.823242	76.149902	75.934914	76.029251	76.463982	75.899437	75.983208	76.406662	75.975403	76.389091	76.104576	76.12748	76.11869	76.320702	76.270279	75.997917	76.357338	76.355515	75.964325	75.920471	75.868591	75.718544	75.86235
986	76.470062	76.520012	76.368271	76.396385	76.196938	76.561119	76.365211	76.367859	76.492294	76.146469	76.240341	76.399246	76.303032	76.143173	76.155937	76.561234	75.996078	76.316216	76.582832	76.065918	76.032539	76.03157	76.570389	75.988586	76.257515	76.281342	76.083847	76.464691	76.114838	76.131599	76.068153	76.11264	76.488304	76.521599	75.965637	76.309669	76.172707	76.24456	75.814072	76.15773	75.921021	76.014076	76.470703	75.891632	75.988068	76.40789	75.983849	76.387024	76.109352	76.129684	76.119255	76.335297	76.272789	76.014206	76.375565	76.367744	75.973312	75.92347	75.884071	75.70974	75.880699
987	76.473221	76.527115	76.369583	76.383804	76.214111	76.571243	76.362671	76.378265	76.486755	76.171074	76.245407	76.39505	76.298615	76.133568	76.167809	76.586533	76.002769	76.324173	76.595619	76.048088	76.037621	76.022224	76.572334	75.982246	76.258339	76.291695	76.080757	76.461685	76.123695	76.145302	76.072365	76.134346	76.499382	76.529488	75.983917	76.301575	76.18943	76.245895	75.804573	76.16584	75.906631	75.998337	76.477661	75.883537	75.993103	76.409164	75.992599	76.384888	76.114311	76.131989	76.119843	76.350426	76.275406	76.031097	76.394447	76.380432	75.982628	75.926575	75.900116	75.70063	75.899712
988	76.459618	76.525673	76.350006	76.370636	76.186768	76.556808	76.337761	76.356705	76.483612	76.165535	76.239105	76.375145	76.293907	76.128174	76.141014	76.581802	75.985359	76.318199	76.587326	76.031448	76.031975	76.016396	76.576973	75.966095	76.25235	76.276787	76.067322	76.471237	76.101814	76.142578	76.054398	76.098259	76.486603	76.518105	75.960365	76.307175	76.187164	76.228348	75.791153	76.153961	75.886826	75.992599	76.469353	75.875626	75.984718	76.406357	75.976654	76.381218	76.09848	76.110031	76.107536	76.341156	76.265907	76.01284	76.383713	76.369293	75.970627	75.916168	75.889015	75.672798	75.881622
989	76.442917	76.522827	76.326492	76.356964	76.151466	76.538017	76.308495	76.329369	76.480751	76.155045	76.230797	76.352104	76.289017	76.123268	76.107216	76.572151	75.963554	76.30983	76.575417	76.014465	76.024452	76.010941	76.582191	75.947868	76.245079	76.257385	76.051804	76.483116	76.074356	76.137169	76.032341	76.051826	76.46962	76.503304	75.929436	76.315132	76.181808	76.207245	75.77668	76.138519	75.865509	75.988266	76.458344	75.867485	75.97393	76.402817	75.956261	76.377197	76.078835	76.083511	76.092789	76.327698	76.254173	75.988403	76.36792	76.354019	75.954849	75.90329	75.873253	75.641113	75.857056
990	76.42556	76.519875	76.302048	76.342758	76.114799	76.518494	76.278084	76.300972	76.477791	76.144135	76.222176	76.328163	76.283928	76.118179	76.072105	76.562126	75.94091	76.301125	76.563042	75.996826	76.01664	76.005272	76.587616	75.928925	76.237541	76.237228	76.03569	76.495445	76.04583	76.131546	76.009415	76.003586	76.451981	76.487923	75.897285	76.323402	76.176247	76.18531	75.761642	76.122482	75.843361	75.983772	76.446907	75.859032	75.962723	76.399139	75.935074	76.373016	76.058426	76.055977	76.077477	76.313736	76.241989	75.963036	76.351509	76.33815	75.938454	75.889908	75.85688	75.608185	75.831535
991	76.435997	76.528587	76.302086	76.356972	76.101097	76.525658	76.283043	76.292343	76.493057	76.130936	76.225494	76.34845	76.287895	76.114044	76.063553	76.569557	75.943802	76.307915	76.577148	75.993797	76.016243	76.015213	76.602013	75.929611	76.239952	76.238174	76.034752	76.523605	76.05172	76.131401	76.022659	75.993027	76.461617	76.504967	75.896881	76.335693	76.184776	76.191994	75.767906	76.119102	75.846283	75.983276	76.447311	75.852409	75.966904	76.410126	75.932411	76.387039	76.067696	76.060852	76.085457	76.324142	76.25071	75.959549	76.358383	76.344559	75.937744	75.893333	75.853661	75.606972	75.828918
992	76.464836	76.545105	76.318199	76.390076	76.102272	76.550468	76.311302	76.296547	76.520554	76.115997	76.23671	76.398102	76.297867	76.110474	76.072319	76.588562	75.963531	76.324982	76.608841	76.000328	76.020721	76.035538	76.62252	75.943199	76.248955	76.252991	76.043785	76.562592	76.080315	76.134865	76.05986	76.007065	76.489304	76.543571	75.917328	76.350815	76.20269	76.217575	75.788254	76.123985	75.865707	75.985413	76.455498	75.846878	75.981239	76.430931	75.941872	76.413223	76.096619	76.087135	76.108894	76.350716	76.2733	75.970398	76.380653	76.365707	75.947311	75.90786	75.859024	75.626564	75.841301
993	76.494873	76.562302	76.334969	76.424538	76.1035	76.576302	76.340736	76.300934	76.549194	76.100441	76.248383	76.449791	76.30825	76.106743	76.081451	76.60836	75.984077	76.342758	76.641861	76.007126	76.025375	76.056709	76.643875	75.957352	76.258324	76.26841	76.053177	76.603172	76.110092	76.138458	76.09861	76.021667	76.51815	76.583771	75.938622	76.366554	76.221344	76.244217	75.809441	76.129082	75.885933	75.98764	76.464012	75.841125	75.99617	76.452599	75.951729	76.440491	76.12674	76.114494	76.133286	76.378403	76.296837	75.981697	76.403839	76.387733	75.957283	75.922981	75.864609	75.646957	75.854195
994	76.510071	76.574646	76.344345	76.442116	76.110435	76.585197	76.356262	76.308586	76.565155	76.087639	76.245102	76.480522	76.316086	76.108192	76.078102	76.620552	75.98941	76.353165	76.665253	76.007721	76.024712	76.064308	76.656075	75.960823	76.267029	76.279587	76.060333	76.621689	76.128242	76.141487	76.118103	76.033936	76.538803	76.606346	75.947304	76.366219	76.229813	76.258125	75.816742	76.137787	75.895744	75.984749	76.47213	75.833771	75.995026	76.461304	75.955841	76.457924	76.142029	76.13076	76.150299	76.393074	76.317085	75.994026	76.42244	76.409286	75.955109	75.92524	75.869072	75.656357	75.865646
995	76.497513	76.577713	76.339821	76.428116	76.12764	76.562675	76.345772	76.321999	76.557327	76.080338	76.214439	76.471786	76.31897	76.119118	76.051888	76.618355	75.966652	76.349716	76.670242	75.996925	76.014275	76.046707	76.651077	75.94458	76.274216	76.282593	76.063118	76.599045	76.124466	76.143326	76.101646	76.041504	76.54377	76.59584	75.932541	76.336357	76.219292	76.248207	75.798317	76.152908	75.886124	75.972572	76.479233	75.823723	75.964378	76.445923	75.949287	76.456711	76.129646	76.126137	76.153221	76.383362	76.330673	76.007858	76.432045	76.429298	75.93074	75.903793	75.871346	75.645187	75.874084
996	76.484406	76.580894	76.335106	76.41349	76.145576	76.539162	76.334808	76.335991	76.549149	76.072693	76.182442	76.462669	76.321976	76.130516	76.024529	76.616058	75.942902	76.346123	76.675446	75.985649	76.00338	76.028328	76.645859	75.927612	76.281708	76.285721	76.06601	76.575417	76.120514	76.145248	76.084465	76.049385	76.548943	76.584862	75.917145	76.305183	76.208313	76.237854	75.779083	76.168671	75.876076	75.959862	76.486633	75.813225	75.932388	76.429871	75.942436	76.455444	76.116714	76.121315	76.156265	76.373222	76.344856	76.022285	76.442062	76.450165	75.905289	75.881401	75.873711	75.633537	75.882874
997	76.470276	76.581909	76.328331	76.399109	76.159218	76.518974	76.322731	76.346123	76.54171	76.064331	76.152679	76.453255	76.321854	76.139832	75.996567	76.613754	75.918159	76.3414	76.681175	75.972084	75.988007	76.008759	76.641258	75.910088	76.29055	76.286057	76.067459	76.550392	76.114349	76.144226	76.066574	76.051758	76.553688	76.574821	75.898834	76.27639	76.194359	76.226639	75.758865	76.179474	75.865883	75.94677	76.493607	75.801697	75.902458	76.418159	75.931946	76.455223	76.101173	76.115448	76.15641	76.365181	76.354637	76.032265	76.448807	76.467041	75.881317	75.858315	75.873413	75.622353	75.887962
998	76.452217	76.565315	76.307205	76.390915	76.134422	76.531425	76.305283	76.32254	76.542305	76.052681	76.149597	76.444336	76.296783	76.129822	75.972054	76.612106	75.892899	76.329109	76.689537	75.944191	75.941452	75.985458	76.643059	75.893204	76.307556	76.264015	76.056839	76.521721	76.092392	76.120064	76.048332	76.009438	76.553589	76.57518	75.862709	76.275032	76.160828	76.211861	75.736816	76.14753	75.857544	75.934479	76.495056	75.785324	75.897758	76.444588	75.895584	76.46344	76.06942	76.103012	76.133469	76.37619	76.326485	76.003777	76.427437	76.447006	75.876167	75.836502	75.851929	75.61824	75.862053
999	76.433372	76.547997	76.285141	76.382362	76.108543	76.544434	76.287064	76.297905	76.542923	76.040535	76.146385	76.435013	76.270607	76.119377	75.946465	76.61039	75.866531	76.316277	76.698273	75.915077	75.892853	75.961136	76.644936	75.875587	76.325317	76.24099	76.045738	76.491776	76.069466	76.094833	76.029289	75.965263	76.553482	76.575554	75.824982	76.273628	76.125816	76.196434	75.713791	76.114166	75.848846	75.921654	76.496574	75.768211	75.89286	76.472176	75.85762	76.472023	76.036278	76.090034	76.109497	76.387703	76.297073	75.974037	76.405121	76.426094	75.870789	75.813744	75.829514	75.61396	75.834999
1000	76.413658	76.529884	76.262085	76.373413	76.081482	76.558014	76.268013	76.272148	76.543571	76.027824	76.143021	76.42527	76.243248	76.108452	75.919708	76.608582	75.838966	76.302856	76.70739	75.884628	75.842049	75.935707	76.646896	75.857155	76.34388	76.216934	76.034149	76.46048	76.045494	76.068451	76.009377	75.919067	76.553375	76.575943	75.785561	76.272148	76.089218	76.180305	75.68972	76.079292	75.839752	75.908249	76.498154	75.750343	75.887741	76.501007	75.817932	76.480995	76.001625	76.076462	76.08445	76.399734	76.266342	75.94294	76.38179	76.404236	75.865166	75.78994	75.806068	75.609482	75.806717
1001	76.418861	76.515495	76.265594	76.384583	76.066719	76.57235	76.270424	76.266647	76.550552	76.035179	76.148613	76.424973	76.252876	76.096413	75.912407	76.612106	75.835251	76.304054	76.720551	75.869934	75.844101	75.927139	76.650795	75.854164	76.32016	76.213226	76.029396	76.475655	76.041054	76.09156	76.001236	75.904694	76.553383	76.585312	75.780952	76.269943	76.096329	76.188446	75.664955	76.080231	75.815552	75.908714	76.510567	75.745308	75.880074	76.498596	75.821014	76.488777	76.001945	76.074928	76.084175	76.410728	76.287476	75.937279	76.392067	76.403656	75.856987	75.786659	75.814651	75.598175	75.796959
1002	76.42823	76.501122	76.273476	76.399406	76.053337	76.587387	76.276337	76.26416	76.558838	76.046028	76.155869	76.426178	76.268791	76.083725	75.907913	76.616623	75.835205	76.30764	76.734863	75.857178	75.854652	75.920898	76.655182	75.853516	76.288757	76.212616	76.025543	76.498833	76.039551	76.123474	75.994652	75.894821	76.553413	76.596489	75.781715	76.26754	76.110672	76.200775	75.639099	76.086929	75.788017	75.911415	76.525208	75.742134	75.871704	76.491112	75.831032	76.496658	76.007858	76.075256	76.087837	76.421997	76.317703	75.935432	76.408089	76.406441	75.848076	75.786522	75.828674	75.585327	75.78978
1003	76.438057	76.486069	76.281754	76.41494	76.03933	76.603142	76.282547	76.261559	76.567528	76.057388	76.163452	76.427437	76.285461	76.070427	75.903214	76.621353	75.835159	76.311401	76.749886	75.843803	75.865723	75.914375	76.659775	75.852844	76.255867	76.211983	76.021507	76.523117	76.037994	76.156914	75.987755	75.884483	76.553444	76.6082	75.782524	76.265022	76.125702	76.213692	75.612015	76.093941	75.759155	75.914238	76.540535	75.738792	75.862946	76.483276	75.841537	76.504921	76.014061	76.0756	76.091682	76.433807	76.34938	75.933525	76.424889	76.409355	75.83876	75.786369	75.843384	75.571861	75.782265
1004	76.4114	76.46051	76.254326	76.396996	75.997009	76.575684	76.265213	76.235023	76.552437	76.017815	76.139557	76.417686	76.249146	76.035645	75.88443	76.614326	75.800911	76.292831	76.736443	75.811935	75.843758	75.882103	76.649139	75.822678	76.224831	76.197777	76.002617	76.514908	76.01281	76.130829	75.959091	75.879555	76.532707	76.600327	75.760803	76.242645	76.111	76.195312	75.569458	76.085854	75.722046	75.891777	76.529053	75.706673	75.837242	76.475487	75.810844	76.487434	76.00589	76.057144	76.068703	76.422844	76.331429	75.908768	76.420525	76.402039	75.802956	75.758896	75.80349	75.518448	75.756584
1005	76.360786	76.42775	76.203445	76.357201	75.93576	76.51992	76.232422	76.192612	76.521797	75.944778	76.094948	76.400658	76.178078	75.986435	75.856277	76.599594	75.744072	76.259552	76.704445	75.767609	75.800171	75.832703	76.628517	75.773018	76.19445	76.174583	75.973824	76.485626	75.971985	76.065964	75.915916	75.878029	76.49826	76.579689	75.724228	76.207108	76.076889	76.156464	75.516197	76.067886	75.679001	75.852623	76.500092	75.655457	75.800171	76.467598	75.753113	76.453056	75.988319	76.02626	76.028046	76.397018	76.281204	75.868896	76.402458	76.388	75.749504	75.713348	75.727745	75.438377	75.718796
1006	76.307777	76.39344	76.150169	76.315521	75.87162	76.461533	76.198082	76.148209	76.4897	75.868286	76.048248	76.382835	76.103661	75.934891	75.826767	76.584167	75.684547	76.224716	76.670952	75.721191	75.754509	75.780968	76.606926	75.721016	76.162643	76.150284	75.943665	76.454964	75.92923	75.998039	75.870697	75.876442	76.462189	76.55809	75.685913	76.169884	76.041168	76.115768	75.460449	76.049072	75.633911	75.811623	76.469765	75.601837	75.761375	76.459328	75.692657	76.417068	75.969917	75.993912	75.985474	76.36998	76.228622	75.827141	76.383537	76.373299	75.693535	75.665657	75.648437	75.354538	75.679222
1007	76.275162	76.372818	76.12487	76.284096	75.829262	76.4272	76.171722	76.117096	76.460251	75.816116	76.018318	76.36393	76.055779	75.89817	75.801643	76.566818	75.632896	76.194717	76.650169	75.682373	75.717812	75.744995	76.592865	75.675026	76.141617	76.135818	75.919571	76.437248	75.896393	75.949005	75.848198	75.868973	76.449921	76.548042	75.652054	76.144966	76.01432	76.09745	75.42038	76.027504	75.603195	75.788673	76.45018	75.559525	75.737617	76.453529	75.648468	76.395103	75.95192	75.961296	75.954582	76.353867	76.200012	75.79805	76.369705	76.353683	75.661148	75.629517	75.597397	75.301544	75.644913
1008	76.279213	76.37677	76.1493	76.271606	75.826393	76.436035	76.160172	76.110245	76.436356	75.808144	76.018715	76.34375	76.055847	75.888542	75.784958	76.546631	75.596664	76.174126	76.652298	75.658089	75.697952	75.737747	76.592445	75.640991	76.140121	76.138977	75.90686	76.442726	75.881943	75.934601	75.866096	75.851479	76.479622	76.558525	75.627052	76.142349	76.003845	76.118843	75.409058	76.001778	75.598579	75.797997	76.449982	75.538315	75.740967	76.452217	75.634148	76.398399	75.935181	75.92923	75.945084	76.357376	76.214249	75.792053	76.365211	76.32608	75.671051	75.614754	75.59742	75.304169	75.620941
1009	76.283455	76.380928	76.174911	76.258514	75.823372	76.445297	76.148071	76.103058	76.411316	75.799789	76.019119	76.322601	76.055931	75.878456	75.767464	76.525482	75.558701	76.15255	76.65451	75.632629	75.677124	75.730141	76.592003	75.605324	76.138565	76.142281	75.893547	76.448463	75.866791	75.919495	75.884872	75.833145	76.510765	76.569519	75.600838	76.139626	75.992874	76.141266	75.397202	75.974823	75.593742	75.807777	76.449776	75.516098	75.744453	76.450836	75.619141	76.401848	75.917641	75.895622	75.935135	76.361061	76.229179	75.785759	76.360504	76.297157	75.681442	75.599274	75.59745	75.306923	75.595818
1010	76.282753	76.381821	76.194756	76.24118	75.816063	76.450844	76.135788	76.091805	76.38813	75.78775	76.014641	76.299034	76.051788	75.866631	75.745842	76.506683	75.518257	76.132225	76.65435	75.603905	75.654289	75.718903	76.591286	75.571594	76.130608	76.141846	75.872978	76.451698	75.846382	75.901192	75.894531	75.80941	76.537163	76.57666	75.572723	76.134056	75.980774	76.15641	75.377449	75.946823	75.583206	75.810616	76.448143	75.489243	75.742798	76.449005	75.604828	76.403206	75.897987	75.861526	75.922928	76.363197	76.23867	75.777092	76.355217	76.269058	75.685822	75.580681	75.591179	75.300301	75.565201
1011	76.24897	76.360596	76.170525	76.20002	75.781837	76.429909	76.125595	76.056198	76.383743	75.75415	75.978554	76.265625	76.020401	75.846405	75.702278	76.508873	75.472038	76.125816	76.6381	75.560944	75.624046	75.686295	76.589005	75.559998	76.081757	76.116394	75.809219	76.437218	75.79615	75.866348	75.840279	75.75576	76.524651	76.556061	75.53933	76.110992	75.964455	76.118439	75.310028	75.919456	75.537201	75.765991	76.437431	75.438515	75.706886	76.44474	75.599144	76.390175	75.869492	75.833488	75.898857	76.354385	76.209023	75.754807	76.347511	76.254234	75.648598	75.546188	75.544067	75.232376	75.505943
1012	76.213593	76.338348	76.145134	76.156921	75.745987	76.40799	76.114929	76.018921	76.379143	75.718971	75.940758	76.230644	75.987534	75.825226	75.656677	76.511162	75.423653	76.119095	76.621071	75.515953	75.592384	75.652138	76.586601	75.547859	76.030617	76.089729	75.742462	76.422043	75.743546	75.829857	75.783447	75.699577	76.511536	76.53447	75.504341	76.086823	75.947365	76.078667	75.23941	75.890785	75.489021	75.719246	76.426201	75.385384	75.669273	76.440254	75.593193	76.376518	75.839653	75.804108	75.87365	76.345139	76.177956	75.731476	76.339432	76.238701	75.609619	75.510048	75.494736	75.161255	75.443878
1013	76.176514	76.315048	76.118515	76.11174	75.708412	76.385025	76.103745	75.979843	76.374336	75.682091	75.901146	76.193977	75.953094	75.803032	75.608871	76.513573	75.372925	76.112061	76.603233	75.468796	75.559196	75.616348	76.584091	75.535133	75.977013	76.061783	75.672493	76.406136	75.688416	75.791618	75.723892	75.640686	76.497795	76.511856	75.467682	76.061508	75.929459	76.036995	75.165398	75.860748	75.438538	75.670258	76.414452	75.329704	75.629852	76.435562	75.586945	76.362213	75.808372	75.773315	75.847229	76.335464	76.145401	75.707016	76.330963	76.222427	75.568756	75.472183	75.443039	75.0867	75.37883
1014	76.172356	76.301697	76.092056	76.079414	75.666008	76.373169	76.052704	75.980003	76.382767	75.677505	75.879845	76.188988	75.933441	75.785271	75.587982	76.5084	75.370262	76.132065	76.611328	75.448761	75.538841	75.629036	76.602112	75.518982	75.982948	76.051277	75.661636	76.410324	75.695572	75.785469	75.706596	75.601944	76.485603	76.528641	75.437637	76.058693	75.925926	76.041779	75.157097	75.850761	75.427368	75.641861	76.418022	75.314476	75.594254	76.437881	75.572594	76.35701	75.811981	75.773781	75.817581	76.305496	76.143555	75.666008	76.339333	76.205429	75.551491	75.443336	75.407127	75.058151	75.364838
1015	76.172134	76.289032	76.064499	76.047318	75.621216	76.362213	75.994568	75.985069	76.393219	75.676765	75.859924	76.187752	75.914803	75.767342	75.569572	76.50209	75.373466	76.156288	76.623001	75.431252	75.519264	75.648315	76.623444	75.50174	75.996559	76.042519	75.657684	76.417198	75.710777	75.783066	75.693825	75.56411	76.473091	76.551048	75.40715	76.058578	75.924057	76.052551	75.156616	75.84285	75.420647	75.614853	76.423668	75.303635	75.557632	76.441177	75.556625	76.35273	75.820091	75.778152	75.786301	76.271751	76.145477	75.621216	76.350166	76.187637	75.536438	75.414406	75.371689	75.034142	75.356628
1016	76.171883	76.275742	76.035576	76.013634	75.574226	76.3507	75.933571	75.990364	76.40416	75.675949	75.839012	76.186432	75.895241	75.748505	75.550232	76.495453	75.376808	76.181679	76.635231	75.412865	75.498695	75.668503	76.645813	75.483635	76.010811	76.03331	75.653526	76.424393	75.726715	75.780518	75.68042	75.524391	76.459953	76.574532	75.37516	76.058449	75.922073	76.063835	75.156105	75.834534	75.413582	75.586502	76.429573	75.292252	75.519203	76.444618	75.539871	76.348221	75.828575	75.782722	75.753471	76.236336	76.147469	75.574226	76.361496	76.168976	75.52063	75.384048	75.334496	75.008942	75.347984
1017	76.139397	76.260498	75.995598	75.977448	75.52282	76.325562	75.882462	75.960091	76.372345	75.644638	75.793152	76.173218	75.864311	75.704971	75.522041	76.486847	75.341568	76.146904	76.599533	75.371315	75.457626	75.622276	76.636276	75.452957	75.979202	76.013031	75.628433	76.414864	75.702179	75.767639	75.645607	75.506935	76.470856	76.555603	75.352455	76.034996	75.913437	76.049446	75.139526	75.803856	75.371239	75.558517	76.414795	75.252403	75.496307	76.423347	75.516335	76.328476	75.790237	75.766594	75.740929	76.223251	76.14167	75.551971	76.357384	76.157013	75.490349	75.359138	75.315132	74.96183	75.314804
1018	76.088142	76.243881	75.948593	75.939117	75.467888	76.292267	75.835861	75.909225	76.315887	75.595566	75.732376	76.153053	75.826385	75.646683	75.488297	76.476982	75.283958	76.077637	76.536217	75.315903	75.404221	75.537834	76.608665	75.414597	75.921211	75.98613	75.59111	76.395752	75.654442	75.74868	75.598076	75.501648	76.495461	76.512482	75.334496	75.997993	75.900887	76.020363	75.113594	75.759979	75.30825	75.530174	76.388107	75.195755	75.481682	76.387772	75.488533	76.299789	75.724838	75.738525	75.739548	76.222427	76.131371	75.543182	76.344513	76.148598	75.451347	75.336769	75.305397	74.901489	75.267181
1019	76.034447	76.226456	75.899345	75.898949	75.410339	76.25737	75.787041	75.855949	76.256737	75.544151	75.668686	76.13192	75.786652	75.585625	75.452957	76.466644	75.223602	76.005089	76.469887	75.257858	75.348267	75.449379	76.579727	75.374397	75.860451	75.957939	75.552002	76.375725	75.604424	75.728813	75.548271	75.496086	76.521233	76.4673	75.315659	75.959229	75.887741	75.989876	75.086426	75.71402	75.242271	75.500473	76.360138	75.136406	75.466339	76.350487	75.459404	76.269737	75.656334	75.709114	75.738083	76.221558	76.120583	75.533958	76.331024	76.139778	75.410461	75.313347	75.295181	74.838264	75.217285
1020	76.001236	76.221779	75.870239	75.888672	75.388237	76.254967	75.775093	75.825302	76.236221	75.508423	75.639938	76.120117	75.762283	75.547058	75.419525	76.469841	75.18409	75.969406	76.45163	75.227379	75.316582	75.406799	76.566002	75.342598	75.835274	75.932236	75.535133	76.382805	75.569443	75.712044	75.526848	75.508461	76.532326	76.448616	75.294998	75.952347	75.874535	75.9664	75.059212	75.69249	75.206818	75.484222	76.345634	75.10601	75.44722	76.330215	75.450417	76.259087	75.62851	75.691658	75.733261	76.228912	76.124947	75.533142	76.322411	76.150826	75.379913	75.310463	75.284233	74.796745	75.187408
1021	75.999245	76.236168	75.871765	75.923111	75.419403	76.300987	75.818314	75.829056	76.273689	75.496841	75.663841	76.122459	75.76136	75.542854	75.389679	76.493141	75.176498	75.989441	76.505371	75.238647	75.321754	75.433525	76.575241	75.32399	75.863625	75.910805	75.551781	76.430115	75.557617	75.700226	75.54818	75.547234	76.521309	76.469803	75.272072	75.993103	75.861542	75.953873	75.032539	75.707848	75.217613	75.488335	76.351479	75.119377	75.422874	76.335709	75.471619	76.27758	75.661896	75.692368	75.723549	76.248344	76.151772	75.544868	76.321236	76.191231	75.36541	75.338242	75.27243	74.78846	75.188019
1022	75.997169	76.251259	75.873375	75.959152	75.452034	76.349159	75.863556	75.833	76.31292	75.484734	75.688866	76.124916	75.760399	75.538467	75.358452	76.517525	75.168564	76.010414	76.56163	75.250443	75.327179	75.461487	76.584923	75.304535	75.893303	75.888397	75.569214	76.47963	75.545273	75.687859	75.570511	75.58783	76.509789	76.491989	75.248077	76.035767	75.847954	75.940773	75.004631	75.723923	75.22892	75.492645	76.357613	75.133385	75.397408	76.341469	75.493835	76.296959	75.696846	75.693123	75.713394	76.2687	76.179848	75.557152	76.320007	76.233521	75.350235	75.367317	75.260078	74.7798	75.18866
1023	75.999321	76.264503	75.873825	75.984505	75.478554	76.392403	75.902283	75.84642	76.351151	75.47831	75.706429	76.128372	75.765602	75.532082	75.331703	76.534897	75.159142	76.030502	76.612381	75.261047	75.330154	75.478485	76.598335	75.283936	75.919113	75.880089	75.58287	76.518387	75.546623	75.682381	75.589622	75.619873	76.508438	76.517906	75.228951	76.066795	75.842384	75.935074	74.979568	75.739548	75.234688	75.491348	76.371689	75.143234	75.380722	76.355782	75.507561	76.317787	75.725136	75.698593	75.703407	76.282509	76.205482	75.568207	76.327629	76.271873	75.335983	75.383308	75.246315	74.772171	75.188843
1024	76.021385	76.266655	75.868561	75.953964	75.471008	76.404518	75.902916	75.903236	76.37796	75.500389	75.685066	76.136047	75.799629	75.517075	75.3312	76.515503	75.144127	76.042847	76.627899	75.264107	75.3209	75.439575	76.627464	75.261398	75.921883	75.941177	75.576035	76.498596	75.613861	75.710968	75.589905	75.605186	76.556358	76.557335	75.236473	76.036446	75.876472	75.966103	74.972549	75.750313	75.212738	75.463203	76.421638	75.13134	75.409225	76.408852	75.47805	76.342087	75.716385	75.725822	75.6959	76.262428	76.214951	75.57148	76.376549	76.284645	75.328598	75.333473	75.228127	74.770752	75.186722
1025	76.04451	76.26889	75.863045	75.921951	75.46312	76.417198	75.90358	75.962791	76.406067	75.523521	75.662682	76.144089	75.835281	75.501366	75.330658	76.495163	75.128395	76.055786	76.64415	75.267311	75.311188	75.398811	76.657982	75.237778	75.924797	76.005203	75.568871	76.477852	75.684311	75.740936	75.59021	75.589798	76.606583	76.598656	75.244362	76.004631	75.912186	75.998619	74.965202	75.761597	75.189728	75.433716	76.473984	75.118874	75.439102	76.464455	75.447128	76.367554	75.70723	75.754356	75.688049	76.241379	76.224884	75.574913	76.427818	76.298027	75.320854	75.281242	75.209053	74.769264	75.184502
1026	76.068787	76.271263	75.857285	75.88839	75.454834	76.430519	75.904289	76.025269	76.435562	75.547798	75.639191	76.152519	75.872696	75.484886	75.330093	76.473831	75.1119	76.069366	76.661209	75.270683	75.301018	75.356056	76.690002	75.212997	75.927849	76.07238	75.561348	76.4561	75.75824	75.772385	75.59053	75.573662	76.659271	76.642021	75.252647	75.97126	75.949661	76.03273	74.957497	75.773445	75.165596	75.402786	76.528908	75.105789	75.470444	76.522797	75.414696	76.394264	75.697639	75.784302	75.679802	76.219307	76.235298	75.578514	76.481613	76.31208	75.312737	75.226471	75.189056	74.767715	75.182175
1027	76.05368	76.307121	75.853683	75.901634	75.458389	76.431435	75.889656	76.03437	76.435707	75.544525	75.651184	76.180862	75.887764	75.504578	75.338486	76.484398	75.116493	76.05368	76.66198	75.286865	75.325958	75.375069	76.718781	75.213989	75.922707	76.082764	75.581413	76.489281	75.723259	75.781418	75.563828	75.582886	76.66552	76.647377	75.268723	76.009331	75.953987	76.020935	74.989372	75.779648	75.174461	75.448257	76.539558	75.105133	75.499565	76.537056	75.405434	76.404015	75.708107	75.78643	75.712997	76.281044	76.25489	75.562363	76.45752	76.333511	75.338051	75.252655	75.21814	74.77282	75.210327
1028	76.035553	76.34655	75.850052	75.918259	75.462814	76.431641	75.873474	76.04068	76.434105	75.539459	75.665817	76.211624	75.902153	75.527283	75.347778	76.497322	75.122543	76.035553	76.661797	75.304527	75.354095	75.398605	76.748634	75.21656	75.916855	76.090179	75.604004	76.527206	75.680244	75.789505	75.534325	75.594025	76.66925	76.650688	75.285957	76.053329	75.95652	76.005875	75.025009	75.785782	75.185692	75.500282	76.548019	75.105179	75.529823	76.549286	75.397133	76.413155	75.720238	75.786972	75.750122	76.350494	76.275894	75.544319	76.427719	76.356331	75.36647	75.284836	75.251434	74.778549	75.241516
1029	76.016579	76.387863	75.84626	75.935677	75.467445	76.431877	75.856514	76.047287	76.432434	75.534157	75.681152	76.243851	75.917229	75.551094	75.357506	76.510872	75.128891	76.016579	76.661613	75.323036	75.383583	75.423271	76.7799	75.219254	75.910728	76.097969	75.62767	76.566933	75.635185	75.797981	75.503433	75.60569	76.673172	76.654167	75.304024	76.099426	75.959167	75.990112	75.06234	75.792213	75.197456	75.554787	76.5569	75.105232	75.561516	76.562103	75.388451	76.422737	75.732956	75.78756	75.789009	76.423248	76.29789	75.525421	76.3965	76.380249	75.396248	75.31855	75.286308	74.784561	75.2742
1030	76.029747	76.433548	75.849854	75.995697	75.457588	76.458778	75.900696	76.029984	76.458778	75.576759	75.716515	76.275948	75.929031	75.588356	75.388947	76.57592	75.124222	76.055511	76.714912	75.346542	75.404175	75.440178	76.830177	75.220657	75.936111	76.121887	75.667542	76.636414	75.661736	75.830261	75.513557	75.617287	76.706406	76.705582	75.299904	76.144859	75.979347	76.00956	75.043015	75.822357	75.211243	75.598457	76.606964	75.119789	75.591301	76.62059	75.423447	76.463753	75.781212	75.798698	75.8274	76.466019	76.33493	75.540909	76.44635	76.416298	75.392792	75.356552	75.328461	74.772942	75.292603
1031	76.057068	76.482269	75.856712	76.075562	75.441254	76.497833	75.972267	76.001953	76.497833	75.641022	75.761375	76.308823	75.939735	75.632385	75.430527	76.664764	75.114731	76.120323	76.792542	75.372803	75.421486	75.454208	76.889893	75.221535	75.97567	76.153343	75.715401	76.720474	75.719711	75.873589	75.541542	75.629166	76.75309	76.778885	75.286171	76.191177	76.007584	76.044624	74.998886	75.863449	75.22625	75.638603	76.676003	75.140938	75.62104	76.700195	75.478104	76.51931	75.845985	75.814667	75.866554	76.497032	76.379387	75.571556	76.532272	76.458481	75.375	75.397408	75.374817	74.753471	75.305351
1032	76.085663	76.533249	75.863899	76.159103	75.424171	76.538673	76.047134	75.972626	76.538673	75.708244	75.808296	76.343216	75.95092	75.678436	75.474022	76.757713	75.104782	76.188118	76.873749	75.400284	75.439606	75.468887	76.952377	75.222443	76.017059	76.186241	75.765465	76.808411	75.780365	75.918915	75.570816	75.641579	76.801926	76.855591	75.271797	76.239632	76.037125	76.081322	74.952713	75.906448	75.241966	75.680611	76.748238	75.163063	75.652145	76.783478	75.535278	76.577438	75.913742	75.83136	75.907532	76.529465	76.425896	75.603622	76.622162	76.502625	75.356392	75.440132	75.423317	74.733101	75.31868
1033	76.11483	76.536789	75.879166	76.20121	75.404091	76.568878	76.092682	75.984795	76.579239	75.703667	75.840363	76.359589	75.958908	75.681747	75.476906	76.824631	75.098694	76.22924	76.931381	75.398911	75.443924	75.478889	77.012085	75.220352	76.06073	76.200165	75.760468	76.878319	75.804031	75.938835	75.584618	75.641823	76.830925	76.903351	75.269196	76.26358	76.050781	76.11483	74.921265	75.93119	75.229446	75.683815	76.79245	75.173912	75.645027	76.834038	75.555542	76.640167	75.925064	75.855568	75.936363	76.558128	76.471443	75.61306	76.673569	76.544579	75.354439	75.461922	75.41494	74.713318	75.329498
1034	76.144493	76.48587	75.903595	76.195488	75.380692	76.58667	76.104309	76.044479	76.619186	75.616722	75.855164	76.355194	75.963181	75.635994	75.433197	76.861259	75.097046	76.239494	76.961609	75.364426	75.432373	75.483482	77.06823	75.214821	76.106735	76.19223	75.692329	76.927109	75.785133	75.929504	75.580582	75.62809	76.836983	76.917587	75.28009	76.259247	76.046112	76.144493	74.906906	75.934837	75.184639	75.642502	76.80423	75.17173	75.59407	76.846733	75.533318	76.707809	75.871552	75.88826	75.951096	76.58226	76.515587	75.596504	76.680527	76.583771	75.37162	75.459557	75.341324	74.694359	75.337357
1035	76.175484	76.43264	75.929123	76.189507	75.356232	76.605263	76.11644	76.106857	76.660957	75.525841	75.870621	76.350594	75.967636	75.588158	75.387489	76.899544	75.095322	76.250221	76.993195	75.328384	75.420311	75.488266	77.1269	75.20903	76.154823	76.183929	75.621101	76.978104	75.765358	75.919731	75.576363	75.613731	76.8433	76.932472	75.291481	76.254715	76.041229	76.175484	74.891891	75.938652	75.137779	75.599304	76.816544	75.169449	75.540794	76.860008	75.510071	76.778503	75.815598	75.922417	75.966492	76.607483	76.561729	75.579178	76.68779	76.624725	75.389572	75.457069	75.264374	74.674515	75.345566
1036	76.201584	76.396019	75.945541	76.185593	75.341385	76.61882	76.119942	76.135674	76.696411	75.460556	75.87072	76.349236	75.975311	75.562706	75.342308	76.927795	75.088699	76.255074	77.010353	75.290421	75.401596	75.479065	77.178154	75.200447	76.181427	76.185143	75.563614	77.008034	75.754128	75.903839	75.567551	75.604156	76.86364	76.950142	75.291	76.258675	76.03273	76.200424	74.871452	75.941017	75.098427	75.559563	76.829819	75.15934	75.48243	76.873711	75.483711	76.825066	75.765343	75.946693	75.97287	76.627388	76.595436	75.572311	76.699883	76.655876	75.399979	75.448387	75.213783	74.639824	75.347527
1037	76.209656	76.415482	75.931458	76.188622	75.358406	76.615097	76.095673	76.055428	76.708511	75.48259	75.822105	76.358261	75.992409	75.610481	75.303009	76.921577	75.067207	76.240875	76.980164	75.249977	75.363632	75.426399	77.201012	75.183807	76.137413	76.216331	75.555084	76.968399	75.770973	75.870056	75.545029	75.610611	76.926407	76.974945	75.252907	76.289154	76.013557	76.203773	74.835709	75.938576	75.086555	75.534515	76.844894	75.125351	75.413391	76.887421	75.449921	76.790733	75.737846	75.93734	75.950012	76.628555	76.586487	75.59919	76.726143	76.652977	75.385445	75.420853	75.251419	74.561371	75.329475
1038	76.218102	76.435837	75.91674	76.19178	75.376205	76.611198	76.070297	75.971512	76.721146	75.505623	75.771278	76.367691	76.010284	75.660454	75.261925	76.915077	75.044746	76.226021	76.948601	75.207672	75.323921	75.371323	77.224907	75.166405	76.091385	76.248924	75.546173	76.926964	75.788597	75.834724	75.521477	75.617371	76.99205	77.000877	75.213081	76.321022	75.993515	76.207283	74.798347	75.936028	75.07412	75.508316	76.860657	75.089798	75.341217	76.901749	75.414589	76.754845	75.709099	75.927551	75.926102	76.629761	76.577133	75.627289	76.753593	76.649948	75.370255	75.392059	75.290779	74.479317	75.310593
1039	76.224808	76.455643	75.901833	76.19458	75.394661	76.606995	76.043823	75.886032	76.733055	75.529022	75.719612	76.376572	76.027718	75.709579	75.219887	76.907608	75.021126	76.210564	76.915894	75.163475	75.28244	75.314041	77.24762	75.148682	76.043884	76.280991	75.536469	76.884171	75.80452	75.797607	75.497177	75.62336	77.057632	77.027229	75.171158	76.353439	75.972328	76.209549	74.759277	75.932312	75.06031	75.481133	76.877068	75.052261	75.267471	76.915421	75.377724	76.71875	75.680908	75.916878	75.901604	76.630737	76.566925	75.654007	76.780998	76.645401	75.354233	75.36158	75.32914	74.39666	75.290482
1040	76.144478	76.415436	75.907463	76.176376	75.406937	76.597672	76.019859	75.893829	76.691292	75.524101	75.728836	76.344704	75.993362	75.630707	75.215836	76.872116	74.992699	76.197716	76.895645	75.120537	75.242073	75.269333	77.176773	75.150627	76.02243	76.229485	75.51162	76.863235	75.717644	75.753265	75.486534	75.585304	76.997757	77.021942	75.118347	76.348701	75.941803	76.153992	74.720184	75.885849	75.012642	75.462624	76.891144	74.999397	75.264442	76.875076	75.344429	76.741966	75.729477	75.887665	75.897163	76.619408	76.539154	75.571426	76.755333	76.584175	75.332985	75.315369	75.252098	74.442657	75.255318
1041	76.060608	76.373482	75.91333	76.157364	75.419746	76.587952	75.994835	75.90197	76.647697	75.518951	75.738472	76.311447	75.957497	75.548355	75.211601	76.835068	74.963036	76.184319	76.874519	75.075714	75.199921	75.222656	77.102806	75.152664	76.000031	76.17572	75.485672	76.841393	75.626953	75.706985	75.475441	75.545593	76.935242	77.016426	75.063225	76.34375	75.909927	76.096001	74.67939	75.837357	74.962875	75.443298	76.905838	74.944214	75.261284	76.832954	75.309685	76.766212	75.780182	75.85717	75.892548	76.60759	76.510178	75.485191	76.728554	76.520248	75.310806	75.267136	75.171677	74.490707	75.218597
1042	75.972961	76.329613	75.919464	76.137497	75.433136	76.577774	75.968689	75.910454	76.602135	75.51358	75.74852	76.276672	75.920013	75.462303	75.207176	76.796341	74.93203	76.170303	76.852425	75.02887	75.155869	75.173866	77.025505	75.154785	75.976624	76.11953	75.458557	76.818558	75.532158	75.6586	75.463837	75.504074	76.869911	77.010635	75.0056	76.33857	75.876617	76.035393	74.636742	75.786667	74.910858	75.423096	76.921196	74.886528	75.257988	76.788933	75.273346	76.79155	75.833168	75.825279	75.887711	76.595238	76.479881	75.395088	76.700554	76.453438	75.287628	75.216728	75.087624	74.540901	75.180214
1043	76.013908	76.360603	75.921425	76.122932	75.363503	76.609711	75.956154	75.904198	76.592751	75.497154	75.784637	76.274361	75.942764	75.489998	75.23037	76.860497	74.916718	76.202568	76.914688	75.024834	75.165459	75.206345	77.04496	75.144119	76.041946	76.129097	75.498657	76.875755	75.546432	75.704285	75.470894	75.539818	76.925484	77.066391	74.990288	76.341507	75.935875	76.038208	74.650024	75.814903	74.942154	75.425446	76.962646	74.866905	75.303757	76.815414	75.301704	76.770607	75.856331	75.817505	75.903915	76.639877	76.552917	75.390717	76.754509	76.468994	75.301888	75.206795	75.098228	74.5271	75.200012
1044	76.091194	76.41301	75.922348	76.109329	75.268951	76.654182	75.946892	75.893715	76.592865	75.477173	75.829079	76.280769	75.982651	75.549538	75.261856	76.954803	74.905159	76.248535	77.002022	75.032295	75.189941	75.262016	77.091362	75.129631	76.133629	76.156853	75.558403	76.956688	75.590805	75.777069	75.483276	75.597778	77.015823	77.14077	74.985947	76.346741	76.022324	76.05835	74.678955	75.865555	74.997154	75.434029	77.012619	74.856934	75.364456	76.861946	75.348602	76.736397	75.872215	75.815994	75.926414	76.701546	76.656532	75.409477	76.832603	76.507439	75.326797	75.207512	75.134872	74.495438	75.23629
1045	76.172157	76.467911	75.923302	76.095055	75.169853	76.70079	75.93718	75.882736	76.592979	75.456223	75.875648	76.287483	76.024452	75.611931	75.294861	77.053627	74.893051	76.296692	77.093521	75.040108	75.215584	75.320343	77.139977	75.114433	76.229683	76.185928	75.621002	77.041473	75.637283	75.853348	75.496254	75.658508	77.110474	77.218697	74.9814	76.352226	76.1129	76.079437	74.709259	75.918617	75.054771	75.443001	77.06498	74.846474	75.428032	76.910698	75.397751	76.700554	75.88887	75.814407	75.949982	76.766167	76.765099	75.429115	76.914436	76.547714	75.352913	75.208267	75.173279	74.462265	75.274292
1046	76.160637	76.468079	75.915878	76.119186	75.072334	76.713242	75.918556	75.871124	76.556946	75.428436	75.868248	76.282082	75.996925	75.61998	75.282654	77.078827	74.880562	76.288483	77.114296	75.013565	75.195847	75.304932	77.153671	75.057068	76.235489	76.167854	75.609467	77.075104	75.653389	75.883698	75.493996	75.653191	77.137794	77.259651	74.994797	76.37178	76.088478	76.124123	74.675606	75.937729	75.047386	75.426781	77.104179	74.804482	75.426163	76.94809	75.389053	76.704155	75.869904	75.807831	75.94474	76.800659	76.782936	75.445541	76.945213	76.568695	75.351517	75.226768	75.15377	74.402199	75.275642
1047	76.075279	76.424599	75.901726	76.174072	74.97538	76.698563	75.8927	75.858948	76.491859	75.394989	75.81778	76.266953	75.913933	75.58477	75.234314	77.045525	74.867706	76.235268	77.078812	74.95945	75.139771	75.230606	77.139626	74.965668	76.16938	76.112053	75.538742	77.068192	75.645355	75.877678	75.479607	75.595169	77.111641	77.2714	75.022614	76.402679	75.97216	76.187943	74.590721	75.929932	74.988113	75.390358	77.133179	74.737076	75.372086	76.976677	75.334183	76.739258	75.822411	75.797234	75.916496	76.811371	76.728584	75.459511	76.935509	76.574425	75.328186	75.25956	75.087967	74.320259	75.247742
1048	75.986176	76.379219	75.88694	76.231384	74.874161	76.68322	75.865692	75.846245	76.423904	75.360077	75.765099	76.251183	75.827286	75.548004	75.183861	77.01075	74.854294	76.179718	77.041763	74.902962	75.081215	75.153008	77.124939	74.870255	76.100357	76.053795	75.46492	77.060966	75.636978	75.871376	75.464577	75.534584	77.084328	77.283653	75.051651	76.434952	75.850739	76.25457	74.502098	75.921776	74.926231	75.352333	77.163429	74.666687	75.315636	77.006508	75.276901	76.775909	75.772827	75.786171	75.887009	76.822556	76.671829	75.474098	76.925369	76.580406	75.303833	75.2938	75.019279	74.234718	75.218613
1049	75.965157	76.349945	75.861946	76.264313	74.834602	76.676598	75.849434	75.850281	76.426926	75.317535	75.717751	76.238914	75.788513	75.508804	75.142357	77.004074	74.831215	76.156052	77.038078	74.881088	75.042068	75.113281	77.141365	74.808807	76.063736	76.025215	75.414978	77.074448	75.629524	75.86277	75.444901	75.50061	77.097237	77.292648	75.05349	76.455597	75.790649	76.27681	74.426445	75.917641	74.885841	75.330185	77.186996	74.621811	75.27533	77.030777	75.234673	76.808487	75.745926	75.780151	75.882118	76.853233	76.625183	75.47245	76.925125	76.602547	75.284157	75.309547	74.971703	74.162422	75.18647
1050	76.080032	76.353813	75.817665	76.247505	74.918922	76.687469	75.85511	75.88736	76.570541	75.261566	75.682953	76.234131	75.846237	75.466377	75.1203	77.053375	74.789925	76.196556	77.100662	74.928757	75.042976	75.15023	77.218712	74.817261	76.092842	76.056648	75.414467	77.128403	75.624199	75.849915	75.416786	75.520782	77.189339	77.2948	75.001282	76.452324	75.854713	76.21006	74.379616	75.921646	74.889671	75.340416	77.196281	74.629387	75.268677	77.042992	75.224014	76.831619	75.765076	75.78434	75.92617	76.921257	76.600441	75.438652	76.944473	76.655785	75.274567	75.287941	74.967957	74.119331	75.149673
1051	76.199951	76.357849	75.771454	76.22998	75.006958	76.698837	75.861046	75.926079	76.720474	75.203163	75.646606	76.229134	75.906502	75.422081	75.097275	77.104851	74.746826	76.238861	77.165993	74.978516	75.043907	75.188812	77.299461	74.82608	76.123253	76.089455	75.413933	77.184715	75.618652	75.836494	75.387436	75.541824	77.285477	77.297035	74.946793	76.448906	75.921577	76.140388	74.330719	75.925827	74.893661	75.351089	77.205978	74.637291	75.261749	77.05574	75.212883	76.855759	75.785065	75.788712	75.97216	76.992271	76.574608	75.403366	76.964691	76.711357	75.264549	75.265396	74.964043	74.074348	75.111267
1052	76.28952	76.353256	75.714905	76.202446	75.067673	76.694656	75.856003	75.939278	76.838326	75.138618	75.599144	76.21302	75.938858	75.362984	75.049118	77.145844	74.681541	76.26709	77.217255	75.001778	75.02626	75.204979	77.357552	74.811653	76.138237	76.104866	75.399307	77.225288	75.599144	75.801544	75.34565	75.534126	77.363853	77.287399	74.870819	76.43187	75.970085	76.067245	74.258636	75.921478	74.871239	75.34565	77.21048	74.626167	75.237083	77.055038	75.180908	76.868706	75.789268	75.771538	75.992928	77.03437	76.546333	75.358322	76.972649	76.752106	75.230347	75.222313	74.945137	74.015244	75.059219
1053	76.135124	76.287331	75.598595	76.109871	74.914177	76.579025	75.772827	75.764069	76.69223	75.046921	75.483727	76.120667	75.760292	75.212402	74.831581	77.10006	74.472961	76.185928	77.152901	74.826775	74.878586	75.05439	77.235863	74.632629	76.03759	75.99012	75.286346	77.140999	75.483727	75.620064	75.224861	75.320175	77.292564	77.194374	74.659546	76.320702	75.872574	75.988548	74.037735	75.856438	74.663322	75.224861	77.176132	74.480057	75.09053	76.957092	75.006355	76.796951	75.677864	75.602814	75.825562	76.855591	76.507942	75.254532	76.889702	76.67453	75.03006	75.041946	74.82254	73.869583	74.922287
1054	75.974037	76.218521	75.477211	76.01326	74.754013	76.458344	75.686028	75.581245	76.53978	74.951241	75.363281	76.024284	75.573967	75.055283	74.604591	77.052292	74.255325	76.101227	77.085732	74.644188	74.724503	74.89727	77.108887	74.445839	75.932571	75.870384	75.168465	77.053047	75.363281	75.430702	75.098801	75.096931	77.218147	77.097305	74.43911	76.204704	75.770828	75.906425	73.807236	75.788567	74.446388	75.098801	77.140266	74.327599	74.937614	76.854874	74.824234	76.722076	75.561638	75.426781	75.650917	76.669022	76.467873	75.146248	76.803139	76.593575	74.821068	74.853752	74.694618	73.71759	74.779419
1055	75.805824	76.146683	75.350471	75.912384	74.586769	76.332344	75.595398	75.390335	76.380592	74.851341	75.237518	75.923645	75.379402	74.891212	74.367569	77.002411	74.028053	76.012802	77.015594	74.453522	74.563599	74.7332	76.976303	74.250778	75.822914	75.745354	75.045387	76.961189	75.237518	75.232964	74.967178	74.863808	77.140465	76.995949	74.208923	76.08358	75.664574	75.820671	73.566559	75.717697	74.219856	74.967178	77.102829	74.168411	74.777931	76.748138	74.634071	76.64389	75.440254	75.24295	75.468536	76.474228	76.426033	75.033173	76.712746	76.509041	74.602821	74.657234	74.561043	73.558876	74.630234
1056	75.601578	76.068741	75.183556	75.671158	74.362144	76.207359	75.365227	75.244072	76.289124	74.648056	75.052261	75.802872	75.229324	74.702057	74.242477	76.858749	73.861557	75.839699	76.90274	74.256561	74.391106	74.579956	76.876205	74.104675	75.644096	75.589546	74.833908	76.815979	75.068497	75.043999	74.811844	74.674034	77.009827	76.86348	73.987183	75.957474	75.583717	75.673325	73.448273	75.475563	74.060402	74.85083	76.929817	73.968903	74.58699	76.688316	74.440666	76.555527	75.282112	75.15947	75.340858	76.400658	76.255676	74.887375	76.533585	76.319977	74.435387	74.509148	74.407364	73.380051	74.408173
1057	75.38546	75.987068	75.005798	75.405411	74.122551	76.077568	75.111046	75.096863	76.201317	74.425667	74.853348	75.675194	75.078125	74.502785	74.124504	76.699371	73.695045	75.650703	76.780869	74.051193	74.210617	74.42186	76.775681	73.958099	75.450821	75.424301	74.60463	76.659309	74.888214	74.848557	74.647858	74.481461	76.86837	76.722488	73.757645	75.825867	75.502388	75.513588	73.338493	75.205521	73.901901	74.731544	76.735458	73.75724	74.385201	76.63118	74.239319	76.462593	75.113808	75.083488	75.214035	76.337227	76.064835	74.732361	76.337875	76.112274	74.266815	74.360481	74.245491	73.192039	74.169579
1058	75.15966	75.901756	74.820068	75.127754	73.872231	75.941986	74.845497	74.943054	76.109581	74.193336	74.645531	75.541809	74.920181	74.294601	74.001236	76.532867	73.521088	75.45327	76.653549	73.836632	74.022041	74.256691	76.670662	73.804962	75.248909	75.251686	74.365105	76.495651	74.699852	74.644371	74.47654	74.280266	76.720596	76.575172	73.517838	75.688377	75.417427	75.346687	73.223801	74.923401	73.736305	74.606918	76.53241	73.536095	74.174393	76.571487	74.028969	76.365501	74.937973	75.004105	75.081535	76.270958	75.865463	74.570396	76.133392	75.895271	74.090698	74.205139	74.07637	72.995605	73.920319
1059	75.031029	75.803345	74.707184	75.021461	73.74527	75.833199	74.741486	74.868736	76.057106	74.090225	74.522865	75.496315	74.809853	74.18235	73.832855	76.436211	73.360725	75.314476	76.595131	73.691666	73.904106	74.057495	76.622353	73.655624	75.163643	75.160095	74.21212	76.415184	74.579025	74.551888	74.363121	74.143677	76.619629	76.509109	73.433777	75.580444	75.303925	75.239929	73.120323	74.807297	73.589821	74.465714	76.431839	73.431969	74.04628	76.528412	73.872437	76.288757	74.787842	74.92572	74.966057	76.239685	75.782402	74.395454	76.068565	75.825447	73.96463	74.058487	73.954979	72.864922	73.789139
1060	74.945793	75.696304	74.626419	74.994606	73.674271	75.734634	74.71228	74.830643	76.022125	74.046463	74.437988	75.491783	74.719673	74.113304	73.638824	76.370644	73.203011	75.200417	76.568268	73.576508	73.817116	73.837242	76.599998	73.504501	75.132141	75.10508	74.09687	76.372589	74.487595	74.510628	74.274673	74.034706	76.538628	76.480331	73.422226	75.484039	75.174004	75.159355	73.019737	74.767838	73.448944	74.313164	76.377899	73.381302	73.954659	76.492249	73.737869	76.219902	74.646393	74.84594	74.855927	76.224426	75.753006	74.210091	76.069	75.824356	73.859474	73.91246	73.853516	72.762527	73.711304
1061	74.856659	75.584373	74.541977	74.966507	73.600021	75.631561	74.681717	74.790817	75.98555	74.000702	74.349228	75.487045	74.625374	74.0411	73.435913	76.302086	73.038094	75.081146	76.540184	73.45607	73.726166	73.606911	76.57663	73.346481	75.099197	75.047546	73.976349	76.328041	74.391975	74.467484	74.18219	73.920753	76.453934	76.450241	73.410133	75.38324	75.038147	75.075104	72.914551	74.72657	73.301628	74.153633	76.32148	73.328331	73.858864	76.454445	73.597168	76.147903	74.498474	74.76252	74.740768	76.208458	75.722267	74.016235	76.069466	75.823219	73.749512	73.759758	73.747406	72.655472	73.629913
1062	74.760803	75.4674	74.437943	74.909096	73.508156	75.545105	74.622192	74.740799	75.902161	73.887596	74.221634	75.468704	74.545792	73.977806	73.264084	76.252571	72.933731	75.023186	76.497719	73.312286	73.622444	73.466202	76.535164	73.208122	75.071396	75.021248	73.880081	76.2939	74.284279	74.377686	74.109093	73.870209	76.379555	76.431007	73.321548	75.291786	74.92804	74.999496	72.801125	74.702278	73.180374	74.018257	76.278839	73.220383	73.776993	76.417442	73.499771	76.102783	74.380493	74.68634	74.631447	76.153984	75.720963	73.916908	76.04789	75.813934	73.622009	73.618568	73.67627	72.565674	73.549911
1063	74.657974	75.345657	74.311859	74.817627	73.396416	75.479134	74.529037	74.67923	75.76429	73.696075	74.049446	75.434517	74.484428	73.925674	73.130684	76.226059	72.901955	75.038254	76.438698	73.142365	73.504707	73.4328	76.47274	73.094437	75.049934	75.032104	73.813454	76.272408	74.163376	74.233696	74.059647	73.895065	76.318123	76.424805	73.143478	75.212303	74.849472	74.934891	72.679123	74.698288	73.09111	73.912773	76.252853	73.048576	73.712425	76.381783	73.454552	76.089874	74.29908	74.619499	74.530144	76.054611	75.754448	73.930206	76.000526	75.795135	73.47509	73.492416	73.647156	72.497208	73.472382
1064	74.550865	75.218849	74.180511	74.722359	73.280029	75.410423	74.431999	74.615112	75.620682	73.496582	73.870079	75.398903	74.420494	73.871368	72.991737	76.198448	72.868851	75.05394	76.377213	72.965363	73.38205	73.397995	76.407715	72.975998	75.027573	75.043419	73.744049	76.25	74.037445	74.083694	74.008133	73.920967	76.25412	76.41835	72.957977	75.129494	74.767616	74.867592	72.552032	74.69413	72.998138	73.802879	76.225792	72.869637	73.645164	76.344643	73.407448	76.076439	74.214264	74.549881	74.424622	75.951073	75.78933	73.944077	75.951195	75.775543	73.322037	73.361	73.616829	72.42588	73.391602
1065	74.518051	75.16658	74.132629	74.670227	73.224068	75.396095	74.374664	74.585304	75.542938	73.391273	73.782341	75.402145	74.406715	73.83828	72.89193	76.209953	72.836472	75.068886	76.351151	72.846237	73.313934	73.399979	76.39151	72.926987	74.998322	75.085442	73.715576	76.245461	73.955658	73.993782	73.990395	73.952271	76.25145	76.450768	72.837936	75.114098	74.767914	74.837822	72.479324	74.688385	72.938362	73.745766	76.237885	72.751877	73.617798	76.348495	73.399979	76.086906	74.182129	74.524513	74.36409	75.8993	75.838913	73.977539	75.915207	75.792084	73.218834	73.291656	73.585037	72.358231	73.358086
1066	74.713097	75.344437	74.341621	74.753082	73.355835	75.547806	74.442299	74.66188	75.671158	73.57991	73.979355	75.522903	74.546089	73.8722	72.918884	76.339149	72.808937	75.080338	76.434532	72.912178	73.416527	73.513321	76.524605	73.092339	74.950546	75.217148	73.813461	76.295494	74.014305	74.093201	74.076408	73.99752	76.434807	76.598457	72.925888	75.304153	75.017159	74.924263	72.577347	74.678368	72.98407	73.853188	76.367676	72.829094	73.713608	76.476204	73.513321	76.16906	74.312225	74.635323	74.444817	76.008499	75.929054	74.067734	75.922607	75.916756	73.274979	73.41597	73.551353	72.307106	73.470535
1067	74.916687	75.530121	74.559761	74.839561	73.493393	75.706161	74.512901	74.741837	75.805	73.776833	74.185036	75.648949	74.691566	73.907623	72.947021	76.474014	72.780212	75.092323	76.521561	72.98101	73.523651	73.63163	76.663544	73.264946	74.900696	75.35466	73.915665	76.347725	74.075531	74.196991	74.166229	74.044762	76.626244	76.752632	73.017708	75.502571	75.277351	75.014519	72.67968	74.667931	73.031784	73.965332	76.503166	72.909721	73.813614	76.609543	73.63163	76.254829	74.448051	74.750984	74.529091	76.122513	76.02317	74.161896	75.930367	76.046898	73.333618	73.545769	73.516197	72.253761	73.587898
1068	75.1129	75.707031	74.771233	74.925316	73.625275	75.860229	74.579704	74.817932	75.931892	73.967155	74.388603	75.768173	74.832832	73.936478	72.975067	76.604256	72.751076	75.102829	76.608887	73.048248	73.621979	73.741638	76.79866	73.426926	74.847725	75.486351	74.012962	76.400024	74.134155	74.298759	74.251625	74.09034	76.81488	76.9021	73.104134	75.693665	75.526878	75.099976	72.770111	74.655754	73.074097	74.072136	76.631859	72.986443	73.908646	76.736626	73.746475	76.336441	74.582123	74.861542	74.611923	76.233452	76.116875	74.254044	75.942223	76.171425	73.386177	73.671967	73.47625	72.194847	73.699791
1069	74.97908	75.541649	74.654739	74.920395	73.520691	75.787498	74.506935	74.744835	75.799026	73.849983	74.369034	75.637016	74.760017	73.799812	72.976631	76.521645	72.739052	75.072823	76.625618	73.022812	73.446426	73.577751	76.73381	73.219398	74.775192	75.378342	73.920265	76.408165	74.08625	74.268059	74.168068	74.060524	76.778702	76.820251	72.999367	75.561127	75.329803	75.008461	72.52681	74.617477	72.96405	73.971085	76.502487	72.912582	73.814018	76.618637	73.686676	76.258339	74.561394	74.76561	74.591759	76.181801	76.119789	74.222527	76.031723	76.06662	73.262978	73.610779	73.368912	72.068542	73.596588
1070	74.840218	75.370041	74.533859	74.915283	73.412163	75.712029	74.431435	74.668999	75.661156	73.728386	74.348724	75.500908	74.684456	73.65802	72.978256	76.435913	72.726585	75.041679	76.642982	72.996422	73.264252	73.407684	76.666519	73.004059	74.699921	75.266273	73.824081	76.416626	74.03653	74.236221	74.08136	74.029579	76.74115	76.735336	72.890648	75.423584	75.125305	74.913498	72.274353	74.577766	72.849861	73.866211	76.368233	72.83596	73.715828	76.496193	73.624619	76.177284	74.539886	74.666084	74.570816	76.128204	76.122818	74.189827	76.124596	75.957878	73.135155	73.547295	73.257523	71.937485	73.489479
1071	74.69603	75.191833	74.408325	74.909981	73.299477	75.633644	74.353027	74.59024	75.517998	73.602119	74.327629	75.359589	74.606003	73.51078	72.97995	76.346893	72.713623	75.009346	76.661011	72.969017	73.075096	73.231094	76.596657	72.780449	74.621758	75.149887	73.724205	76.4254	73.984901	74.203148	73.991325	73.997467	76.702164	76.647156	72.777763	75.280785	74.912949	74.814896	72.012192	74.53653	72.731277	73.757324	76.228828	72.756378	73.613876	76.369072	73.560181	76.093124	74.517563	74.562729	74.549088	76.07254	76.125954	74.155876	76.221046	75.844963	73.002419	73.481377	73.141869	71.801399	73.378281
1072	74.670738	75.198227	74.360535	74.878273	73.185379	75.622368	74.375168	74.599457	75.548264	73.503265	74.245987	75.29541	74.523369	73.574409	73.089508	76.404152	72.631989	74.941185	76.645271	72.88073	73.103508	73.260025	76.652893	72.74791	74.723747	75.203796	73.711426	76.508957	73.992989	74.331078	73.938522	73.954605	76.656471	76.709488	72.759796	75.248566	74.875458	74.845375	72.006569	74.551239	72.673874	73.701668	76.334251	72.693459	73.615685	76.407661	73.571671	76.159615	74.417877	74.57151	74.52124	76.059761	76.140793	74.12368	76.228149	75.831268	73.060173	73.478752	73.108467	71.717384	73.374641
1073	74.66925	75.243057	74.327293	74.840073	73.067307	75.624603	74.418831	74.627182	75.615417	73.406891	74.149147	75.245132	74.437195	73.683777	73.224907	76.493561	72.533493	74.863373	76.622025	72.777	73.17791	73.332443	76.737068	72.753891	74.866333	75.294708	73.716263	76.610672	74.01368	74.496445	73.891731	73.908119	76.607903	76.805	72.760902	75.23822	74.872955	74.903564	72.053894	74.578003	72.627296	73.655228	76.493759	72.631943	73.639038	76.481812	73.599243	76.259438	74.29895	74.603783	74.491211	76.055428	76.158524	74.090805	76.21698	75.8377	73.159241	73.489151	73.091003	71.641426	73.393166
1074	74.667717	75.289726	74.292709	74.800323	72.944435	75.626945	74.464302	74.656067	75.685341	73.306587	74.048386	75.19281	74.347519	73.797615	73.36586	76.586624	72.430984	74.78241	76.597839	72.669044	73.255348	73.407837	76.824692	72.760132	75.014778	75.389336	73.721313	76.71656	74.035233	74.668594	73.84304	73.859756	76.557365	76.904442	72.76207	75.227463	74.870369	74.964149	72.103157	74.605881	72.578835	73.606918	76.659805	72.567932	73.663368	76.558998	73.627975	76.363365	74.175179	74.637383	74.459969	76.050934	76.176987	74.056602	76.20536	75.844398	73.262367	73.499977	73.072861	71.562386	73.412468
1075	74.578499	75.255951	74.253288	74.741096	72.786179	75.586334	74.351082	74.588509	75.674858	73.187675	73.937347	75.219643	74.250702	73.753639	73.247688	76.591576	72.295036	74.747032	76.60083	72.573563	73.174713	73.328056	76.783455	72.669861	74.970749	75.308548	73.651039	76.661224	73.958099	74.599991	73.753265	73.750298	76.569717	76.855301	72.699867	75.214088	74.859627	74.928894	72.032425	74.554054	72.522087	73.541405	76.673805	72.47171	73.60659	76.587502	73.565849	76.360085	74.096611	74.548126	74.393669	76.098946	76.158592	73.918091	76.13562	75.794502	73.241745	73.382881	73.01989	71.482758	73.304352
1076	74.433212	75.171257	74.210396	74.668961	72.603897	75.518272	74.136909	74.45961	75.613762	73.055717	73.818604	75.296494	74.148293	73.610023	72.965416	76.541237	72.136536	74.739861	76.620934	72.484848	72.993866	73.149918	76.660797	72.517982	74.805336	75.116661	73.532661	76.503983	73.818085	74.379387	73.636681	73.601227	76.621712	76.712296	72.59716	75.198944	74.843636	74.833031	71.885513	74.451584	72.459488	73.464333	76.592484	72.354164	73.49823	76.585739	73.445961	76.289436	74.045555	74.380684	74.304596	76.180481	76.116829	73.712502	76.028595	75.708481	73.143188	73.184082	72.944435	71.401848	73.114983
1077	74.282715	75.083527	74.165962	74.594231	72.41507	75.447777	73.915062	74.326096	75.550476	72.919022	73.695602	75.376091	74.042213	73.461273	72.673019	76.48909	71.972343	74.732437	76.641769	72.392944	72.806549	72.965393	76.533768	72.360626	74.633995	74.917885	73.410027	76.341095	73.673065	74.150887	73.515923	73.446815	76.675568	76.564163	72.490761	75.18325	74.827072	74.733727	71.733337	74.345436	72.394653	73.384506	76.508232	72.232399	73.385994	76.583916	73.321785	76.21627	73.992661	74.207237	74.212318	76.264946	76.073578	73.499557	75.917725	75.619385	73.041084	72.978157	72.866295	71.318031	72.918831
1078	74.162125	74.980209	74.075302	74.521271	72.319893	75.390274	73.779724	74.211296	75.476822	72.818581	73.585144	75.321106	73.920738	73.317268	72.458565	76.36969	71.825356	74.679657	76.586044	72.268692	72.64196	72.824776	76.508598	72.210999	74.472702	74.772659	73.300186	76.269569	73.513916	73.961372	73.391457	73.34404	76.677589	76.460625	72.365547	75.097969	74.750595	74.65168	71.570732	74.240143	72.27253	73.238983	76.449745	72.072647	73.204529	76.504799	73.189224	76.16478	73.93576	74.051155	74.112083	76.247208	75.982574	73.383194	75.829773	75.589561	72.86335	72.784744	72.762962	71.238365	72.754417
1079	74.087029	74.856033	73.919037	74.452118	72.362335	75.352623	73.772331	74.125626	75.389343	72.772476	73.494797	75.071594	73.779007	73.18261	72.360939	76.15464	71.705849	74.561874	76.420143	72.099579	72.513206	72.75029	76.631851	72.075096	74.328728	74.707695	73.210815	76.331917	73.336952	73.831696	73.263725	73.318031	76.604317	76.42363	72.215118	74.913101	74.588455	74.596085	71.395744	74.137863	72.069305	73.000519	76.429634	71.86042	72.925636	76.314766	73.046745	76.145645	73.873985	73.922966	74.001999	76.08139	75.823746	73.409088	75.776634	75.646332	72.578804	72.612785	72.624809	71.166061	72.638916
1080	74.009392	74.727654	73.7575	74.380646	72.406197	75.313667	73.764656	74.037048	75.298912	72.7248	73.401382	74.81366	73.632477	73.043411	72.259995	75.93232	71.582291	74.440125	76.248627	71.924744	72.380089	72.673286	76.759239	71.934593	74.179871	74.640503	73.118416	76.396339	73.15403	73.697632	73.131683	73.291138	76.528564	76.385361	72.059616	74.721977	74.420815	74.538605	71.214844	74.03212	71.859215	72.754005	76.408852	71.641022	72.637337	76.118317	72.899452	76.125862	73.810135	73.790443	73.888168	75.909958	75.659561	73.435844	75.721672	75.704979	72.284653	72.435028	72.482002	71.091324	72.519485
1081	73.903435	74.589279	73.566109	74.275879	72.374428	75.248642	73.741264	73.941307	75.179359	72.675514	73.283081	74.565331	73.465508	72.90696	72.135506	75.738235	71.439651	74.307419	76.084213	71.759369	72.233673	72.55191	76.803772	71.775604	74.040741	74.536331	73.027817	76.40625	72.984985	73.554947	72.974762	73.256836	76.437775	76.329597	71.885056	74.545311	74.249527	74.464737	71.015533	73.908493	71.630814	72.543381	76.361	71.442299	72.384796	75.910423	72.733185	76.053833	73.713425	73.632851	73.744835	75.71534	75.499084	73.411423	75.636154	75.68634	72.026161	72.238625	72.344505	70.962593	72.379608
1082	73.698685	74.425507	73.278084	74.053177	72.055244	75.089493	73.65963	73.826965	74.959236	72.624603	73.080322	74.37722	73.235741	72.79393	71.932213	75.670807	71.237122	74.145088	75.962479	71.645813	72.049919	72.2715	76.525978	71.560524	73.95195	74.299866	72.952637	76.205879	72.885178	73.392464	72.737083	73.197334	76.297783	76.211807	71.653786	74.440704	74.080292	74.334877	70.764267	73.727768	71.353539	72.490349	76.213799	71.341583	72.293274	75.678131	72.509583	75.78791	73.499619	73.393806	73.50161	75.449959	75.367912	73.192757	75.441345	75.372604	71.928864	71.989098	72.240379	70.638626	72.174263
1083	73.487213	74.256363	72.980637	73.823181	71.725616	74.92514	73.575317	73.708878	74.731895	72.572029	72.870903	74.182961	72.998451	72.677193	71.72226	75.601158	71.027969	73.977448	75.836754	71.528542	71.860153	71.981911	76.239105	71.338417	73.860245	74.055649	72.875008	75.998947	72.78212	73.22467	72.491631	73.13588	76.153221	76.090164	71.41494	74.332664	73.905495	74.200768	70.504776	73.541138	71.067184	72.43557	76.06176	71.237587	72.198776	75.438217	72.278656	75.51329	73.278816	73.146935	73.25042	75.175896	75.23246	72.966934	75.240158	75.048599	71.8284	71.731392	72.132828	70.30407	71.962204
1084	73.271057	74.084213	72.679123	73.588631	71.387558	74.756035	73.488991	73.586533	74.499809	72.517006	72.657631	73.985481	72.757355	72.557274	71.507446	75.529472	70.813408	73.805351	75.706573	71.408287	71.666489	71.686356	75.945992	71.110603	73.764595	73.804794	72.793617	75.787392	72.676819	73.052788	72.241249	73.070976	76.005455	75.965462	71.170692	74.222725	73.727921	74.062065	70.239677	73.350677	70.775604	72.37899	75.907135	71.130768	72.102821	75.192871	72.042801	75.232857	73.05201	72.89537	72.993904	74.89743	75.093353	72.735153	75.035027	74.718513	71.725433	71.468018	72.022072	69.962318	71.745407
1085	73.254486	74.137993	72.885445	73.621468	71.263687	74.64492	73.469788	73.430519	74.510254	72.399597	72.712524	74.069061	72.870575	72.497192	71.473717	75.481766	70.730202	73.728561	75.548553	71.366585	71.679482	71.705994	75.936783	71.026123	73.586418	73.677643	72.605347	75.769196	72.675392	73.007362	72.270256	72.881104	75.997231	75.92511	71.143867	74.259972	73.813454	73.907784	70.234917	73.366913	70.8554	72.322197	75.966492	71.078094	72.154648	75.164642	72.043274	75.236771	72.93734	72.94799	72.997826	75.02787	75.025696	72.634003	75.067085	74.795578	71.695381	71.452499	71.940361	69.959167	71.728256
1086	73.237335	74.193626	73.098846	73.655441	71.135559	74.530006	73.449944	73.269142	74.521057	72.278168	72.769318	74.155518	72.987686	72.435051	71.438812	75.432411	70.64415	73.649124	75.385124	71.323456	71.692932	71.726311	75.927246	70.938736	73.402115	73.546127	72.410622	75.750389	72.67392	72.960365	72.30024	72.684708	75.988731	75.883362	71.116112	74.298485	73.901924	73.748199	70.22998	73.383713	70.937935	72.263443	76.027893	71.023605	72.20826	75.135468	72.043755	75.240829	72.818718	73.002411	73.001884	75.162796	74.955719	72.529396	75.100243	74.875298	71.664276	71.436447	71.855873	69.955894	71.710533
1087	73.219604	74.251205	73.319679	73.69059	71.00296	74.411057	73.429398	73.102142	74.532242	72.152489	72.828072	74.245003	73.108887	72.370728	71.402702	75.381348	70.555077	73.566933	75.215965	71.278816	71.706856	71.747322	75.917381	70.848289	73.21138	73.410004	72.209091	75.730919	72.672394	72.911743	72.331276	72.481445	75.979942	75.840164	71.087395	74.338333	73.993492	73.583054	70.224884	73.401093	71.023354	72.202652	76.091431	70.967224	72.263756	75.105263	72.04425	75.245041	72.695961	73.058731	73.006088	75.302414	74.883293	72.42112	75.134567	74.957794	71.632111	71.419838	71.768417	69.952515	71.692192
1088	73.17907	74.098358	73.182632	73.591003	70.870865	74.37001	73.272934	72.934433	74.453941	71.949585	72.63192	74.109077	73.019371	72.139618	71.176445	75.327591	70.485184	73.491013	75.14238	71.135124	71.542229	71.686348	75.813751	70.631599	73.152779	73.225235	72.008003	75.746414	72.537537	72.786491	72.188087	72.272522	75.786217	75.750504	70.928505	74.166977	73.833588	73.480301	70.02298	73.299965	70.821892	72.120232	76.02037	70.753265	72.022804	75.105919	71.897034	75.216606	72.633965	72.977295	72.903076	75.23703	74.830177	72.278374	75.100037	74.877106	71.462891	71.288673	71.600639	69.763824	71.574608
1089	73.132019	73.890343	72.954361	73.456047	70.736015	74.347282	73.079567	72.762939	74.351868	71.723244	72.36866	73.914635	72.875977	71.862373	70.898407	75.271996	70.418488	73.415024	75.090782	70.96389	71.330002	71.603828	75.684784	70.379082	73.125496	73.024452	71.802658	75.770874	72.366882	72.639656	71.99884	72.057663	75.542679	75.647446	70.734093	73.939827	73.608223	73.390709	69.768181	73.167427	70.545319	72.030693	75.914589	70.495827	71.703537	75.114189	71.710213	75.179535	72.585579	72.86013	72.771385	75.119675	74.78067	72.124031	75.047813	74.75444	71.256218	71.126427	71.409431	69.525337	71.430031
1090	73.083572	73.676064	72.719254	73.317047	70.597115	74.32386	72.880402	72.586288	74.24675	71.49012	72.097504	73.714371	72.728279	71.576813	70.612022	75.214729	70.349808	73.336739	75.037621	70.787521	71.111427	71.518829	75.551949	70.118973	73.097389	72.81765	71.591171	75.796066	72.191109	72.488419	71.803925	71.836372	75.291862	75.54129	70.533836	73.705864	73.376106	73.298439	69.50576	73.030922	70.26046	71.938469	75.805634	70.230667	71.374702	75.122726	71.517776	75.141335	72.535759	72.739456	72.63575	74.998802	74.729683	71.965057	74.994011	74.62809	71.04335	70.95932	71.212486	69.279709	71.281097
1091	73.001343	73.616951	72.537575	73.137238	70.553032	74.246063	72.769501	72.511307	74.173386	71.298073	71.992752	73.564156	72.69577	71.381348	70.483452	75.122963	70.251503	73.240578	74.979675	70.535973	71.010422	71.373955	75.458176	70.038696	72.993927	72.707314	71.556458	75.700516	72.028481	72.389008	71.689156	71.745071	75.169395	75.458176	70.321014	73.504036	73.281754	73.162552	69.296577	72.971878	70.019569	71.832466	75.618271	70.098732	71.185341	75.03125	71.346565	75.103004	72.43956	72.599739	72.539719	74.871078	74.644485	71.862007	74.914299	74.558105	70.931366	70.894508	71.095772	69.05835	71.099907
1092	72.895615	73.661041	72.389717	72.928169	70.571922	74.13105	72.716476	72.503563	74.120491	71.1315	71.998253	73.445854	72.740005	71.244141	70.459137	75.007149	70.132355	73.131462	74.917892	70.231407	70.987038	71.187439	75.389557	70.077927	72.838905	72.660385	71.639671	75.523155	71.87294	72.323204	71.626854	71.739807	75.131554	75.389557	70.097511	73.321594	73.278633	72.99604	69.120842	72.964081	69.80558	71.71611	75.376434	70.054543	71.087311	74.871895	71.187752	75.064156	72.311302	72.445801	72.46917	74.737373	74.535477	71.795296	74.816391	74.525063	70.885712	70.897476	71.031532	68.850922	70.895203
1093	72.786659	73.706482	72.237312	72.712708	70.591393	74.012497	72.661827	72.495598	74.065994	70.959801	72.003937	73.323929	72.785599	71.102707	70.434067	74.887772	70.009537	73.018974	74.854202	69.917511	70.962944	70.995209	75.318848	70.118362	72.679138	72.612015	71.725464	75.340347	71.712624	72.255394	71.562637	71.73439	75.092567	75.318848	69.867165	73.133568	73.275406	72.824417	68.939705	72.956039	69.585022	71.596191	75.127182	70.009018	70.986298	74.707626	71.024055	75.024117	72.1791	72.28714	72.396477	74.599594	74.423126	71.726517	74.715492	74.491028	70.838661	70.900543	70.965317	68.637123	70.684219
1094	72.651588	73.681404	72.07621	72.587296	70.561996	73.892609	72.565002	72.411308	73.994087	70.876083	72.000008	73.189629	72.759026	70.981392	70.33519	74.789581	69.923889	72.912735	74.843254	69.73954	70.932861	70.803833	75.296982	70.108253	72.602211	72.503838	71.726921	75.18512	71.547112	72.139656	71.481392	71.624023	75.058975	75.186691	69.727608	73.038788	73.206802	72.720154	68.783646	72.856102	69.458946	71.502266	74.966431	69.895638	70.912712	74.638023	70.915695	74.971672	72.012047	72.238747	72.361916	74.539513	74.374596	71.637383	74.630615	74.371025	70.722511	70.865723	70.873955	68.489578	70.509758
1095	72.480164	73.551819	71.905121	72.598251	70.460403	73.772903	72.407188	72.214981	73.897598	70.924835	71.981834	73.039406	72.625549	70.892227	70.128273	74.724754	69.895119	72.817764	74.910942	69.767143	70.894386	70.617264	75.348213	70.023132	72.649971	72.308632	71.602882	75.07383	71.376915	71.954689	71.376343	71.35952	75.034042	74.9655	69.725761	73.084526	73.042137	72.718063	68.667755	72.621231	69.475815	71.448746	74.940392	69.683372	70.881317	74.710556	70.891655	74.901733	71.796234	72.355354	72.384796	74.596191	74.421951	71.519562	74.571182	74.125275	70.505646	70.775146	70.746849	68.443367	70.392891
1096	72.304527	73.419037	71.729813	72.609489	70.3563	73.650269	72.245483	72.013832	73.798744	70.974792	71.963219	72.88549	72.488785	70.800858	69.916267	74.658325	69.865654	72.720444	74.980309	69.795433	70.854965	70.426109	75.400719	69.935898	72.698914	72.108635	71.475761	74.959793	71.20253	71.76516	71.268692	71.088501	75.008499	74.738884	69.723877	73.131409	72.873428	72.715935	68.549004	72.380569	69.493088	71.39389	74.913696	69.465889	70.849159	74.784866	70.867035	74.83007	71.575081	72.474823	72.408218	74.654266	74.470451	71.398834	74.510277	73.873474	70.283455	70.682343	70.616615	68.396019	70.273125
1097	72.132614	73.263672	71.542786	72.557274	70.203476	73.517929	72.086281	71.833969	73.659821	70.967552	71.881279	72.717255	72.309479	70.65403	69.705307	74.540176	69.749382	72.59256	74.982933	69.785294	70.777428	70.237457	75.382309	69.81543	72.673866	71.900688	71.344879	74.80545	71.025208	71.594276	71.112671	70.807549	74.925293	74.527847	69.676468	73.111778	72.703003	72.667686	68.412621	72.16304	69.467247	71.257774	74.82457	69.220772	70.756378	74.786346	70.791672	74.698242	71.372078	72.494759	72.357407	74.632812	74.442673	71.271355	74.438446	73.631294	70.0616	70.573029	70.443169	68.277885	70.143219
1098	71.987244	73.03511	71.325577	72.271187	69.879265	73.359024	71.948181	71.747078	73.380974	70.746559	71.568092	72.507767	71.984009	70.31012	69.513794	74.236908	69.316444	72.359581	74.735466	69.63208	70.562729	70.072105	75.099701	69.579323	72.373451	71.678284	71.209457	74.511482	70.849899	71.505814	70.786873	70.509964	74.632111	74.390671	69.462112	72.844444	72.538734	72.450325	68.220169	72.048111	69.2817	70.827194	74.508064	68.890099	70.443359	74.514908	70.531761	74.350708	71.251953	72.140274	72.032249	74.315041	74.131226	71.127907	74.330902	73.442909	69.857307	70.409866	70.120529	67.903259	69.984787
1099	71.839973	72.803513	71.105484	71.981308	69.550766	73.19799	71.808235	71.659027	73.098442	70.522636	71.250763	72.295494	71.654221	69.961655	69.319717	73.929634	68.877777	72.123512	74.484703	69.476814	70.345192	69.904541	74.813324	69.340073	72.069046	71.452919	71.07222	74.213623	70.672272	71.416168	70.456779	70.20845	74.335052	74.251686	69.244896	72.573563	72.372269	72.230064	68.025139	71.931633	69.093704	70.390923	74.18737	68.555054	70.12619	74.239876	70.268402	73.998558	71.130211	71.781113	71.702782	73.993073	73.815643	70.982529	74.221924	73.252037	69.650314	70.244545	69.793625	67.523666	69.824257
1100	71.684921	72.569183	70.881447	71.688393	69.216316	73.026817	71.656334	71.562538	72.810791	70.294312	70.929832	72.077988	71.321915	69.613716	69.121536	73.617905	68.436806	71.883446	74.227997	69.31295	70.122215	69.728973	74.520149	69.093285	71.761559	71.22628	70.927849	73.911057	70.488693	71.31662	70.124527	69.903061	74.034599	74.108917	69.021103	72.298653	72.198219	72.006989	67.826057	71.809288	68.899727	69.952759	73.861351	68.219124	69.806114	73.96244	69.999992	73.643845	71.000519	71.418022	71.369476	73.667297	73.495361	70.829903	74.10495	73.056389	69.434837	70.070175	69.463081	67.138	69.659126
1101	71.267303	72.349075	70.610268	71.431335	68.809952	72.492561	71.047615	71.137466	72.46035	70.00106	70.635643	71.751556	71.073051	69.497292	68.852913	73.28923	68.153885	71.603165	73.852577	68.852913	69.783333	69.291267	74.090782	68.648849	71.496758	71.07695	70.541916	73.574326	70.141624	70.823082	69.892677	69.602722	73.75885	73.878937	68.630302	72.00248	71.779861	71.787697	67.559311	71.490898	68.547325	69.690582	73.486458	68.043579	69.544144	73.740311	69.661293	73.383949	70.5839	71.092545	71.059372	73.361488	73.151581	70.43647	73.691475	72.759117	68.959328	69.586113	69.163368	66.704048	69.38208
1102	70.850906	72.129601	70.339874	71.175018	68.404747	71.959862	70.440659	70.713608	72.110931	69.708626	70.342308	71.426079	70.824875	69.381195	68.585068	72.961517	67.871788	71.3237	73.47821	68.39418	69.445412	68.85482	73.662636	68.205711	71.232704	70.92804	70.157089	73.238548	69.79557	70.330978	69.661514	69.303253	73.483894	73.649612	68.240623	71.707146	71.362724	71.569031	67.293343	71.173409	68.195938	69.429161	73.112625	67.868515	69.282928	73.518806	69.323555	73.124794	70.168488	70.768021	70.750137	73.056564	72.808777	70.044174	73.27919	72.462692	68.485176	69.103424	68.864532	66.271362	69.105835
1103	70.435699	71.910759	70.070259	70.919441	68.000702	71.428696	69.835449	70.290962	71.762512	69.417053	70.04982	71.101524	70.577438	69.265457	68.318001	72.634743	67.590492	71.045029	73.10495	67.936798	69.10849	68.419632	73.235741	67.76384	70.969421	70.779541	69.773392	72.903755	69.4505	69.840294	69.431	69.004646	73.209724	73.420944	67.852074	71.412682	70.94677	71.351013	67.028145	70.856842	67.845566	69.168488	72.739891	67.69397	69.022469	73.297966	68.986801	72.866394	69.754272	70.44442	70.441826	72.752525	72.46698	69.653008	72.868088	72.167137	68.012413	68.622139	68.566566	65.839912	68.830376
1104	69.986252	71.334206	69.593094	70.322647	67.542564	71.011261	69.529541	69.8106	71.278358	68.924667	69.531509	70.691261	70.06086	68.82312	67.816872	72.244652	67.157593	70.549301	72.557961	67.482895	68.543068	67.989151	72.653244	67.320724	70.408318	70.327454	69.173965	72.371735	69.04882	69.359695	68.923714	68.55941	72.740814	72.8573	67.316887	70.928993	70.403969	70.749504	66.69799	70.212952	67.379433	68.709076	72.297127	67.115265	68.570969	72.76825	68.46653	72.35392	69.181183	69.82267	69.941505	72.346191	71.88858	69.10994	72.286072	71.549805	67.642654	68.15036	68.01371	65.463646	68.278389
1105	69.540604	70.699615	69.085655	69.671631	67.084457	70.626541	69.290855	69.330055	70.778481	68.403694	68.980202	70.273537	69.502594	68.325821	67.280731	71.851135	66.704544	70.021812	71.989128	67.040459	67.945251	67.569809	72.053391	66.887863	69.800819	69.825211	68.545502	71.812782	68.645287	68.892525	68.372986	68.095352	72.243996	72.239853	66.764999	70.418823	69.848625	70.085403	66.362656	69.5187	66.901154	68.220711	71.8508	66.469276	68.091858	72.189201	67.921837	71.80265	68.589836	69.155884	69.414589	71.929001	71.276459	68.549316	71.683594	70.882614	67.302307	67.691689	67.422867	65.107361	67.684067
1106	69.106567	70.081543	68.5914	69.037537	66.638268	70.251831	69.058403	68.862022	70.291611	67.896286	68.443268	69.866684	68.958862	67.841454	66.758537	71.46785	66.263298	69.508049	71.435081	66.609535	67.362984	67.161392	71.469131	66.46627	69.209122	69.336044	67.933418	71.268387	68.252251	68.437515	67.836578	67.643372	71.760117	71.638489	66.227463	69.921944	69.307739	69.438591	66.036034	68.842522	66.43531	67.745056	71.416084	65.840096	67.625229	71.625229	67.391304	71.265739	68.013885	68.50647	68.901375	71.522667	70.680275	68.003281	71.096809	70.232765	66.970818	67.244957	66.847389	64.76033	67.105194
1107	68.417778	69.303719	67.901733	68.289909	66.125481	69.550339	68.463493	68.166595	69.554909	67.280792	67.723595	69.130112	68.271721	67.184784	66.106987	70.719406	65.609123	68.751076	70.678413	66.052315	66.696152	66.572884	70.701241	65.832939	68.454292	68.678192	67.216713	70.504829	67.540817	67.737267	67.143631	67.020409	70.979729	70.760384	65.618423	69.056824	68.641693	68.696411	65.371529	68.171379	65.796417	66.992744	70.692085	65.19825	66.979271	70.80616	66.746399	70.394989	67.413307	67.76931	68.198578	70.696419	69.938622	67.294312	70.331314	69.459045	66.289467	66.568161	66.193802	64.239212	66.399216
1108	67.624611	68.475311	67.138931	67.514709	65.599716	68.707108	67.703537	67.381454	68.718468	66.634888	66.938759	68.251785	67.538681	66.465691	65.415413	69.811073	64.871056	67.898727	69.847664	65.452614	66.013474	65.914948	69.869766	65.115456	67.646103	67.9599	66.4758	69.658836	66.692497	66.938141	66.398125	66.334305	70.07695	69.774506	64.997917	68.035263	67.938423	67.935936	64.557869	67.53167	65.093964	66.127274	69.847031	64.577324	66.266754	69.88813	66.069046	69.386116	66.825577	67.01767	67.4263	69.68483	69.152298	66.530128	69.504723	68.653397	65.453407	65.799446	65.527176	63.648933	65.6567
1109	66.880585	67.698219	66.423386	66.787514	65.106506	67.916122	66.990646	66.644958	67.93383	66.029007	66.20253	67.427856	66.851059	65.791145	64.766685	68.95903	64.178711	67.09919	69.068375	64.89006	65.373093	65.29776	69.08979	64.442406	66.88797	67.286118	65.780792	68.865242	65.896713	66.188492	65.698807	65.690704	69.230095	68.849678	64.415863	67.076965	67.278725	67.22258	63.794605	66.931602	64.435036	65.315407	69.054337	63.994843	65.598366	69.02697	65.433662	68.439728	66.274246	66.312584	66.701843	68.735924	68.414703	65.813278	68.729347	67.897659	64.669113	65.078346	64.901855	63.095211	64.96019
1110	66.110474	66.875931	65.656219	65.970314	64.4021	67.066658	66.163956	65.861473	67.06105	65.281372	65.418839	66.556633	66.005966	65.058098	64.104813	68.060577	63.489258	66.292305	68.149094	64.135468	64.615852	64.609428	68.201546	63.683498	66.095963	66.454407	64.994011	67.990295	65.104942	65.433144	64.938042	64.961464	68.333214	67.969147	63.698231	66.224503	66.51828	66.392639	63.081646	66.161049	63.741566	64.559265	68.186638	63.357388	64.835617	68.10183	64.689041	67.497681	65.562706	65.559402	65.882408	67.767632	67.536247	65.046478	67.852631	67.049248	63.899963	64.342598	64.173004	62.466301	64.21965
1111	65.331345	66.025368	64.8526	65.076736	63.488724	66.175415	65.235626	65.046875	66.115234	64.400238	64.603516	65.656082	65.012924	64.280357	63.445122	67.134491	62.819786	65.497337	67.102432	63.193661	63.752007	63.861774	67.219147	62.851231	65.287109	65.473976	64.128242	67.049667	64.336899	64.690231	64.130142	64.158409	67.404747	67.1577	62.852966	65.50634	65.668556	65.458183	62.440079	65.226784	63.028126	63.881367	67.259903	62.676685	63.990517	67.130852	63.845676	66.583405	64.697014	64.77314	64.981331	66.802322	66.528442	64.244972	66.888885	66.122353	63.165855	63.609219	63.351135	61.772274	63.450169
1112	64.631294	65.261147	64.130554	64.273865	62.668049	65.374657	64.401535	64.314964	65.265442	63.608551	63.87096	64.846954	64.120689	63.58157	62.852375	66.302414	62.218277	64.783081	66.162018	62.347473	62.975864	63.190018	66.336472	62.103443	64.560371	64.593071	63.350361	66.204529	63.646805	64.02272	63.404243	63.436871	66.570511	66.428627	62.09351	64.861084	64.905098	64.618591	61.863636	64.38736	62.387115	63.272278	66.427246	62.065083	63.231194	66.258446	63.087929	65.761932	63.919197	64.066711	64.171722	65.935013	65.62294	63.52483	66.022964	65.289566	62.506271	62.950283	62.612694	61.148697	62.758785
1113	63.894688	64.493614	63.396923	63.50248	61.882053	64.566025	63.587917	63.556141	64.43	62.81535	63.159538	64.069626	63.292675	62.863052	62.194675	65.445786	61.601292	63.997566	65.237427	61.58387	62.190353	62.518597	65.460197	61.40591	63.780499	63.762928	62.601089	65.35025	62.920971	63.287121	62.689346	62.69669	65.691826	65.626694	61.35252	64.13784	64.074295	63.780422	61.241138	63.554703	61.70274	62.622845	65.570221	61.427731	62.470974	65.330215	62.350803	64.932098	63.136536	63.330414	63.372349	65.042175	64.732445	62.780636	65.118912	64.451752	61.842941	62.271255	61.908001	60.547901	62.070103
1114	62.993729	63.634289	62.556362	62.718498	61.089146	63.650726	62.731869	62.652565	63.535744	61.931759	62.418385	63.279747	62.520687	62.020683	61.316299	64.439125	60.881252	62.963017	64.247658	60.925358	61.297291	61.774296	64.502472	60.746799	62.793602	62.957829	61.835064	64.381401	62.033821	62.315166	61.921181	61.832737	64.61512	64.57029	60.572479	63.157051	62.998451	62.853657	60.445068	62.646233	60.844208	61.809967	64.563484	60.661636	61.625313	64.172592	61.580021	63.992138	62.256969	62.445145	62.508728	63.99308	63.77861	61.899845	64.028519	63.510651	61.098297	61.471855	61.203175	59.9333	61.312057
1115	62.227894	62.903847	61.84185	62.052078	60.415154	62.872696	62.004208	61.884499	62.775604	61.180664	61.78838	62.60833	61.864471	61.304634	60.569645	63.583435	60.269188	62.083607	63.406326	60.365604	60.538166	61.141617	63.688385	60.186531	61.954708	62.273468	61.183922	63.557846	61.279709	61.488979	61.268215	61.098335	63.699879	63.672321	59.90942	62.323349	62.083942	62.06588	59.768383	61.874016	60.114414	61.118996	63.707733	60.010426	60.906471	63.188576	60.924824	63.193138	61.509293	61.692631	61.774624	63.101315	62.967812	61.151146	63.10165	62.710678	60.465328	60.792328	60.604053	59.410858	60.667686
1116	61.558014	62.253654	61.216354	61.461235	59.83947	62.179764	61.359638	61.207779	62.101448	60.521023	61.221462	62.004326	61.275143	60.671169	59.924244	62.820667	59.731007	61.322372	62.656166	59.863007	59.884243	60.570599	62.958504	59.689629	61.226265	61.65889	60.599339	62.819641	60.61713	60.769337	60.684849	60.456741	62.886673	62.879509	59.336002	61.592205	61.292259	61.367477	59.178307	61.189987	59.483742	60.502888	62.939667	59.439953	60.266548	62.328869	60.339069	62.477638	60.852783	61.027191	61.118156	62.31897	62.244045	60.49847	62.28611	61.999172	59.901981	60.190304	60.065468	58.937168	60.093857
1117	60.888786	61.48978	60.586094	60.790379	59.40472	61.361771	60.633652	60.481983	61.333935	59.834957	60.494263	61.231361	60.530861	59.965813	59.357376	61.91367	59.164707	60.642647	61.762215	59.229149	59.33305	59.821594	62.048901	59.123718	60.552563	60.882862	59.862793	61.901176	59.925045	60.080887	59.978092	59.823563	61.945885	62.012737	58.829586	60.842316	60.584785	60.575134	58.607113	60.419739	58.931286	59.768547	61.974155	58.861141	59.514069	61.480129	59.625416	61.594318	60.171181	60.289097	60.316711	61.513668	61.373161	59.868725	61.422478	61.168892	59.240978	59.51123	59.379936	58.294338	59.416981
1118	60.344303	60.868298	60.073326	60.244579	59.051018	60.696274	60.043007	59.891479	60.709499	59.276791	59.902615	60.602497	59.925312	59.391953	58.896179	61.175739	58.703976	60.08963	61.034912	58.713444	58.884609	59.212208	61.308861	58.663315	60.004444	60.251503	59.263557	61.153919	59.361969	59.520775	59.403072	59.308426	61.180477	61.307545	58.417576	60.232224	60.009186	59.930485	58.142399	59.793068	58.481819	59.171097	61.188625	58.390244	58.901875	60.789604	59.044815	60.875668	59.61665	59.688602	59.66468	60.85849	60.664635	59.356369	60.719841	60.493393	58.70319	58.958752	58.822208	57.771336	58.866291
1119	59.892673	60.352795	59.647987	59.79184	58.757633	60.144253	59.553074	59.401669	60.191536	58.813793	59.411854	60.080864	59.423023	58.915932	58.513611	60.563648	58.321815	59.630913	60.43161	58.285679	58.512627	58.706726	60.695011	58.28141	59.549789	59.727798	58.766495	60.534084	58.894909	59.056168	58.926117	58.881123	60.545582	60.722595	58.075817	59.726162	59.531731	59.39576	57.75692	59.273254	58.10899	58.675529	60.537041	57.999622	58.394058	60.216827	58.563202	60.279552	59.156673	59.190495	59.123825	60.315025	60.076923	58.93137	60.137016	59.93306	58.257114	58.500473	58.359573	57.337517	58.4095
1120	59.476143	59.844173	59.214378	59.349335	58.461983	59.69944	59.090126	59.035843	59.662819	58.462437	58.914139	59.557693	59.007854	58.540524	58.160355	59.987511	57.995327	59.216709	59.879597	57.943581	58.196266	58.341927	60.097988	57.956398	59.072174	59.183102	58.363132	59.949978	58.486439	58.657528	58.534222	58.479912	59.97702	60.097046	57.761776	59.208763	59.056557	58.94212	57.486271	58.861248	57.753139	58.289009	59.955109	57.689049	58.08065	59.665607	58.165939	59.697075	58.679188	58.737228	58.676159	59.723175	59.538353	58.49971	59.592892	59.41621	57.880394	58.111393	58.009773	57.107044	58.039833
1121	59.137726	59.427906	58.858299	58.987541	58.219505	59.343929	58.712994	58.746464	59.228611	58.183891	58.50565	59.128815	58.67495	58.241314	57.87331	59.51836	57.732452	58.880997	59.431492	57.670422	57.941658	58.054798	59.610111	57.694824	58.678818	58.73494	58.040436	59.474285	58.156593	58.336376	58.220215	58.153297	59.516632	59.580963	57.506729	58.783768	58.667328	58.577164	57.274128	58.532654	57.462929	57.981419	59.484047	57.441254	57.840137	59.215691	57.84745	59.220852	58.286392	58.369522	58.317123	59.234058	59.101105	58.145393	59.150208	58.996277	57.577503	57.798351	57.73259	56.935265	57.744217
1122	58.860661	59.087097	58.56678	58.691319	58.020966	59.052849	58.404221	58.509533	58.8731	57.955826	58.1712	58.777672	58.402382	57.996346	57.638287	59.134251	57.51722	58.606129	59.064613	57.446774	57.733208	57.819714	59.210663	57.480667	58.356754	58.368023	57.77623	59.084808	57.886551	58.073425	57.963108	57.885887	59.139706	59.158421	57.29792	58.435814	58.348648	58.278351	57.100433	58.263611	57.22533	57.729584	59.098362	57.238377	57.64323	58.847301	57.586693	58.83094	57.96479	58.068474	58.023155	58.833591	58.743114	57.855297	58.787769	58.652473	57.329517	57.542038	57.505642	56.794613	57.502174
1123	58.654984	58.842152	58.366024	58.495331	57.884048	58.797783	58.199467	58.287872	58.619499	57.80024	57.977856	58.491306	58.19558	57.833817	57.465385	58.862095	57.363998	58.371483	58.785004	57.327133	57.582115	57.639324	58.845955	57.333458	58.12822	58.097935	57.645329	58.78178	57.688511	57.864616	57.776005	57.671852	58.80975	58.834641	57.159519	58.193855	58.103336	58.053505	56.994003	58.025581	57.061417	57.550514	58.764915	57.063389	57.484871	58.563858	57.387428	58.507366	57.712589	57.799698	57.8018	58.522518	58.430473	57.653416	58.475304	58.349884	57.161488	57.362289	57.326336	56.706554	57.319618
1124	58.495827	58.655785	58.216869	58.35313	57.782219	58.584976	58.050694	58.09824	58.427322	57.685257	57.849972	58.259541	58.033775	57.715672	57.332207	58.656631	57.248028	58.177803	58.565754	57.252914	57.466637	57.497406	58.536762	57.224186	57.955551	57.889843	57.569824	58.541782	57.536221	57.697643	57.63269	57.500084	58.534588	58.580093	57.058983	58.013081	57.910042	57.878296	56.920551	57.826221	56.939514	57.415051	58.488232	56.918327	57.35751	58.340569	57.23098	58.243473	57.512112	57.573772	57.629269	58.276325	58.169998	57.502514	58.216351	58.097	57.037807	57.227345	57.183296	56.644882	57.177216
1125	58.364071	58.501518	58.093407	58.23542	57.697929	58.408821	57.927544	57.941269	58.268238	57.59008	57.74411	58.067684	57.899845	57.617874	57.221954	58.486549	57.152027	58.017475	58.384258	57.191467	57.371056	57.379932	58.280815	57.133736	57.812614	57.717587	57.507317	58.343113	57.410145	57.559425	57.514053	57.357883	58.306808	58.369385	56.975758	57.863449	57.750034	57.733269	56.859745	57.661194	56.838596	57.302917	58.259201	56.798256	57.252079	58.155727	57.101463	58.025021	57.346146	57.386761	57.486446	58.072533	57.954372	57.377602	58.001984	57.887669	56.935417	57.115627	57.064884	56.593819	57.05933
1126	58.289032	58.40733	58.041336	58.15419	57.628323	58.304192	57.863884	57.869946	58.16692	57.5392	57.683147	57.957333	57.795124	57.555229	57.17979	58.350521	57.101162	57.912041	58.258717	57.15052	57.304592	57.309788	58.138771	57.078026	57.714325	57.631176	57.438133	58.204079	57.359581	57.470695	57.408951	57.289524	58.159821	58.211517	56.927254	57.751644	57.634037	57.635082	56.811203	57.543713	56.784966	57.202744	58.089584	56.748497	57.160221	58.013893	57.036369	57.889782	57.237904	57.275494	57.392235	57.935684	57.812965	57.278698	57.866753	57.741253	56.865673	57.050751	56.98753	56.550426	56.978958
1127	58.253616	58.355503	58.038097	58.099277	57.570221	58.249779	57.841419	57.857426	58.106583	57.519089	57.653584	57.903988	57.712471	57.51754	57.183987	58.24057	57.081593	57.845783	58.173573	57.124233	57.259171	57.2729	58.076107	57.046844	57.648212	57.60408	57.366234	58.108212	57.360535	57.417137	57.315475	57.272011	58.07029	58.092796	56.903053	57.667835	57.550232	57.570518	56.772022	57.460819	56.764126	57.113033	57.963764	56.746788	57.079685	57.904221	57.015781	57.813316	57.170795	57.217419	57.332737	57.846821	57.724495	57.199566	57.787575	57.640392	56.819386	57.018661	56.93943	56.513214	56.92556
1128	58.223198	58.310997	58.035332	58.052128	57.520336	58.203064	57.82214	57.846684	58.054768	57.501816	57.628216	57.858181	57.641495	57.485188	57.187599	58.146149	57.064796	57.788883	58.100456	57.101673	57.220181	57.241226	58.022301	57.020061	57.591431	57.580818	57.304485	58.02589	57.361366	57.37114	57.235207	57.256977	57.993401	57.990837	56.882278	57.59586	57.478268	57.515083	56.738396	57.389633	56.746246	57.035995	57.855713	56.745331	57.010525	57.81004	56.998104	57.747662	57.113171	57.167561	57.281643	57.770504	57.648529	57.131622	57.719582	57.553776	56.779648	56.991112	56.898125	56.481258	56.879704
1129	58.205544	58.270626	58.014668	58.019108	57.492905	58.151371	57.79879	57.829018	58.015823	57.483517	57.607616	57.823135	57.59996	57.453178	57.184242	58.071838	57.044037	57.736813	58.03796	57.070396	57.189663	57.215775	57.964104	56.997913	57.540012	57.551056	57.254028	57.947998	57.342262	57.32954	57.185658	57.234848	57.91964	57.910683	56.868507	57.531662	57.420605	57.458378	56.716049	57.335545	56.729233	56.993073	57.763542	56.736534	56.96122	57.733994	56.974869	57.676498	57.067333	57.122166	57.238495	57.692032	57.586704	57.071232	57.640629	57.4785	56.751228	56.95219	56.855721	56.457375	56.838886
1130	58.204506	58.2318	57.965576	58.003014	57.495171	58.086658	57.766922	57.799294	57.991283	57.461655	57.591702	57.799866	57.596745	57.418106	57.170341	58.018589	57.015175	57.68597	57.983982	57.022961	57.168102	57.196564	57.892998	56.98003	57.490643	57.508503	57.214401	57.867867	57.291954	57.289738	57.175369	57.199894	57.842194	57.85339	56.863403	57.471645	57.377357	57.393509	56.707699	57.300354	56.711586	56.995125	57.684254	56.716049	56.935371	57.675915	56.940945	57.589371	57.033585	57.078217	57.202118	57.601643	57.538639	57.015133	57.53688	57.411366	56.736141	56.892353	56.806976	56.442589	56.800854
1131	58.203568	58.196758	57.921272	57.988495	57.497227	58.028263	57.738159	57.772465	57.969139	57.441925	57.577335	57.778854	57.593842	57.386452	57.157795	57.970531	56.989128	57.640087	57.935272	56.980145	57.14864	57.17923	57.828827	56.96389	57.446087	57.470112	57.178635	57.795555	57.246559	57.253815	57.166092	57.168346	57.772301	57.801682	56.858803	57.417488	57.338326	57.334965	56.700153	57.268589	56.69566	56.996979	57.612705	56.697567	56.912041	57.623501	56.910316	57.510738	57.003124	57.038559	57.1693	57.520073	57.495262	56.964504	57.443256	57.350777	56.722534	56.838345	56.762993	56.429249	56.766529
1132	58.207489	58.174854	57.895638	57.978226	57.508701	57.99501	57.724339	57.755898	57.957542	57.432961	57.569321	57.766567	57.590847	57.368118	57.152885	57.929886	56.977417	57.607166	57.898743	56.959652	57.135303	57.164989	57.785397	56.957954	57.417686	57.443405	57.158123	57.742287	57.210583	57.226074	57.159775	57.14386	57.722218	57.75774	56.856068	57.376663	57.313519	57.29406	56.696056	57.242374	56.688541	57.000393	57.560738	56.681824	56.898956	57.580799	56.890171	57.450912	56.982613	57.010853	57.143654	57.462234	57.461376	56.92886	57.374168	57.304085	56.712578	56.800854	56.73645	56.42627	56.741028
1133	58.231323	58.196301	57.933323	57.980972	57.560081	58.047466	57.763367	57.773354	57.982655	57.462387	57.583076	57.783733	57.586575	57.394928	57.175671	57.904488	57.016922	57.613365	57.897083	57.018177	57.141113	57.158005	57.807518	56.989265	57.44207	57.452919	57.189495	57.744843	57.199104	57.220715	57.162743	57.138546	57.731853	57.729347	56.859581	57.373798	57.335258	57.307594	56.703888	57.228947	56.712933	57.010929	57.567089	56.67149	56.920952	57.561523	56.903679	57.443871	56.993633	57.02002	57.137245	57.476692	57.452953	56.939144	57.376816	57.295536	56.713413	56.814583	56.768272	56.462074	56.741096
1134	58.253922	58.216625	57.96904	57.983578	57.608772	58.097179	57.800354	57.789906	58.006454	57.490273	57.596111	57.800014	57.582535	57.420338	57.197273	57.880421	57.054363	57.61924	57.895515	57.073639	57.146626	57.151394	57.828476	57.018936	57.465179	57.461937	57.219227	57.747269	57.188225	57.215645	57.165562	57.133503	57.740993	57.702438	56.862915	57.371086	57.355858	57.320423	56.711304	57.216228	56.736038	57.02092	57.573116	56.661701	56.941795	57.543266	56.91647	57.437195	57.004078	57.028698	57.131176	57.490395	57.444977	56.948887	57.37933	57.287437	56.714214	56.827599	56.798428	56.496014	56.741165
1135	58.276073	58.236198	58.003139	57.987095	57.654697	58.144497	57.835533	57.806293	58.029163	57.517097	57.608879	57.81588	57.579811	57.444656	57.218369	57.858807	57.090187	57.625534	57.894665	57.126175	57.152645	57.146244	57.848663	57.0471	57.487404	57.471012	57.247753	57.750694	57.17923	57.212048	57.168938	57.129467	57.750332	57.678024	56.866806	57.369221	57.375751	57.333111	56.719063	57.205326	56.75835	57.030998	57.579559	56.653797	56.961815	57.526749	56.928963	57.431488	57.014759	57.037647	57.125698	57.5037	57.437908	56.958626	57.38237	57.28054	56.7155	56.840317	56.827229	56.52837	56.741852
1136	58.344479	58.27433	58.050011	58.058727	57.6819	58.200039	57.87505	57.867653	58.059353	57.567352	57.646835	57.859726	57.649837	57.482399	57.278095	57.917534	57.144184	57.678665	57.935585	57.171577	57.210033	57.214973	57.888039	57.07494	57.52877	57.514606	57.295883	57.827007	57.256813	57.288235	57.217957	57.174831	57.803101	57.727509	56.918175	57.413952	57.418369	57.379276	56.774132	57.271351	56.804775	57.080532	57.633209	56.736217	56.997784	57.56358	56.964279	57.467331	57.075733	57.092224	57.139355	57.53669	57.46447	57.000778	57.427986	57.325245	56.752171	56.877636	56.867771	56.570198	56.783348
1137	58.411385	58.311619	58.095867	58.128784	57.708515	58.25436	57.913715	57.927673	58.088898	57.616501	57.683968	57.902615	57.718342	57.519329	57.336529	57.974972	57.196991	57.73064	57.975609	57.215988	57.266171	57.282204	57.926559	57.102173	57.569237	57.557255	57.342972	57.901657	57.332684	57.362759	57.2659	57.219208	57.854713	57.775902	56.968414	57.45771	57.460052	57.424427	56.827991	57.335918	56.850197	57.128979	57.685684	56.816833	57.032974	57.599609	56.998817	57.502388	57.13538	57.145607	57.152714	57.568962	57.490444	57.042004	57.472599	57.368958	56.788033	56.91415	56.907433	56.611115	56.82394
1138	58.476822	58.348095	58.140694	58.197315	57.734535	58.307491	57.951527	57.986366	58.117779	57.664566	57.72028	57.944553	57.785332	57.555424	57.393658	58.031147	57.248634	57.781471	58.01474	57.259411	57.321064	57.347946	57.96423	57.128811	57.608803	57.598961	57.389023	57.974667	57.406895	57.435631	57.312786	57.262589	57.905186	57.823227	57.017548	57.5005	57.500809	57.468582	56.880665	57.399075	56.894608	57.176357	57.737003	56.895668	57.067371	57.63483	57.032593	57.536674	57.19371	57.197815	57.165764	57.60051	57.515846	57.082314	57.516224	57.41172	56.823112	56.949848	56.946205	56.651127	56.863617
1139	58.52877	58.426399	58.194935	58.242329	57.773895	58.354801	58.007057	58.028118	58.163757	57.728619	57.777267	57.998211	57.838352	57.618046	57.459229	58.087517	57.31559	57.847195	58.071083	57.303162	57.378143	57.405735	58.026432	57.181423	57.662479	57.635315	57.443649	58.021175	57.466602	57.491673	57.376244	57.319809	57.968723	57.886589	57.065582	57.557594	57.560966	57.515049	56.930576	57.463867	56.947422	57.236183	57.771797	56.938583	57.139927	57.682705	57.089172	57.59824	57.244186	57.262516	57.222073	57.641209	57.560116	57.141399	57.571705	57.45734	56.878967	57.009552	56.997131	56.71006	56.932674
1140	58.577984	58.511806	58.250546	58.282845	57.815445	58.400791	58.065468	58.066589	58.212559	57.795174	57.837658	58.053684	57.88855	57.685078	57.525963	58.143593	57.384918	57.91523	58.130219	57.346733	57.435291	57.461761	58.092709	57.238422	57.718407	57.670506	57.499516	58.062649	57.523369	57.544357	57.442329	57.379181	58.034248	57.952465	57.113152	57.616943	57.624275	57.561676	56.979721	57.528584	57.001453	57.297909	57.803417	56.974781	57.218945	57.732574	57.14954	57.664371	57.292973	57.32909	57.285847	57.683327	57.607544	57.203537	57.629013	57.503216	56.938259	57.073246	57.049953	56.772053	57.006634
1141	58.62677	58.596474	58.305687	58.323021	57.856621	58.446388	58.123375	58.104717	58.260941	57.86116	57.897533	58.108669	57.938313	57.751537	57.592106	58.199192	57.453651	57.982677	58.188839	57.389915	57.49194	57.517319	58.158409	57.294922	57.773842	57.705383	57.554905	58.103764	57.579643	57.596581	57.507862	57.438046	58.099209	58.017776	57.160305	57.675785	57.687031	57.607903	57.028431	57.592743	57.055019	57.359104	57.83477	57.01067	57.297291	57.782024	57.209389	57.729923	57.341339	57.395096	57.349068	57.725067	57.65456	57.265137	57.685818	57.548702	56.997036	57.136391	57.102322	56.833519	57.079948
1142	58.671482	58.652794	58.363789	58.380901	57.900208	58.486855	58.175827	58.152245	58.309746	57.904686	57.954247	58.159584	57.986958	57.805664	57.636841	58.247917	57.516445	58.022816	58.231918	57.452129	57.567333	57.574947	58.201893	57.351822	57.817024	57.758915	57.598347	58.142262	57.626587	57.642162	57.558071	57.493759	58.135391	58.056416	57.208794	57.734455	57.72229	57.65617	57.087975	57.633507	57.125984	57.41523	57.879948	57.074158	57.365162	57.833237	57.275719	57.783855	57.384117	57.443958	57.412548	57.766079	57.707535	57.315807	57.726486	57.597649	57.051956	57.196762	57.152073	56.888676	57.139164
1143	58.713894	58.695324	58.42281	58.446651	57.944572	58.524567	58.225285	58.203812	58.35836	57.937286	58.009022	58.208168	58.034687	57.85355	57.671135	58.293003	57.575935	58.049793	58.267338	57.522781	57.650948	57.633091	58.234566	57.408447	57.854092	57.820786	57.635818	58.179222	57.66877	57.684242	57.600681	57.547535	58.157738	58.082191	57.257534	57.792568	57.744312	57.704998	57.152134	57.662945	57.204563	57.468521	57.931282	57.150139	57.427563	57.884861	57.344555	57.83189	57.42392	57.48436	57.475628	57.806404	57.762897	57.360928	57.759239	57.647842	57.104618	57.255352	57.200188	56.940414	57.191269
1144	58.755779	58.73732	58.481087	58.511585	57.988377	58.561813	58.274113	58.254726	58.406361	57.969475	58.063103	58.256149	58.081806	57.900833	57.705002	58.337528	57.634674	58.076416	58.302307	57.592537	57.733494	57.690502	58.266823	57.464363	57.89069	57.881882	57.672821	58.215725	57.710415	57.725792	57.642757	57.600624	58.179802	58.107643	57.305653	57.849945	57.766056	57.753216	57.215481	57.692001	57.28215	57.521141	57.98196	57.225151	57.489182	57.935829	57.412521	57.879311	57.463223	57.524254	57.537914	57.846207	57.817547	57.405491	57.79158	57.697384	57.156609	57.31319	57.247692	56.991493	57.242722
CHECKSUM
†